window_start,bin,common_support_strata,event_coverage,reference_coverage,event_record_count,reference_record_count,weight_vector_hash,schema_era,timestamp_validity
2021-08-29,B1,42,0.927536231884058,0.7540983606557377,276,244,2826894662211b0e65d88c0ac39f0cc19139c5dbdd2a7e97a84e2f16137ef7e4,numeric,FROZEN_TIMECREATE_AGGREGATE_PASS
2021-08-29,B2,31,0.900593471810089,0.6119402985074627,674,335,69ac24d93ac854f9ee971045699422ace9b0e370a34406af7f038f3dc4863518,numeric,FROZEN_TIMECREATE_AGGREGATE_PASS
2021-08-29,B3,27,0.7475728155339806,0.5051546391752577,206,291,e0ac160b77a2503b153558c726ada31c30c84f6cdb4a7d13309826d66a2dce30,numeric,FROZEN_TIMECREATE_AGGREGATE_PASS
2021-08-29,B4,58,0.9191919191919192,0.815242494226328,495,433,aca27a115f9f59d06d8c5e3e1a7f41f738d47b6838a4762963a260fb861f01ed,numeric,FROZEN_TIMECREATE_AGGREGATE_PASS
2021-08-29,B5,45,0.7661016949152543,0.8379310344827586,295,290,fca0c92b190881389365f474b32d835155646e420828b6d7d0e1920b54a332f8,numeric,FROZEN_TIMECREATE_AGGREGATE_PASS
2021-08-29,B6,60,0.8728448275862069,0.8123515439429929,464,421,898579515773acaf3e899a114baee7b65552159814ea52963798ded81fe50396,numeric,FROZEN_TIMECREATE_AGGREGATE_PASS
2021-08-29,B7,40,0.8456591639871383,0.8022388059701493,311,268,a976977eb15426a6804849a50369d4c08ad8c53ac63a86a4fdb687d09ce05918,numeric,FROZEN_TIMECREATE_AGGREGATE_PASS
2021-08-29,B8,56,0.8512931034482759,0.8364116094986808,464,379,258f7d781a7133b40ed7af91b1a86480b9f6df47ef8d6e89483792798ffb5237,numeric,FROZEN_TIMECREATE_AGGREGATE_PASS
2021-08-29,B9,39,0.8291666666666667,0.8117647058823529,240,255,54823a5fed4f909574166ec1e0fd8acd6bc93889151408cdca7eb917d480cc14,numeric,FROZEN_TIMECREATE_AGGREGATE_PASS
2021-08-29,B10,53,0.8344370860927153,0.8509615384615384,453,416,fb4097d8c0023068c48864f38dbdb00f028ed68193ff4c6de13f5527e6e4b31d,numeric,FROZEN_TIMECREATE_AGGREGATE_PASS
2020-01-12,B1,55,0.914364640883978,0.9044943820224719,362,356,1d331cac08b366767bea93f2190c519bfb395faa7f2275286a71c22ffbcfc695,numeric,FROZEN_TIMECREATE_AGGREGATE_PASS
2020-01-12,B2,68,0.9241071428571429,0.9081196581196581,448,468,6988cdf5291efe7917f65b941a72959b08711f693b4e367c7240854a94ffee85,numeric,FROZEN_TIMECREATE_AGGREGATE_PASS
2020-01-12,B3,48,0.8724035608308606,0.8808139534883721,337,344,fa0f1c8b57ee5607c0f7d60db78b70bb1c78993c1c9e62089ec017bdc3243ca7,numeric,FROZEN_TIMECREATE_AGGREGATE_PASS
2020-01-12,B4,66,0.9197207678883071,0.9295774647887324,573,497,b9cc6b55ce4fb36495d1504add23873466bbcf97872ab2cb3a9fae1593d1066b,numeric,FROZEN_TIMECREATE_AGGREGATE_PASS
2020-01-12,B5,61,0.8951406649616368,0.7777777777777778,391,414,1f1f9c097f507484c011844334f1afe1a259f58e42d919a97b96439b33be37cc,numeric,FROZEN_TIMECREATE_AGGREGATE_PASS
2020-01-12,B6,73,0.937037037037037,0.952,540,500,f0a6dd9160d8f0f09f1f257f4031dd9fee80bea6a6c6ff2416e41d2ac7d53226,numeric,FROZEN_TIMECREATE_AGGREGATE_PASS
2020-01-12,B7,58,0.8935483870967742,0.9239766081871345,310,342,430516270b485a27f7adba2849702b03c65682e253da22025b06c7ebf6d1e958,numeric,FROZEN_TIMECREATE_AGGREGATE_PASS
2020-01-12,B8,70,0.9376181474480151,0.9446808510638298,529,470,20dcea91c23be2e1e02ffbfedc16b73be4d826a083212b8c6aeb7d73f0081710,numeric,FROZEN_TIMECREATE_AGGREGATE_PASS
2020-01-12,B9,55,0.9086161879895561,0.8994708994708994,383,378,4405fdace69721814921fe99a0ff315b24a8af63e5358ae34fcf197f707c0d0c,numeric,FROZEN_TIMECREATE_AGGREGATE_PASS
2020-01-12,B10,68,0.9372693726937269,0.9318181818181818,542,572,18e9137ca2d05623e426ccdda76991fe9e97f4a220f02d1be18244f1a8bb7190,numeric,FROZEN_TIMECREATE_AGGREGATE_PASS
2020-01-26,B1,49,0.9325842696629213,0.9169054441260746,356,349,faaec92cd6dddac289a5a7bff93c6dedf6826854d524c0f922ef04c0dd36b151,numeric,FROZEN_TIMECREATE_AGGREGATE_PASS
2020-01-26,B2,68,0.9451697127937336,0.9399585921325052,383,483,07c7881e8985187ba235a55948138ad7537f0f2467f9ad3871577dfe1b6ae42d,numeric,FROZEN_TIMECREATE_AGGREGATE_PASS
2020-01-26,B3,54,0.9132791327913279,0.9349112426035503,369,338,462495e397038e2948a1d60f0af63f5f60279c07c3bf689bdb61daca226a9dba,numeric,FROZEN_TIMECREATE_AGGREGATE_PASS
2020-01-26,B4,66,0.9369565217391305,0.923963133640553,460,434,5fed5201e4b796a110d444f348984e9bfce8d9015125d858deea0488aedd24b6,numeric,FROZEN_TIMECREATE_AGGREGATE_PASS
2020-01-26,B5,55,0.9451219512195121,0.9337349397590361,328,332,d19fc434a8cbaeea7e1791f6e1e4e8f8ecb32b57edda9b406ab69cf0468f37c5,numeric,FROZEN_TIMECREATE_AGGREGATE_PASS
2020-01-26,B6,67,0.9241516966067864,0.9477911646586346,501,498,9fe8e9dbaad19a65a5e02a64678cb15280f20f2fd77dad8834fa21144e61a393,numeric,FROZEN_TIMECREATE_AGGREGATE_PASS
2020-01-26,B7,56,0.889487870619946,0.9072847682119205,371,302,3b80d6ec594a200b1afc48f3460191dea00281b95c35b23bcc97fd74f8b06de0,numeric,FROZEN_TIMECREATE_AGGREGATE_PASS
2020-01-26,B8,73,0.9453441295546559,0.9621052631578947,494,475,658884ea25d7c0dfae94ada594ca164482f7af0b86ad209de3494ce68b090487,numeric,FROZEN_TIMECREATE_AGGREGATE_PASS
2020-01-26,B9,52,0.9084967320261438,0.9074074074074074,306,324,bae2a0d58172fec240f9ae92786f3e34d0ecfdbcbd5ebcbc1dffc0c8f6f2a736,numeric,FROZEN_TIMECREATE_AGGREGATE_PASS
2020-01-26,B10,70,0.9636711281070746,0.9484536082474226,523,485,94b79865284f5417c183344d4c92375969bb28d71dc42fc77676ae0ce3590fcc,numeric,FROZEN_TIMECREATE_AGGREGATE_PASS
2020-02-02,B1,54,0.875,0.949438202247191,312,356,9deb4cf6901dbd50a210384688d32b80038b756d2d7002abcd93c71afc05afa2,numeric,FROZEN_TIMECREATE_AGGREGATE_PASS
2020-02-02,B2,65,0.9387755102040817,0.9399477806788512,490,383,32403f967e1d936d0bc89dd3c7631c0a5e21ea642d269439956df29a720cc47c,numeric,FROZEN_TIMECREATE_AGGREGATE_PASS
2020-02-02,B3,52,0.9139240506329114,0.9159891598915989,395,369,41f9d9dc33882b90ef2cfd8714a9444e52ba6c87080957a73cd2ffc3d8e304c8,numeric,FROZEN_TIMECREATE_AGGREGATE_PASS
2020-02-02,B4,69,0.9431192660550459,0.9630434782608696,545,460,ec6bae2331beb231311b58b2198f352a6fdef379e0edeaa898d7fed99411b523,numeric,FROZEN_TIMECREATE_AGGREGATE_PASS
2020-02-02,B5,51,0.9234449760765551,0.899390243902439,418,328,9b0b0071bc54ce281c01b7dc77ec2f5b676bed3ff02166d59caca61c6b0094c8,numeric,FROZEN_TIMECREATE_AGGREGATE_PASS
2020-02-02,B6,70,0.9509632224168126,0.9500998003992016,571,501,07c44c289c38ef62898bd97a2097289d54569ebc4f16f6436c2d76ca1b6f5911,numeric,FROZEN_TIMECREATE_AGGREGATE_PASS
2020-02-02,B7,58,0.9294117647058824,0.8975741239892183,340,371,2df11a046c18994bd0e68a8ceb01624686019b46bbe41cc62d1621162321cf15,numeric,FROZEN_TIMECREATE_AGGREGATE_PASS
2020-02-02,B8,70,0.9656565656565657,0.9331983805668016,495,494,674d86263212fa43e147b79584194ecff63eb08b878463fe002fb976cf9050c6,numeric,FROZEN_TIMECREATE_AGGREGATE_PASS
2020-02-02,B9,52,0.9295774647887324,0.9379084967320261,355,306,aba02fcbf9951f82fc594eabe5e38c26c59149658738c2d131cdc6247c223121,numeric,FROZEN_TIMECREATE_AGGREGATE_PASS
2020-02-02,B10,70,0.9282700421940928,0.9598470363288719,474,523,36ef06bbc112b08c4f7b39c6b9d05eab13b28e83ed463fa43b360495c4b90d88,numeric,FROZEN_TIMECREATE_AGGREGATE_PASS
2020-02-09,B1,60,0.9123711340206185,0.9166666666666666,388,312,5a57ee3893774a884a1e62c42b36415ebe46943668803d648b5f878e8f929e8e,numeric,FROZEN_TIMECREATE_AGGREGATE_PASS
2020-02-09,B2,68,0.94106463878327,0.9489795918367347,526,490,c1b6b7adde164f1ca38b5b52872e50be60623a879ce682a4ab2b6ac38b451eda,numeric,FROZEN_TIMECREATE_AGGREGATE_PASS
2020-02-09,B3,54,0.90633608815427,0.9012658227848102,363,395,d7c2f41e4ce687d8767321cf4a9b1232f09e5ce528776c8f4b050f4ce5f700db,numeric,FROZEN_TIMECREATE_AGGREGATE_PASS
2020-02-09,B4,73,0.9641434262948207,0.9486238532110092,502,545,e41c80dd8b24f5567dd712f781dcb9c96361a7fda1356866b2538099e01a0232,numeric,FROZEN_TIMECREATE_AGGREGATE_PASS
2020-02-09,B5,48,0.883419689119171,0.9114832535885168,386,418,ec5f3c1cf3f36654ec018f2430ae9449f531de9624830504a198963639932f87,numeric,FROZEN_TIMECREATE_AGGREGATE_PASS
2020-02-09,B6,70,0.9317738791423001,0.9422066549912435,513,571,f4df49b30011278d70b156a2d1b900dfa098c09363e00db1fad262e208d415f1,numeric,FROZEN_TIMECREATE_AGGREGATE_PASS
2020-02-09,B7,47,0.9295392953929539,0.8676470588235294,369,340,5b78bf294cca12d02a1b3e7d187061316e3b3a1c906197b6932744d593f4f7f3,numeric,FROZEN_TIMECREATE_AGGREGATE_PASS
2020-02-09,B8,64,0.9215291750503019,0.9454545454545454,497,495,00de15578fe7d3a5cfc8db1ef04e46ca2f9e678383c0205946ca0e0f599f635f,numeric,FROZEN_TIMECREATE_AGGREGATE_PASS
2020-02-09,B9,53,0.8863636363636364,0.9380281690140845,308,355,8942d3a35293b05367ab15c6308522596c4be2a8237e8a5ad083a7fc03af953e,numeric,FROZEN_TIMECREATE_AGGREGATE_PASS
2020-02-09,B10,70,0.9427480916030534,0.9135021097046413,524,474,a85f6d6f6b1ad229063f7101fc43db8d7be615af2037a82a5e04407dc10501f3,numeric,FROZEN_TIMECREATE_AGGREGATE_PASS
2020-02-16,B1,57,0.9148264984227129,0.884020618556701,317,388,71fda214dae6111de7ca0e318d3a39653210e2ef9b3c0227bd372d25b8549244,numeric,FROZEN_TIMECREATE_AGGREGATE_PASS
2020-02-16,B2,68,0.9200913242009132,0.9372623574144486,438,526,751af648a07347544c05a05d8182431c3747965f466a8a61c0f8713fd3237e8b,numeric,FROZEN_TIMECREATE_AGGREGATE_PASS
2020-02-16,B3,51,0.8762541806020067,0.9118457300275482,299,363,2b397b062229da63884014e501e17dd98501551c65aa131010980edeb7d35c0a,numeric,FROZEN_TIMECREATE_AGGREGATE_PASS
2020-02-16,B4,65,0.9213483146067416,0.8884462151394422,445,502,14af3e7f38a70edfde38f8de934cf35019ee9d4234476084de2e3ba2ba307c3b,numeric,FROZEN_TIMECREATE_AGGREGATE_PASS
2020-02-16,B5,57,0.9046321525885559,0.9145077720207254,367,386,3c24aac4d7cea8d1900e7470f59a7565d29955b0c6972d11ac6ba23c6c5c88bf,numeric,FROZEN_TIMECREATE_AGGREGATE_PASS
2020-02-16,B6,76,0.9445506692160612,0.9571150097465887,523,513,8c85bf49f43eee6392d49e9d8d6d5b54c3b45b1384c1eee842cd3f559dc3e557,numeric,FROZEN_TIMECREATE_AGGREGATE_PASS
2020-02-16,B7,52,0.8885793871866295,0.9566395663956639,359,369,98203d93727495e21890ea7f88c5fbdbbc78caaf6aed2fad6bce5f192d9e478c,numeric,FROZEN_TIMECREATE_AGGREGATE_PASS
2020-02-16,B8,76,0.9239130434782609,0.9537223340040242,552,497,9680a4422b1dc04d4a2814c4c4ed20e1ad7db3f68d0ab2807c702024effd0e68,numeric,FROZEN_TIMECREATE_AGGREGATE_PASS
2020-02-16,B9,57,0.9397260273972603,0.9253246753246753,365,308,935df5cbda7f5949994f87d11a98618e5202788e055b53b49e1b1cbce3385a96,numeric,FROZEN_TIMECREATE_AGGREGATE_PASS
2020-02-16,B10,70,0.9372384937238494,0.9370229007633588,478,524,bfa387d7377e6f1da6b5ba318eec8b46f2af6f4bb0e31d8ffa814c7474bfb85c,numeric,FROZEN_TIMECREATE_AGGREGATE_PASS
2020-03-01,B1,54,0.896969696969697,0.8429906542056075,330,535,f9d1f6d14521284fe0d25811019bbf99c452ae843cb9835e7165e4215b4e4939,numeric,FROZEN_TIMECREATE_AGGREGATE_PASS
2020-03-01,B2,75,0.9372197309417041,0.94,446,650,301aff3f69e180ee99219aedab4e052d69718b39b475f69e9a4341219e748923,numeric,FROZEN_TIMECREATE_AGGREGATE_PASS
2020-03-01,B3,60,0.8783783783783784,0.9142857142857143,370,420,930b5fd6e46fd53e348c775ca3789c47debb6a94317ac650437338906a136d3b,numeric,FROZEN_TIMECREATE_AGGREGATE_PASS
2020-03-01,B4,73,0.9356846473029046,0.9337748344370861,482,604,7691f891318539ecf47bfca1943e1032ecbf4de0280fed316f9f2e4851ad68bf,numeric,FROZEN_TIMECREATE_AGGREGATE_PASS
2020-03-01,B5,57,0.8958990536277602,0.8387909319899244,317,397,c4082a5fbe8383907e421af6a7c7f27932912968fc9bad0e8ed805fd437b17e9,numeric,FROZEN_TIMECREATE_AGGREGATE_PASS
2020-03-01,B6,69,0.9501133786848073,0.8945908460471568,441,721,a294005525acf3ef8d517bb6f26760b55632ef2d367a5eb4dc47858c68627afe,numeric,FROZEN_TIMECREATE_AGGREGATE_PASS
2020-03-01,B7,55,0.924924924924925,0.8663594470046083,333,434,ab5c68d00cb0bf52a26d86b401a0133d4053290879f49a8cdf7509af55e583d1,numeric,FROZEN_TIMECREATE_AGGREGATE_PASS
2020-03-01,B8,71,0.9320388349514563,0.9012345679012346,515,567,c6753f2b270c4e83db04bea62e3a8c102177c66b3b6f8eb97e797f2af527c3e7,numeric,FROZEN_TIMECREATE_AGGREGATE_PASS
2020-03-01,B9,50,0.916923076923077,0.8614958448753463,325,361,8c2fb5d1e5ddd02dc86dc7decd4a72bb19c9fc3e5f6efc808ec3fa359fa97f0c,numeric,FROZEN_TIMECREATE_AGGREGATE_PASS
2020-03-01,B10,70,0.9154411764705882,0.9497206703910615,544,537,93b91d64a08f4932a0385378e840428f5a3fc306e3319a97d3dfb951c4f5afc8,numeric,FROZEN_TIMECREATE_AGGREGATE_PASS
2020-03-08,B1,49,0.8812949640287769,0.8606060606060606,278,330,6aa9bcc232004837b47f66d20549209112b56b00fa3ef67dc88e4cd130cf2d09,numeric,FROZEN_TIMECREATE_AGGREGATE_PASS
2020-03-08,B2,74,0.9596602972399151,0.9349775784753364,471,446,2958f83a51521735c326080a541bc9de6f43fa5ce62dc521a5c765be40b3fe2c,numeric,FROZEN_TIMECREATE_AGGREGATE_PASS
2020-03-08,B3,60,0.8768768768768769,0.8945945945945946,333,370,e9ef96a130f5ba12a09ece87f35b4a410c2e05dda768551122226d5384a77e59,numeric,FROZEN_TIMECREATE_AGGREGATE_PASS
2020-03-08,B4,77,0.9247104247104247,0.9356846473029046,518,482,835f1c1ec4ba8f1b0d57e62ebdac48ddb9109c3cf294119514aef4e56241760a,numeric,FROZEN_TIMECREATE_AGGREGATE_PASS
2020-03-08,B5,56,0.8866279069767442,0.8958990536277602,344,317,23c4ebb1a0d37b9c5dbd4146b2f00b23934197469d9f380bc3dbdd25738ca1b1,numeric,FROZEN_TIMECREATE_AGGREGATE_PASS
2020-03-08,B6,64,0.8995433789954338,0.9160997732426304,438,441,553172b51d7638d38e5a5e87ee403219eeaf35cb80232d5ebc101c8ef8bc8bd6,numeric,FROZEN_TIMECREATE_AGGREGATE_PASS
2020-03-08,B7,52,0.89171974522293,0.9279279279279279,314,333,cf92f3d79d75e8442e129122aa80351a06efdb1177d71ab7f3b74591614b6cbb,numeric,FROZEN_TIMECREATE_AGGREGATE_PASS
2020-03-08,B8,67,0.9308300395256917,0.9106796116504854,506,515,76b80c7f06c7eee0a8cec8b029b01953f0eb62d006d0b3de8def25f1967bb169,numeric,FROZEN_TIMECREATE_AGGREGATE_PASS
2020-03-08,B9,56,0.8760806916426513,0.9415384615384615,347,325,83f25650d786f76f4f94ac546ad008a9588e001c9b28489cb618ffebe492615f,numeric,FROZEN_TIMECREATE_AGGREGATE_PASS
2020-03-08,B10,72,0.9317269076305221,0.9246323529411765,498,544,3fb65546f11b77f8b52daa1a5708b1d99f2ebe1fd30f915d8a63bc231b3c2161,numeric,FROZEN_TIMECREATE_AGGREGATE_PASS
2020-03-15,B1,49,0.8524590163934426,0.8705035971223022,305,278,46d095dd6341bbc3f0b184ac76f21d568c12a95b8d35fc04f041a5a143e698ec,numeric,FROZEN_TIMECREATE_AGGREGATE_PASS
2020-03-15,B2,73,0.9408033826638478,0.9617834394904459,473,471,824be3293a86bcb88da8f327995bbba2393ba76d2ff6540ebaec15f5b9a4a98f,numeric,FROZEN_TIMECREATE_AGGREGATE_PASS
2020-03-15,B3,62,0.9019607843137255,0.9039039039039038,306,333,4aabffcfff45dc1f04fc1b642386d45806411a0e8107cf074e824d3c0c884897,numeric,FROZEN_TIMECREATE_AGGREGATE_PASS
2020-03-15,B4,74,0.9211045364891519,0.9305019305019305,507,518,371788a9a4b477db1d5f0ca9c6b5d7ce11f56bffdc20423e107be812d73fff5b,numeric,FROZEN_TIMECREATE_AGGREGATE_PASS
2020-03-15,B5,48,0.8754325259515571,0.8459302325581395,289,344,b961477e6df7125f5f6a6e1aea96c9cf1b403a7fa31bc9e19449ff2abb493ea9,numeric,FROZEN_TIMECREATE_AGGREGATE_PASS
2020-03-15,B6,67,0.9270588235294117,0.9429223744292238,425,438,8494ad113cff20da440f4b4d69149e70fb061091ba08437f9a76fc0b149e270e,numeric,FROZEN_TIMECREATE_AGGREGATE_PASS
2020-03-15,B7,51,0.935374149659864,0.8789808917197452,294,314,081f2a4e8fde532740aac7e130089b1dffa449e108496668786837a6188c123c,numeric,FROZEN_TIMECREATE_AGGREGATE_PASS
2020-03-15,B8,73,0.9576837416481069,0.9367588932806324,449,506,d2431f295a55a5e80a805924455c2718f55f61ff161b628ace3cea1c04206a8b,numeric,FROZEN_TIMECREATE_AGGREGATE_PASS
2020-03-15,B9,55,0.9103448275862069,0.8847262247838616,290,347,d35e7a851ea98de8491ab95370509342016aa6a9abf785f80761e62a6c885e0c,numeric,FROZEN_TIMECREATE_AGGREGATE_PASS
2020-03-15,B10,68,0.9642147117296223,0.891566265060241,503,498,97db7da0d0c34a9bfd7293701dd291bb97b9bbcc12a82f5fe63bff984314cf6e,numeric,FROZEN_TIMECREATE_AGGREGATE_PASS
2020-03-22,B1,43,0.8342245989304813,0.7475409836065574,187,305,38c30f7110f7fee6fe96296e5770c130b4c0f460e816ed842c74878801f7efa7,numeric,FROZEN_TIMECREATE_AGGREGATE_PASS
2020-03-22,B2,66,0.8489702517162472,0.9133192389006343,437,473,706563fe9b3cb5a36f536a74d7f8788bbdb270c7de245911b4ee71f0b6c80255,numeric,FROZEN_TIMECREATE_AGGREGATE_PASS
2020-03-22,B3,54,0.9026548672566371,0.8725490196078431,339,306,6666ef8cc612954cdb06efc890ff8de660167dad90afe7d4eee27a6c81cb42bd,numeric,FROZEN_TIMECREATE_AGGREGATE_PASS
2020-03-22,B4,68,0.8615751789976134,0.893491124260355,419,507,20eca9fac9f8150ea92d6ed4a3a76ccb18919475ff0fea4a276c9fd7bd70412c,numeric,FROZEN_TIMECREATE_AGGREGATE_PASS
2020-03-22,B5,44,0.8652173913043478,0.8235294117647058,230,289,43b391d80a62c9d7f7361653dcd089b25da08a3f7f65a35c5afaec9eae618e16,numeric,FROZEN_TIMECREATE_AGGREGATE_PASS
2020-03-22,B6,66,0.8609112709832134,0.9294117647058824,417,425,80cd8db90ad841bf6a2050b11b4bf81f6e9b37aea6143769f1f77011a5cd0136,numeric,FROZEN_TIMECREATE_AGGREGATE_PASS
2020-03-22,B7,35,0.8223350253807107,0.7721088435374149,197,294,3852b9d71f8a022a072943143a3f464701d095b3a375fb639b1bef077c7d6e23,numeric,FROZEN_TIMECREATE_AGGREGATE_PASS
2020-03-22,B8,66,0.8896713615023474,0.9242761692650334,426,449,97642d40c69ad2974735a4ad0d881d8b0a20fc87a1a4c361cdfb4fcefb9c1103,numeric,FROZEN_TIMECREATE_AGGREGATE_PASS
2020-03-22,B9,43,0.9061224489795918,0.8310344827586207,245,290,b1b7261b2a7001abc14f02c91809c933cc20d713c9c6263929b1f13cae177686,numeric,FROZEN_TIMECREATE_AGGREGATE_PASS
2020-03-22,B10,64,0.8671023965141612,0.94831013916501,459,503,6e963312d251812b545a907040f2080e42776eecc8bc276b9538c93c5140defa,numeric,FROZEN_TIMECREATE_AGGREGATE_PASS
2020-03-29,B1,44,0.875,0.9197860962566845,288,187,b6e8aa12507fde6882328f60b39c6ecfc45cc73aa17e3fbe3489fe890e92bcbf,numeric,FROZEN_TIMECREATE_AGGREGATE_PASS
2020-03-29,B2,65,0.937888198757764,0.954233409610984,483,437,692abd088ac73a983ae4c3e4d2160965a1c2878679693f3a6dbfbc237e1be16c,numeric,FROZEN_TIMECREATE_AGGREGATE_PASS
2020-03-29,B3,46,0.8793103448275862,0.8967551622418879,290,339,375ec08e829a51ee8544019da9e71abeff3c1ea6cd2c21358559faab0c926885,numeric,FROZEN_TIMECREATE_AGGREGATE_PASS
2020-03-29,B4,61,0.9197080291970803,0.9260143198090692,411,419,7faf9085d408f5a11797b86b1c791c46469312b15e8d1913a321774ebcdde917,numeric,FROZEN_TIMECREATE_AGGREGATE_PASS
2020-03-29,B5,46,0.825,0.9260869565217391,320,230,f62b271381c2af9de7040d7def654923845b6381ceb7b7d94429841b3fd16d96,numeric,FROZEN_TIMECREATE_AGGREGATE_PASS
2020-03-29,B6,62,0.9532293986636972,0.9016786570743405,449,417,5583254a96a9a4ce0857edef24bc548b226657142731c7d504165d79ca5929e3,numeric,FROZEN_TIMECREATE_AGGREGATE_PASS
2020-03-29,B7,37,0.7592592592592593,0.883248730964467,270,197,d2a572c91f8c48c18ba640a2fde14c300f1f31d582443e07859eee70a67863ea,numeric,FROZEN_TIMECREATE_AGGREGATE_PASS
2020-03-29,B8,57,0.9104803493449781,0.892018779342723,458,426,99862952328c2184453ccfa37a8e7cabb1e01acf93c31f45e68cb24688842b23,numeric,FROZEN_TIMECREATE_AGGREGATE_PASS
2020-03-29,B9,43,0.8801169590643275,0.8938775510204081,342,245,cd276f763480a0cd31f499f4c605dcf32dc39700110685122852db4b7c6ae0bd,numeric,FROZEN_TIMECREATE_AGGREGATE_PASS
2020-03-29,B10,59,0.920997920997921,0.934640522875817,481,459,3e0407a385b7f83c949d9a10bde935cf7e0e60015c7fbe61f27140a3f5ba4e39,numeric,FROZEN_TIMECREATE_AGGREGATE_PASS
2020-04-05,B1,45,0.8610169491525423,0.8923611111111112,295,288,870077f5fcc5f1920c278e497c8212cf50d324a336aa00069227f7f0a282b880,numeric,FROZEN_TIMECREATE_AGGREGATE_PASS
2020-04-05,B2,63,0.9466357308584686,0.937888198757764,431,483,9d53191d4aa3ff27ea7d4b82d942ce1c5df89388671283b45d99304857d9ba81,numeric,FROZEN_TIMECREATE_AGGREGATE_PASS
2020-04-05,B3,48,0.9006849315068494,0.8862068965517241,292,290,b6732a73e966d9c107d1101073f6d9c98fad0be74cb8bfbb81f985cf498c1e17,numeric,FROZEN_TIMECREATE_AGGREGATE_PASS
2020-04-05,B4,59,0.9299363057324841,0.9294403892944039,471,411,36e6b69ca73831189cddd0d1e0d545901d57f143fc6ac610924abeff9d5e6f31,numeric,FROZEN_TIMECREATE_AGGREGATE_PASS
2020-04-05,B5,42,0.9166666666666666,0.834375,288,320,29c8e48797ce70c3f3413519dcab9db41603f5c3b3896abb8cd82d96d690a96f,numeric,FROZEN_TIMECREATE_AGGREGATE_PASS
2020-04-05,B6,57,0.9181818181818182,0.9443207126948775,440,449,b1fa7ccd39183758dcbdf87ce604f1343ccaddb38a2349e5ed7a9b9dc0ce9a72,numeric,FROZEN_TIMECREATE_AGGREGATE_PASS
2020-04-05,B7,48,0.8821548821548821,0.8888888888888888,297,270,94f95e83da3931afb4d12965d357ef7fb7ee4a6ae99372da56636b308422e0ea,numeric,FROZEN_TIMECREATE_AGGREGATE_PASS
2020-04-05,B8,60,0.9234042553191489,0.9475982532751092,470,458,96c5fdbd67f67def163f5579f1619f53174c306654c672eb303ed8ceaf8520fd,numeric,FROZEN_TIMECREATE_AGGREGATE_PASS
2020-04-05,B9,49,0.9066666666666666,0.9210526315789473,300,342,907627234ae919bdd076d14e1e00cefa590c734bbc6785b454ea401ecce89f7c,numeric,FROZEN_TIMECREATE_AGGREGATE_PASS
2020-04-05,B10,60,0.9023861171366594,0.9147609147609148,461,481,3a3bc69263723c0099723e562daa506bd049f66db281661f2aa2e34ae5da5855,numeric,FROZEN_TIMECREATE_AGGREGATE_PASS
2020-04-19,B1,52,0.9041666666666667,0.9225352112676056,240,284,55ab304e4a3eb039a8e4f9669f9b933958bab16a1257ffc7b20772c408b1a4a1,numeric,FROZEN_TIMECREATE_AGGREGATE_PASS
2020-04-19,B2,61,0.921875,0.9465648854961832,384,393,5dbbd9691682f6489a47582c764e578246bde2bac24d0535a7844423f3d133dd,numeric,FROZEN_TIMECREATE_AGGREGATE_PASS
2020-04-19,B3,47,0.8865546218487395,0.9208333333333333,238,240,d346f5e8db05573a299f4e2a9c5d68eac7fdfc1a98c9c1c948e6202df5908967,numeric,FROZEN_TIMECREATE_AGGREGATE_PASS
2020-04-19,B4,65,0.9287410926365796,0.9237668161434978,421,446,b60a3120944d23e72035dae6e76f3c033ef1dfb77d1628c7b77a1e1e744e908c,numeric,FROZEN_TIMECREATE_AGGREGATE_PASS
2020-04-19,B5,52,0.8980392156862745,0.9298892988929889,255,271,296fec146ced238b499e6cd62b12abbd4a4513bf34ee85bf0889bb41f6a70d2c,numeric,FROZEN_TIMECREATE_AGGREGATE_PASS
2020-04-19,B6,62,0.9316770186335404,0.936768149882904,483,427,3d6da3d4fda89f457c6b7e93ab64db50f30103921050f5bf5158c7ff5a341ee7,numeric,FROZEN_TIMECREATE_AGGREGATE_PASS
2020-04-19,B7,42,0.9298245614035088,0.8759124087591241,228,274,47d770426148c984eb1147af3b3d22403a084c8d9fafc35fd2fd67dd5eb46150,numeric,FROZEN_TIMECREATE_AGGREGATE_PASS
2020-04-19,B8,64,0.9228971962616822,0.9022222222222223,428,450,28adc73d95ceb275b1fdec0215b3f2aadc3fdf0603375ae888d8d3a1000aa152,numeric,FROZEN_TIMECREATE_AGGREGATE_PASS
2020-04-19,B9,41,0.8704453441295547,0.8315789473684211,247,285,a3d7dcac7d6461d54c5c426b45e52d313cc1887b68ca6c0000ed7d101c80a7cf,numeric,FROZEN_TIMECREATE_AGGREGATE_PASS
2020-04-19,B10,66,0.9402173913043478,0.9296703296703297,368,455,e20a1b5b5868c7deec42f4370eb4016a88b1e90d20eb71b285306753cee64bb3,numeric,FROZEN_TIMECREATE_AGGREGATE_PASS
2020-04-26,B1,52,0.9083665338645418,0.8791666666666667,251,240,fee5f82fafc3db3ef82ccf08506a5029f9dff5032df61b6b107e806ad12e640a,numeric,FROZEN_TIMECREATE_AGGREGATE_PASS
2020-04-26,B2,69,0.9360189573459715,0.9557291666666666,422,384,8baf4c5155ecd1029529c5eb82d56496f02e4e64222fe8c68cf01e0e44da8e0c,numeric,FROZEN_TIMECREATE_AGGREGATE_PASS
2020-04-26,B3,46,0.8603603603603603,0.8991596638655462,222,238,d96722fda9704efb343015613d83e0163d8bec0b7772e6c9af6197d05aa6388b,numeric,FROZEN_TIMECREATE_AGGREGATE_PASS
2020-04-26,B4,62,0.930622009569378,0.9239904988123515,418,421,3be99df4443618cfaf7bb40688f3f37c068cb94402b18967846a6c3686c0e1a8,numeric,FROZEN_TIMECREATE_AGGREGATE_PASS
2020-04-26,B5,52,0.8588709677419355,0.9098039215686274,248,255,bcfe78149d2f9159f40bc46651ccec8a4b9bc715ef350969e55e9bd1b75dc6ff,numeric,FROZEN_TIMECREATE_AGGREGATE_PASS
2020-04-26,B6,63,0.9239130434782609,0.8985507246376812,368,483,b099c7d6948e9a10b69e688a4b0883b445129cf35ff34e1a796fedb8192d8dcd,numeric,FROZEN_TIMECREATE_AGGREGATE_PASS
2020-04-26,B7,39,0.8526785714285714,0.8728070175438597,224,228,9511f0ee13f4f226f29544ed4dc72df6f518150d5b27e655b4ea6b43442ba40c,numeric,FROZEN_TIMECREATE_AGGREGATE_PASS
2020-04-26,B8,61,0.9113300492610837,0.9018691588785047,406,428,ac079760572469cab306077e18f12929b0e7ca33a164fe3f28415de914e6738b,numeric,FROZEN_TIMECREATE_AGGREGATE_PASS
2020-04-26,B9,43,0.8108108108108109,0.8502024291497976,259,247,30a6ff43940e3ac42a0536688bc78afb06d3b9fcbd1ca7484110130f3c1c50a8,numeric,FROZEN_TIMECREATE_AGGREGATE_PASS
2020-04-26,B10,66,0.9013761467889908,0.9483695652173914,436,368,a4929a48929757c042012e282bc5fdb22172d1e9f341dcc9f56f320d99ea56aa,numeric,FROZEN_TIMECREATE_AGGREGATE_PASS
2020-05-03,B1,46,0.9107142857142857,0.7689243027888446,224,251,c84aebe3b3688671e7106b61fab9b620b698594d7434f13b75c4d782337a810e,numeric,FROZEN_TIMECREATE_AGGREGATE_PASS
2020-05-03,B2,63,0.9489795918367347,0.8957345971563981,392,422,f7ec646e7d651180129fd7cecbe6e59e7138ff77970be053f2dbe4b1fe1a3c9a,numeric,FROZEN_TIMECREATE_AGGREGATE_PASS
2020-05-03,B3,49,0.9431137724550899,0.9054054054054054,334,222,4684fc0f11c6bf621244616a6a934fbb1c4c59c04765629b2ed44353039ea393,numeric,FROZEN_TIMECREATE_AGGREGATE_PASS
2020-05-03,B4,59,0.928395061728395,0.9090909090909091,405,418,b36d83837b7923b88399420046f90fe4a91851f1a4c75967e3e8cc2a65bbbf78,numeric,FROZEN_TIMECREATE_AGGREGATE_PASS
2020-05-03,B5,46,0.921875,0.8588709677419355,256,248,3db6f8a0b5cb5ba85f340a8c2f4e6025b5ba6bbef37087af425b2122179648d7,numeric,FROZEN_TIMECREATE_AGGREGATE_PASS
2020-05-03,B6,66,0.9407744874715261,0.9402173913043478,439,368,91ea2973ec470b754de867a13a83387a47c44f33849896b75a746254127ea3a0,numeric,FROZEN_TIMECREATE_AGGREGATE_PASS
2020-05-03,B7,45,0.871244635193133,0.8303571428571429,233,224,eab8168f9e65dcdbf608e497714cb19c88bf9fe2b5f04cf193beace37c42d9c7,numeric,FROZEN_TIMECREATE_AGGREGATE_PASS
2020-05-03,B8,62,0.9280397022332506,0.9113300492610837,403,406,6adf58ab99fc3c779388a8d838f75744f03c5c40dadd8b399a843d719752aa52,numeric,FROZEN_TIMECREATE_AGGREGATE_PASS
2020-05-03,B9,50,0.8828828828828829,0.888030888030888,222,259,f9a481fddeb7d679e1c150d20d1a7b36390e260665804aac445939079bed37bd,numeric,FROZEN_TIMECREATE_AGGREGATE_PASS
2020-05-03,B10,66,0.9413265306122449,0.926605504587156,392,436,107541af3d4414b1b51645244f0db9116927853e805ff4612e676a86ee5b69fc,numeric,FROZEN_TIMECREATE_AGGREGATE_PASS
2020-05-10,B1,46,0.8547008547008547,0.9196428571428571,234,224,63d41db591a8778e52b34153f7807a6b625dc4608e0f99cebaa3f681e9877cd5,numeric,FROZEN_TIMECREATE_AGGREGATE_PASS
2020-05-10,B2,59,0.9016018306636155,0.9005102040816326,437,392,02c16bf53e2d3901be744ed1ecbd96ac291249e27b44975e0dda53b127d6adde,numeric,FROZEN_TIMECREATE_AGGREGATE_PASS
2020-05-10,B3,45,0.8704453441295547,0.937125748502994,247,334,8fca0d0b8ea660cd432550d2914472a6d55eaeb7f94ce696899ff83bd499467e,numeric,FROZEN_TIMECREATE_AGGREGATE_PASS
2020-05-10,B4,67,0.8962765957446809,0.945679012345679,376,405,6e2bc732540fa86a5a5bb2b5f286b6aa012a2ba1b2fee534f35814347f413321,numeric,FROZEN_TIMECREATE_AGGREGATE_PASS
2020-05-10,B5,42,0.849802371541502,0.91015625,253,256,a36020e18170f0d879f2aa1a4049938367dda9ace205da9f8352a9c900235850,numeric,FROZEN_TIMECREATE_AGGREGATE_PASS
2020-05-10,B6,63,0.9434889434889435,0.9453302961275627,407,439,1b0dc65be4c1cce6e2eadadd9255245f3f3a9d2afc77bb357d33c14870036817,numeric,FROZEN_TIMECREATE_AGGREGATE_PASS
2020-05-10,B7,49,0.8303571428571429,0.8755364806866953,224,233,7b85fbb6237b63c66029c74897154aadd2be034015f430c0f48916a008d43993,numeric,FROZEN_TIMECREATE_AGGREGATE_PASS
2020-05-10,B8,68,0.9212410501193318,0.9528535980148883,419,403,032bbaf73ff8248188de89a3fd73ed361ed28dcd255ee1080e41c2e8526b8c8e,numeric,FROZEN_TIMECREATE_AGGREGATE_PASS
2020-05-10,B9,53,0.8936170212765957,0.9054054054054054,282,222,0da5c2fdb8fb72fcd1c0a97d432c596b2e42aa72c32b1c0709c1335a80e57dc7,numeric,FROZEN_TIMECREATE_AGGREGATE_PASS
2020-05-10,B10,64,0.9283819628647215,0.9285714285714286,377,392,a2ef76ec9eaf65420368a88f4d9f314d0a1109b8c456040b490b07af7ed2ff25,numeric,FROZEN_TIMECREATE_AGGREGATE_PASS
2020-05-17,B1,43,0.8761061946902655,0.8675213675213675,226,234,6d551872bf32d5d64e8346b812b1d98e7fe1ae07ca5e20bcb102d46f1f02135b,numeric,FROZEN_TIMECREATE_AGGREGATE_PASS
2020-05-17,B2,54,0.9123287671232877,0.8558352402745996,365,437,1cec490c4e9d3ab14102600ed3366b31dd4167441f5363169691bebc9297d3aa,numeric,FROZEN_TIMECREATE_AGGREGATE_PASS
2020-05-17,B3,42,0.8188405797101449,0.8502024291497976,276,247,cd29bb881b9c9d2efd0f36825accd227d1ffa92b5be80045bf744dc13688e464,numeric,FROZEN_TIMECREATE_AGGREGATE_PASS
2020-05-17,B4,75,0.9293139293139293,0.949468085106383,481,376,27f1ad2c6ebd7c201faa124014d64c4ee8296e79fd5f4a0e484fdabb8d84f66f,numeric,FROZEN_TIMECREATE_AGGREGATE_PASS
2020-05-17,B5,42,0.8788819875776398,0.83399209486166,322,253,5bf17b6944257a5ef52a5cc39c0fc87663e963ad1b2608bd38e7e8913c1382dd,numeric,FROZEN_TIMECREATE_AGGREGATE_PASS
2020-05-17,B6,71,0.9359504132231405,0.9656019656019657,484,407,d9dbfbf4d333fecab3f0095713d7dba0f3bd3e88734f97f4a57dbdbeca4ce8cd,numeric,FROZEN_TIMECREATE_AGGREGATE_PASS
2020-05-17,B7,45,0.8909774436090225,0.8616071428571429,266,224,dd1e1d1ce65769bd80d9331bb0d42c9c6ca2e3812550a3b9a18b466c697c44ea,numeric,FROZEN_TIMECREATE_AGGREGATE_PASS
2020-05-17,B8,72,0.9421686746987952,0.9093078758949881,415,419,7369cfd20a8227e0b69aa88ff5ada70d2b33d75df4af9834e0e4e411e0a79988,numeric,FROZEN_TIMECREATE_AGGREGATE_PASS
2020-05-17,B9,50,0.9336099585062241,0.8085106382978723,241,282,2796f281d77b9856438475e72a101c9573f1571682b29eece6a41f4bb8854a95,numeric,FROZEN_TIMECREATE_AGGREGATE_PASS
2020-05-17,B10,62,0.9219512195121952,0.9018567639257294,410,377,57c1bded2313cab08f9b489a569b618e09175ba689b3200375f14abef66b4411,numeric,FROZEN_TIMECREATE_AGGREGATE_PASS
2020-05-31,B1,43,0.8194444444444444,0.8468085106382979,216,235,717513226ecada10bc094216cf4e72d60c8c8d366ca696909a3abf341e9d3808,numeric,FROZEN_TIMECREATE_AGGREGATE_PASS
2020-05-31,B2,61,0.9349397590361446,0.92,415,425,7117c563045cd8a962d7b1f1de578ab37d87e9abc932cef902e99435fc5ca023,numeric,FROZEN_TIMECREATE_AGGREGATE_PASS
2020-05-31,B3,45,0.8724137931034482,0.9074074074074074,290,270,047cebd09996d33ce96088271334dbb09947084e38e3ad63aa781315b5dae369,numeric,FROZEN_TIMECREATE_AGGREGATE_PASS
2020-05-31,B4,64,0.8877805486284289,0.9168765743073047,401,397,167a1e9961d0e455b36ed5e6f19f59e83e2bb2c1ff0e789561df5fb8105471ef,numeric,FROZEN_TIMECREATE_AGGREGATE_PASS
2020-05-31,B5,44,0.8446969696969697,0.8237704918032787,264,244,2aae19a683bd24846b163bf674bc68f82a1143854fcfc4fe25a88cb374af17ac,numeric,FROZEN_TIMECREATE_AGGREGATE_PASS
2020-05-31,B6,57,0.8779342723004695,0.9184210526315789,426,380,e6446b3fc729c49e58e4b65046600ddc0bb282524088e4698d8c4ed86657d5c6,numeric,FROZEN_TIMECREATE_AGGREGATE_PASS
2020-05-31,B7,44,0.8532818532818532,0.8680555555555556,259,288,27c24e0aee6d804ae5deec6d1ea398e92d794aed091c7ad4bf740f0d123a2d96,numeric,FROZEN_TIMECREATE_AGGREGATE_PASS
2020-05-31,B8,68,0.922077922077922,0.852803738317757,385,428,e18eeb831271038e9f6e3471c43de910c1966126eedaf13bee67c27b7d4f6cb7,numeric,FROZEN_TIMECREATE_AGGREGATE_PASS
2020-05-31,B9,50,0.8663793103448276,0.8377192982456141,232,228,85f7ca8077615b126ce64cbd56be18be5c1c4b3e5dcdd5ef64f7cb17bf680432,numeric,FROZEN_TIMECREATE_AGGREGATE_PASS
2020-05-31,B10,66,0.9333333333333333,0.9090909090909091,435,429,32aabcfb1f306abd009e68c841f91b735769f120664df5cad71cb1491bf9e0d7,numeric,FROZEN_TIMECREATE_AGGREGATE_PASS
2020-06-07,B1,45,0.8262411347517731,0.8518518518518519,282,216,e878109b0e9578fa16a587b64282c7f8b427cca95167ab6737e7c9ece3902466,numeric,FROZEN_TIMECREATE_AGGREGATE_PASS
2020-06-07,B2,58,0.8759124087591241,0.9301204819277108,411,415,66e9e5865cfaabc2aaeb9b4b879907d522943cd3f85bc3d67723bb0e6cb1bbd4,numeric,FROZEN_TIMECREATE_AGGREGATE_PASS
2020-06-07,B3,47,0.8356643356643356,0.8793103448275862,286,290,be4bde1d69e2024f784f0313a72cca031f055d2c75147310609995a746982ffb,numeric,FROZEN_TIMECREATE_AGGREGATE_PASS
2020-06-07,B4,65,0.9380530973451328,0.8952618453865336,339,401,8df1ffc81acfc62e140b4e19f6509eda40bc5e9b524591bf23aa65a005b7309c,numeric,FROZEN_TIMECREATE_AGGREGATE_PASS
2020-06-07,B5,44,0.8080357142857143,0.8787878787878788,224,264,fca68c5d01e32c899fa6448bc933765cb58c65b78f3575b889ca451815bd3a60,numeric,FROZEN_TIMECREATE_AGGREGATE_PASS
2020-06-07,B6,63,0.9184782608695652,0.9272300469483568,368,426,2a4f04b0a8f5168cacbe4b6a28bf91bdff2e2b254b33d5e0f896dd2b9d6cb22e,numeric,FROZEN_TIMECREATE_AGGREGATE_PASS
2020-06-07,B7,51,0.5373134328358209,0.915057915057915,469,259,e67c72b4fff4a4bab1ed562f86af8004579ff9af9939ea68d1d0b486cc70fbb5,numeric,FROZEN_TIMECREATE_AGGREGATE_PASS
2020-06-07,B8,65,0.8700696055684455,0.8909090909090909,431,385,c54eb205829fb6ec9252aff438ef6f4e09bb059910a4a19068b45c6d1d0ee080,numeric,FROZEN_TIMECREATE_AGGREGATE_PASS
2020-06-07,B9,53,0.9039301310043668,0.8793103448275862,229,232,78c3681194bac4a8f197ff62d3a001bc7ada8717b681d6f9d97d434ebb3da863,numeric,FROZEN_TIMECREATE_AGGREGATE_PASS
2020-06-07,B10,73,0.9362244897959183,0.9471264367816092,392,435,91bdf2340c99b5d7434ed2bc6f32ccb6670f1c25b08108beb6bc8541b00ee1a4,numeric,FROZEN_TIMECREATE_AGGREGATE_PASS
2020-06-14,B1,51,0.8623188405797102,0.8581560283687943,276,282,0395eb51d593bdeb0affe65d3c452b5af77842746597c203146d60a4021ea377,numeric,FROZEN_TIMECREATE_AGGREGATE_PASS
2020-06-14,B2,66,0.927027027027027,0.8905109489051095,370,411,6fefaaf534f1399bb919eebe02ba307059e2d4aed9e7d65b4a533657a93b4802,numeric,FROZEN_TIMECREATE_AGGREGATE_PASS
2020-06-14,B3,50,0.8391608391608392,0.8776223776223776,286,286,407fe89ae977688f051e03c34d7d08d33dced92ad65dfe9f7dc12d93ad8dddb8,numeric,FROZEN_TIMECREATE_AGGREGATE_PASS
2020-06-14,B4,64,0.9019607843137255,0.9203539823008849,459,339,893ba3cb728facd48ae58f9ca4e722a263fd3208aa0ecd22b4e2c2ee4cf63c1d,numeric,FROZEN_TIMECREATE_AGGREGATE_PASS
2020-06-14,B5,48,0.8876811594202898,0.90625,276,224,3677ff1e3fceb0938477029313f7d836e8f0138eb9133d057929c73f3828c641,numeric,FROZEN_TIMECREATE_AGGREGATE_PASS
2020-06-14,B6,67,0.9363207547169812,0.9456521739130435,424,368,32e176ebf723f5cf3f55316272838e42061f304cabcab0867edc88eaf23f5aed,numeric,FROZEN_TIMECREATE_AGGREGATE_PASS
2020-06-14,B7,53,0.905511811023622,0.5245202558635395,254,469,ca8d74a65cec3523b50a3eabf396a3600cfe00eef65b895bf183b995344918d4,numeric,FROZEN_TIMECREATE_AGGREGATE_PASS
2020-06-14,B8,68,0.910941475826972,0.9164733178654292,393,431,711728c2fe1fe2a0811e7e6fba4d2dc076d851b159df2964f3abb93d6b5e556d,numeric,FROZEN_TIMECREATE_AGGREGATE_PASS
2020-06-14,B9,48,0.911864406779661,0.8558951965065502,295,229,5ba134ba14102ca9c51704057ed020ea6885c46443862108672c49120ad9e9f4,numeric,FROZEN_TIMECREATE_AGGREGATE_PASS
2020-06-14,B10,62,0.9002375296912114,0.875,421,392,571132873f5ba59c4e9305dd23392035da0851c27d9e3296db14e97a836b9c27,numeric,FROZEN_TIMECREATE_AGGREGATE_PASS
2020-06-21,B1,51,0.8992537313432836,0.8586956521739131,268,276,13cea7daf94d27a064138b80f0e59f4fe256c4b544b757a6a52b3b87b873ae37,numeric,FROZEN_TIMECREATE_AGGREGATE_PASS
2020-06-21,B2,65,0.866822429906542,0.9216216216216216,428,370,459ff453be6c6bcc0425dbf8a81423ed28b46d03d7d36b9b1e789b82431076a6,numeric,FROZEN_TIMECREATE_AGGREGATE_PASS
2020-06-21,B3,50,0.91015625,0.8531468531468531,256,286,30a6c023bc651d120a9f88fa7ef46e861952f401c96c98ba5af42166a05b7871,numeric,FROZEN_TIMECREATE_AGGREGATE_PASS
2020-06-21,B4,67,0.9073634204275535,0.9193899782135077,421,459,4e279c941d6caf17f048c67537a4c3e5e59383a019994de5968a7ad123871caf,numeric,FROZEN_TIMECREATE_AGGREGATE_PASS
2020-06-21,B5,48,0.9117647058823529,0.855072463768116,272,276,eef6d057627744f2f48a7a1e05ffd1f4988a9c7fa2612c4078e897766630419f,numeric,FROZEN_TIMECREATE_AGGREGATE_PASS
2020-06-21,B6,65,0.9348370927318296,0.9292452830188679,399,424,97ff697eeb5007a00e09c15c8ef330f76bb2c5b1de7b268819028316fa18e06e,numeric,FROZEN_TIMECREATE_AGGREGATE_PASS
2020-06-21,B7,50,0.8657243816254417,0.8858267716535433,283,254,fedf99106769e0f0bc9ed7c7df285f58fb67e9ce5f01dec0415646909f23b221,numeric,FROZEN_TIMECREATE_AGGREGATE_PASS
2020-06-21,B8,69,0.9253393665158371,0.9134860050890585,442,393,faeb21a5cf0b4509bd639e5e8a0d288fdf33728741326d00c542e8259b63e3e8,numeric,FROZEN_TIMECREATE_AGGREGATE_PASS
2020-06-21,B9,50,0.8273809523809523,0.9084745762711864,336,295,22230dec1bb957ed62e6d18b464df50db33a9ddeca6e67c9cb39fd27df2f2d89,numeric,FROZEN_TIMECREATE_AGGREGATE_PASS
2020-06-21,B10,64,0.8405172413793104,0.9263657957244655,464,421,a8c9ab02073297c8d5176ba65b76a5a716400ce9f7135ae99907cb5c62a5067b,numeric,FROZEN_TIMECREATE_AGGREGATE_PASS
2020-06-28,B1,47,0.8832684824902723,0.8656716417910447,257,268,012cc8d2e586cd1f7c36f020e52cb506dc85a209a45db65044b7412e55b60944,numeric,FROZEN_TIMECREATE_AGGREGATE_PASS
2020-06-28,B2,63,0.936768149882904,0.9018691588785047,427,428,1a81e50549d2eb8c00f625cfe4e6b8023c494d5be195cbe2e5b828e355e1a3ff,numeric,FROZEN_TIMECREATE_AGGREGATE_PASS
2020-06-28,B3,50,0.8491620111731844,0.921875,358,256,f44287f9b8a9817abd37152320cf71b4f3547129891ad4253c13e60b372f5a29,numeric,FROZEN_TIMECREATE_AGGREGATE_PASS
2020-06-28,B4,67,0.9079497907949791,0.9121140142517815,478,421,19516493dc6e0b6d22ed94e0fe65eec39480bd883500673c27e1d39f557a418d,numeric,FROZEN_TIMECREATE_AGGREGATE_PASS
2020-06-28,B5,48,0.7940298507462686,0.9191176470588235,335,272,5ba10e37d3b3bd45ad62152d070165cf0a69d5072fb048eb5bc2413c4454f6a7,numeric,FROZEN_TIMECREATE_AGGREGATE_PASS
2020-06-28,B6,67,0.9316628701594533,0.9573934837092731,439,399,f0a0a22f0ac4076b9710dcd1782f6df4bfdca47867900fc4b1e2bf69e83f8758,numeric,FROZEN_TIMECREATE_AGGREGATE_PASS
2020-06-28,B7,51,0.8783783783783784,0.8904593639575972,296,283,b81b80920d9798027f33eb38cdc127850e8a45452fbd83ce4222fd68a0362e88,numeric,FROZEN_TIMECREATE_AGGREGATE_PASS
2020-06-28,B8,72,0.897489539748954,0.9411764705882353,478,442,1488508ac66126fff8bc5dadf825b69df2361aee667e6b00bf862acfa8de0cfe,numeric,FROZEN_TIMECREATE_AGGREGATE_PASS
2020-06-28,B9,51,0.9011406844106464,0.8571428571428571,263,336,686fbf1cdbdb25015047483f5d50e5a2d321342763363ff28eafe5074e3e4118,numeric,FROZEN_TIMECREATE_AGGREGATE_PASS
2020-06-28,B10,70,0.9200913242009132,0.9267241379310345,438,464,1cba1d89281026e353b7cd5797754a746545a4985004033337c7ef2572df44cc,numeric,FROZEN_TIMECREATE_AGGREGATE_PASS
2020-07-05,B1,52,0.8994252873563219,0.9299610894941635,348,257,13d0adf93d7d108651f8ba840161077754657efedf6b15dca484931245686511,numeric,FROZEN_TIMECREATE_AGGREGATE_PASS
2020-07-05,B2,64,0.9215686274509803,0.927400468384075,459,427,4fcf025f821494d3e81091770e8aa56e4787cc19ed90cbd17c82ae9d56dbfee0,numeric,FROZEN_TIMECREATE_AGGREGATE_PASS
2020-07-05,B3,55,0.8864468864468864,0.8743016759776536,273,358,aa61b51cb29433b01ba1be8b91c54b3e17140d4a1ca80d80401c2417074d2f5b,numeric,FROZEN_TIMECREATE_AGGREGATE_PASS
2020-07-05,B4,72,0.9191176470588235,0.9267782426778243,408,478,97d414cff3f13f05f4b67a21d7b6bdcb1b0937970fc556ff220284b8b8fa2aae,numeric,FROZEN_TIMECREATE_AGGREGATE_PASS
2020-07-05,B5,46,0.8555555555555555,0.7701492537313432,270,335,f6b5a67dced71f2b8404db31b4e478da5eea280383cfc31fb7fd6fd0a06cbde7,numeric,FROZEN_TIMECREATE_AGGREGATE_PASS
2020-07-05,B6,67,0.9200968523002422,0.9316628701594533,413,439,4798492ec962445ed294f2f4be40e805aae6b600fa1d3fa1da1edefa48e69242,numeric,FROZEN_TIMECREATE_AGGREGATE_PASS
2020-07-05,B7,52,0.9060773480662984,0.8851351351351351,362,296,beda607e3de50828d3f345d071aa476e872c46a0a7ad6287ad39019b421c5436,numeric,FROZEN_TIMECREATE_AGGREGATE_PASS
2020-07-05,B8,79,0.9671052631578947,0.9225941422594143,456,478,1ddb68702da8a4f315c6828f0082cf67bdaa26f7b1bbea55787f240ec9afd19e,numeric,FROZEN_TIMECREATE_AGGREGATE_PASS
2020-07-05,B9,52,0.9201388888888888,0.9049429657794676,288,263,81477e0b3fc81aa574576969589b397434322fe21457fbfbef8437b4d81d894d,numeric,FROZEN_TIMECREATE_AGGREGATE_PASS
2020-07-05,B10,70,0.8875739644970414,0.958904109589041,507,438,ab6b5c39ec449b37127443d16f35beb7c584fe1af6182933efa8e088268047f6,numeric,FROZEN_TIMECREATE_AGGREGATE_PASS
2020-07-12,B1,53,0.9262295081967213,0.7701149425287356,244,348,0ed8b46bbad6967922b371d7d638bf8afbfca457f49052a395e7d6ef484c3368,numeric,FROZEN_TIMECREATE_AGGREGATE_PASS
2020-07-12,B2,65,0.929471032745592,0.9259259259259259,397,459,5b600f2b374575788c0ee4ee3e3bde982628dd3dd70a0eca78bb99049e36e910,numeric,FROZEN_TIMECREATE_AGGREGATE_PASS
2020-07-12,B3,50,0.9176029962546817,0.8461538461538461,267,273,d3ceefdfa81c81f70363c1a9f92cb2cd9ec546469f6822189f83f70d6ec91020,numeric,FROZEN_TIMECREATE_AGGREGATE_PASS
2020-07-12,B4,71,0.9343544857768052,0.928921568627451,457,408,07b59764f1a99f6d9437df981e83614e633641e1e0e9dfe8ea20a1f38f192308,numeric,FROZEN_TIMECREATE_AGGREGATE_PASS
2020-07-12,B5,52,0.8459016393442623,0.8925925925925926,305,270,c26b49400be9fed1ce6b50f613ca3753e3d2c6ea42786ebc5be7ec39ab0b6d96,numeric,FROZEN_TIMECREATE_AGGREGATE_PASS
2020-07-12,B6,69,0.919661733615222,0.937046004842615,473,413,454c80f030eb0800d3f20556b9bdbc166e2b0e77f691f4a24ef28a1b0155ab12,numeric,FROZEN_TIMECREATE_AGGREGATE_PASS
2020-07-12,B7,48,0.8571428571428571,0.861878453038674,266,362,c18caa0b2dbb4f84c4ba93fca33b5590c35d0dc1054635aeb0a0bf16bb1baee0,numeric,FROZEN_TIMECREATE_AGGREGATE_PASS
2020-07-12,B8,74,0.9142857142857143,0.9254385964912281,455,456,19e065e7b135c63ef156a29c0ade28f7a1c2eb4680da2e1743b350768c1dbb63,numeric,FROZEN_TIMECREATE_AGGREGATE_PASS
2020-07-12,B9,49,0.8560885608856088,0.8819444444444444,271,288,af0a33800043116beddb8eaed87ad49cf51bff65ff0b5232b20696a9286012b6,numeric,FROZEN_TIMECREATE_AGGREGATE_PASS
2020-07-12,B10,74,0.95,0.8974358974358975,360,507,7e98e1f9234c713ff155d27ced53fc567140143a00c35ab3310612121b2783f4,numeric,FROZEN_TIMECREATE_AGGREGATE_PASS
2020-07-19,B1,51,0.75390625,0.9180327868852459,256,244,028331c553925f3fd68aa2bef61ec3c78d19d25179e2aa509ba5c5eddcfdc068,numeric,FROZEN_TIMECREATE_AGGREGATE_PASS
2020-07-19,B2,66,0.9363867684478372,0.947103274559194,393,397,f91bcab9afddb0cdfd0f962cd9f04e2ca4b3499629e1f9a302f9d37894466dad,numeric,FROZEN_TIMECREATE_AGGREGATE_PASS
2020-07-19,B3,43,0.8264840182648402,0.8314606741573034,219,267,96e42ad1e64d5145e4728a45a34f0ed74dff96f8f18e803ce593da1d1660ff21,numeric,FROZEN_TIMECREATE_AGGREGATE_PASS
2020-07-19,B4,71,0.9297297297297298,0.9168490153172867,370,457,2b1b4d407cd48d9065b1ee583038967cd96fe634eb4d5729d6e4de96b500d7fd,numeric,FROZEN_TIMECREATE_AGGREGATE_PASS
2020-07-19,B5,52,0.88,0.7836065573770492,275,305,4b1a48c66d89af9f62b86a7a2c52b5513bcdfe09b5b8da1084ba196f595385b0,numeric,FROZEN_TIMECREATE_AGGREGATE_PASS
2020-07-19,B6,67,0.9313984168865436,0.8921775898520085,379,473,1a54fcf6a464aa84bf40a92ee0baaf840bb1e3993663390f3d0a7c891a87e33c,numeric,FROZEN_TIMECREATE_AGGREGATE_PASS
2020-07-19,B7,45,0.8347107438016529,0.8045112781954887,242,266,c082f60386e7f244d075bf4013a710d226870a924c473ab0f4a79fe4b8a8268a,numeric,FROZEN_TIMECREATE_AGGREGATE_PASS
2020-07-19,B8,68,0.9147465437788018,0.8681318681318682,434,455,bb7077ec75775bdc64c5a8214a06748a333efd6b9655030f11186dc96424453b,numeric,FROZEN_TIMECREATE_AGGREGATE_PASS
2020-07-19,B9,52,0.8842105263157894,0.8560885608856088,285,271,1f81c3ea917e1dbf222c2449310a78811ea2a7c162b68466c362e91704e7bbb9,numeric,FROZEN_TIMECREATE_AGGREGATE_PASS
2020-07-19,B10,69,0.9079903147699758,0.8972222222222223,413,360,8bb8721e3d9e577dbac7342876c0fa92f073638c46efa9caa5bfa78c5cca6fab,numeric,FROZEN_TIMECREATE_AGGREGATE_PASS
2020-07-26,B1,54,0.9108527131782945,0.8828125,258,256,803b903ea18c55f0eebc1be07b1d6b5efafd37f27836fd75117d77c17b2b70ae,numeric,FROZEN_TIMECREATE_AGGREGATE_PASS
2020-07-26,B2,65,0.9018567639257294,0.916030534351145,377,393,a61fe73c9a24ce95cf709dd29a9af711413847c21911266c96bf9f8a1cc27d0c,numeric,FROZEN_TIMECREATE_AGGREGATE_PASS
2020-07-26,B3,42,0.8319327731092437,0.8310502283105022,238,219,dac7893a79f09bd43eb7fa71eb001770a0206e8c1b84765c375a3dd8c95a39e8,numeric,FROZEN_TIMECREATE_AGGREGATE_PASS
2020-07-26,B4,69,0.8968824940047961,0.9,417,370,2fa4bb6ef0d6c1688afb26c7bcdda720c1de9b5684524243f7553eb6980a543a,numeric,FROZEN_TIMECREATE_AGGREGATE_PASS
2020-07-26,B5,56,0.875,0.88,264,275,45d22ff51eae854014fa7c62002c4b9abe02776219400a84d347d8d3cb4c384c,numeric,FROZEN_TIMECREATE_AGGREGATE_PASS
2020-07-26,B6,67,0.9191919191919192,0.9287598944591029,396,379,553ae731ea462721bce4380ba5857b0aefe5779b8c44923b190a6643ea679e62,numeric,FROZEN_TIMECREATE_AGGREGATE_PASS
2020-07-26,B7,50,0.8134328358208955,0.8842975206611571,268,242,16d03b54f87238abad886fe28842150c10782adcd7bfce9d6f8959613d4150d5,numeric,FROZEN_TIMECREATE_AGGREGATE_PASS
2020-07-26,B8,66,0.9125560538116592,0.9124423963133641,446,434,b12f0aae7063dca96a8e06a4fba47836a8eeb6d9159fca4eece8d5b6307f90f7,numeric,FROZEN_TIMECREATE_AGGREGATE_PASS
2020-07-26,B9,54,0.9145907473309609,0.8947368421052632,281,285,83403341fe49576b3feddacf0a117d7c953d637e7e2926b2616969cec3fdfc1c,numeric,FROZEN_TIMECREATE_AGGREGATE_PASS
2020-07-26,B10,73,0.9322429906542056,0.9322033898305084,428,413,7e321d5ae47fb04fbc613a974799f94ee17e8a80d7a0577995ed1c6d1650ac1f,numeric,FROZEN_TIMECREATE_AGGREGATE_PASS
2020-08-02,B1,54,0.8935483870967742,0.9069767441860465,310,258,1326a5e3047ded50391dd969c957268e41affa48680282b95c2e7e2374421376,numeric,FROZEN_TIMECREATE_AGGREGATE_PASS
2020-08-02,B2,66,0.9329140461215933,0.9257294429708223,477,377,1cb951565869de8ef766e6520f4c57b8f477a6820216120bcac94fb2fe20d096,numeric,FROZEN_TIMECREATE_AGGREGATE_PASS
2020-08-02,B3,47,0.8726591760299626,0.819327731092437,267,238,af6f569c9570188e44a196e7ceae785c5ed41f6bcc1b308fc4e0ed41ff5db6ca,numeric,FROZEN_TIMECREATE_AGGREGATE_PASS
2020-08-02,B4,65,0.9521531100478469,0.8848920863309353,418,417,3fe0719ae02ac839e72b9ba45abebd8c837c08f373486470243a631e98398bd6,numeric,FROZEN_TIMECREATE_AGGREGATE_PASS
2020-08-02,B5,44,0.8393574297188755,0.8409090909090909,249,264,2360432ebaa1dbdba33e0a1558ea8fa23095e3a2b4344db9f859293cef3191e9,numeric,FROZEN_TIMECREATE_AGGREGATE_PASS
2020-08-02,B6,65,0.9285714285714286,0.8661616161616161,392,396,ad13b59f04f412c10c42534454d7136473c352e93468e894c178d8b1b4ed12d8,numeric,FROZEN_TIMECREATE_AGGREGATE_PASS
2020-08-02,B7,50,0.9011406844106464,0.8768656716417911,263,268,3142f8235048032246b8c3c798e7aaabd96cd27574d3faf3e876af855c94a697,numeric,FROZEN_TIMECREATE_AGGREGATE_PASS
2020-08-02,B8,70,0.9375,0.9394618834080718,432,446,fd60570e6db381d12da07bfe835807b79eaab0f242effd349598b7fe3951e59e,numeric,FROZEN_TIMECREATE_AGGREGATE_PASS
2020-08-02,B9,48,0.9276729559748428,0.8861209964412812,318,281,6db005e4e5e4921e5be1c677bedc96ac8a025351ea929a0795a2938c9ee27383,numeric,FROZEN_TIMECREATE_AGGREGATE_PASS
2020-08-02,B10,71,0.925531914893617,0.9182242990654206,470,428,7a38e78acb7b0b9a051572887a1e9cf37facf08d1981e34a37a2066226848895,numeric,FROZEN_TIMECREATE_AGGREGATE_PASS
2020-08-09,B1,52,0.8961937716262975,0.8161290322580645,289,310,d9328804ebd414e16cf79633e033430dff6974e610bed23d8d46f9b8c7ddc06f,numeric,FROZEN_TIMECREATE_AGGREGATE_PASS
2020-08-09,B2,63,0.9407407407407408,0.8930817610062893,405,477,8c9659ef609276708e718414265585ef2675807b89b375d72ebaf596e57fed20,numeric,FROZEN_TIMECREATE_AGGREGATE_PASS
2020-08-09,B3,52,0.8811881188118812,0.8876404494382022,303,267,7e5a0b784bd35424ffa0e964a3209f2a18282e1184c5cbcf99de9d00b9e88d2e,numeric,FROZEN_TIMECREATE_AGGREGATE_PASS
2020-08-09,B4,59,0.8939051918735892,0.9234449760765551,443,418,a1660970bd585cdbaac1b8c5e7e36795723d3eef2954f2af1d951e48b06434f3,numeric,FROZEN_TIMECREATE_AGGREGATE_PASS
2020-08-09,B5,47,0.9087837837837838,0.8674698795180723,296,249,6bd0d5f46d305dc9f562785d8bf565fe7d4b125467ba1a4d53f17f9d47bc6f86,numeric,FROZEN_TIMECREATE_AGGREGATE_PASS
2020-08-09,B6,65,0.8590021691973969,0.923469387755102,461,392,b554d82246eb6ac23de76337ce4ca05334cb85d07670350e378a07ba78fdfc59,numeric,FROZEN_TIMECREATE_AGGREGATE_PASS
2020-08-09,B7,53,0.8727272727272727,0.8973384030418251,275,263,6303f1f312d1df29032bf6ba1a89feade442082a111687e519d70c563c61bbcb,numeric,FROZEN_TIMECREATE_AGGREGATE_PASS
2020-08-09,B8,69,0.9318181818181818,0.9236111111111112,440,432,e5b57f7946a4191980f9b4109dc7fb1066350ce59e48b5d84b15a4cc954a6b57,numeric,FROZEN_TIMECREATE_AGGREGATE_PASS
2020-08-09,B9,47,0.8801498127340824,0.9213836477987422,267,318,9f084a927bcf0849cf0ec78f2471cc755608de756e3a152e0d0f57da26f54b44,numeric,FROZEN_TIMECREATE_AGGREGATE_PASS
2020-08-09,B10,66,0.9540229885057471,0.9063829787234042,435,470,f30d744507ac5195592b011f2aa6c5a1053a08214138503045d2f1f0056e640f,numeric,FROZEN_TIMECREATE_AGGREGATE_PASS
2020-08-16,B1,47,0.8237547892720306,0.8373702422145328,261,289,fe44b83c17d3afaff27aeb420d1d60b6df2207e9a3afe55b6957fb763363caa6,numeric,FROZEN_TIMECREATE_AGGREGATE_PASS
2020-08-16,B2,59,0.8945147679324894,0.9135802469135802,474,405,3a8ccc51a40bbb13acc342f52cccccb3b6efb6b1ed9a2c7f8caf2e15d9e77eb3,numeric,FROZEN_TIMECREATE_AGGREGATE_PASS
2020-08-16,B3,53,0.8739130434782608,0.8877887788778878,230,303,9bca84f4db6466bae5190780325d76f347d491bb7e9adea4e5d7fa80f4b36c65,numeric,FROZEN_TIMECREATE_AGGREGATE_PASS
2020-08-16,B4,62,0.8954081632653061,0.9345372460496614,392,443,8e6fcd58f9ab997d6ea13e34c3e4c272cb559006e013190157040e158ae98101,numeric,FROZEN_TIMECREATE_AGGREGATE_PASS
2020-08-16,B5,47,0.8740458015267175,0.8986486486486487,262,296,81c2ad2bcd907fa95b536a2d7b0982949022f7ba0809fe82f2f53afe61febdc7,numeric,FROZEN_TIMECREATE_AGGREGATE_PASS
2020-08-16,B6,74,0.9066985645933014,0.9370932754880694,418,461,d63292eac0a622328b9c5829b6be048edeeac90c03fa8b46082899855a78c19f,numeric,FROZEN_TIMECREATE_AGGREGATE_PASS
2020-08-16,B7,53,0.9100719424460432,0.8254545454545454,278,275,8025e495007ab525362d14e65a6f6f547b9e53b4e1c06d2656762394b5c91feb,numeric,FROZEN_TIMECREATE_AGGREGATE_PASS
2020-08-16,B8,63,0.9129464285714286,0.9159090909090909,448,440,b07c1aa38adda3255d0fed3269b7ac6bbaf836b760ed32b9a9669842eb312ef7,numeric,FROZEN_TIMECREATE_AGGREGATE_PASS
2020-08-16,B9,46,0.8821548821548821,0.8838951310861424,297,267,de4611cffc75f9209afe53cd75305e96f61f4d24d31d4b8ddc288c9162dfb0e4,numeric,FROZEN_TIMECREATE_AGGREGATE_PASS
2020-08-16,B10,70,0.8857142857142857,0.9724137931034482,455,435,282885a280fd7c8c6b35c96f21579b4e5b653a04b1af4b3b3a45e63d948a9edc,numeric,FROZEN_TIMECREATE_AGGREGATE_PASS
2020-08-30,B1,50,0.7639484978540773,0.7942238267148014,233,277,19410b1bdf2f8f2b37b56ec6fe8359d46a36174a94f1149094b947e35bde68f9,numeric,FROZEN_TIMECREATE_AGGREGATE_PASS
2020-08-30,B2,69,0.8364116094986808,0.9411764705882353,379,408,cec8771dda8fc50c8727795f64222b1f878fca799da0d5fbbfbb96a0261914fd,numeric,FROZEN_TIMECREATE_AGGREGATE_PASS
2020-08-30,B3,48,0.8470149253731343,0.9007352941176471,268,272,2dc2ce240608d90f4ccca19b787c4a2539e98f330c5d34562c58bdbc30fed5d0,numeric,FROZEN_TIMECREATE_AGGREGATE_PASS
2020-08-30,B4,65,0.9004524886877828,0.9130434782608695,442,437,8936272d1b927b1a4b7a076eed30db66ca85158339a0bb0bf8820113445eb016,numeric,FROZEN_TIMECREATE_AGGREGATE_PASS
2020-08-30,B5,45,0.819327731092437,0.849624060150376,238,266,6d530d81fa11cd693f3c1807efa73bb299b070d7334d7572cad2a07717700282,numeric,FROZEN_TIMECREATE_AGGREGATE_PASS
2020-08-30,B6,68,0.954653937947494,0.9123222748815166,419,422,269b588edc360acb48ea5896189c9f4606c0c452923bb7c17d08e0dc7c01b322,numeric,FROZEN_TIMECREATE_AGGREGATE_PASS
2020-08-30,B7,50,0.8446969696969697,0.9083333333333333,264,240,fb5e4c67d14b4df375fa154113b9a3d11871d360725285c7704bc3a3155eeef6,numeric,FROZEN_TIMECREATE_AGGREGATE_PASS
2020-08-30,B8,59,0.8904428904428905,0.9,429,380,c0e09f8a41bffa8f49f493536554228f0fd6f826c71eb932c184e5f721aa753f,numeric,FROZEN_TIMECREATE_AGGREGATE_PASS
2020-08-30,B9,49,0.8741007194244604,0.8174904942965779,278,263,fa35323b6c61d61ce6ae9dc11723436ebc221b17084a46b4f217628b9faf327d,numeric,FROZEN_TIMECREATE_AGGREGATE_PASS
2020-08-30,B10,72,0.918918918918919,0.9458689458689459,444,351,c280e3b227d3a698b01e7da1efbb700e94322a92bb536216ecb450256345e60f,numeric,FROZEN_TIMECREATE_AGGREGATE_PASS
2020-09-13,B1,50,0.8769230769230769,0.8585858585858586,260,297,8eb309585fd38178dbfab49780b38a2874597ac9e5c553de78d10fe7d480536c,numeric,FROZEN_TIMECREATE_AGGREGATE_PASS
2020-09-13,B2,63,0.9379157427937915,0.9324675324675324,451,385,f8ad1f8180c9eca2716c1effb95784251c390734fab930448e202b77960a859e,numeric,FROZEN_TIMECREATE_AGGREGATE_PASS
2020-09-13,B3,43,0.8531746031746031,0.7318007662835249,252,261,b14f48cb447fe5dca00f6b724caf6aa7d3ae5edd5f992d46f28d8173b0c04f72,numeric,FROZEN_TIMECREATE_AGGREGATE_PASS
2020-09-13,B4,64,0.9083769633507853,0.8695652173913043,382,414,cebac61a3c153b3a27591d585b9e8955d196e3e4a205e0fc8b03d32d522e5e15,numeric,FROZEN_TIMECREATE_AGGREGATE_PASS
2020-09-13,B5,43,0.8744939271255061,0.8053435114503816,247,262,b813c576db3c1aa270196d50cb72f3c40cdc1148a86380f756b02f3f091b7407,numeric,FROZEN_TIMECREATE_AGGREGATE_PASS
2020-09-13,B6,65,0.9250720461095101,0.9066666666666666,347,450,4f2209a3ed524a16d82d2194a1d960d546aaa4aaa9785a341984bbd2fa69cf60,numeric,FROZEN_TIMECREATE_AGGREGATE_PASS
2020-09-13,B7,46,0.9053030303030303,0.8953068592057761,264,277,56a9a3fa44618bf34caa734c2459230ed76440f4ff1547b999b7e39ffee5530d,numeric,FROZEN_TIMECREATE_AGGREGATE_PASS
2020-09-13,B8,62,0.8536585365853658,0.9297297297297298,451,370,0647c3a28499db4efa1b7fbbfff000e4fdc75bfb9f9fe3b88240e86a8b35f142,numeric,FROZEN_TIMECREATE_AGGREGATE_PASS
2020-09-13,B9,49,0.8851351351351351,0.9065040650406504,296,246,15d55f356ffb95318a2eca888ed2c4583d82ccb70ba4acb61b41554b6519bb3d,numeric,FROZEN_TIMECREATE_AGGREGATE_PASS
2020-09-13,B10,59,0.8699763593380615,0.9069148936170213,423,376,bd85a3604714fe3a7471ab214f6b106c807f2ff61fb5f11ae4d2cf244969485c,numeric,FROZEN_TIMECREATE_AGGREGATE_PASS
2020-09-20,B1,49,0.8982456140350877,0.8730769230769231,285,260,0ff678549b6284d9c30bea484f282dde5fc97e1e3a40eb635c626b15e96477e7,numeric,FROZEN_TIMECREATE_AGGREGATE_PASS
2020-09-20,B2,62,0.9484029484029484,0.926829268292683,407,451,4f6c1e3f884b93cf1c3e0c07dbfc6b536783619cdb443aee3a889347d5d516be,numeric,FROZEN_TIMECREATE_AGGREGATE_PASS
2020-09-20,B3,45,0.8301886792452831,0.8809523809523809,265,252,1574a4e3e595cd7bdd8e34ea3e2cb56d7fb19294243098092c1d30979e9c4b2c,numeric,FROZEN_TIMECREATE_AGGREGATE_PASS
2020-09-20,B4,58,0.8844339622641509,0.8691099476439791,424,382,591e97542f7a4a7434ba621b1fcd6c122deade78aa65ae98c67023218053da7c,numeric,FROZEN_TIMECREATE_AGGREGATE_PASS
2020-09-20,B5,50,0.8866666666666667,0.9271255060728745,300,247,4b4fe4d00bbe501decfc5ad7896af4cdd8a711bca3cd155afac4f58e4226dd65,numeric,FROZEN_TIMECREATE_AGGREGATE_PASS
2020-09-20,B6,61,0.9086651053864169,0.8962536023054755,427,347,cfad4928e2e9121485232ba4f91ae8cc746dae7c2eef3e63089b4f4e29004446,numeric,FROZEN_TIMECREATE_AGGREGATE_PASS
2020-09-20,B7,41,0.8309352517985612,0.8636363636363636,278,264,feea3867422348e4f212fb20acb67d94ad5003ded383795e7971025111628b85,numeric,FROZEN_TIMECREATE_AGGREGATE_PASS
2020-09-20,B8,69,0.9427917620137299,0.9290465631929047,437,451,afb54d65989118b28cc1720eb45f4d42c430c30335a14ab3817c8819f01bdec6,numeric,FROZEN_TIMECREATE_AGGREGATE_PASS
2020-09-20,B9,47,0.8435114503816794,0.902027027027027,262,296,7edf647fd41f184c9eca281f3089feb0112059eaae9fd3d7ce7c9c9c86b7120d,numeric,FROZEN_TIMECREATE_AGGREGATE_PASS
2020-09-20,B10,72,0.9030732860520094,0.9598108747044918,423,423,3419aaed2bf2b9c1bb2eaf5f441ad2dbc98a54f50d4fe3d1b409a4869f6938b8,numeric,FROZEN_TIMECREATE_AGGREGATE_PASS
2020-09-27,B1,49,0.782608695652174,0.9192982456140351,299,285,8a2cb272023010d9c8bed015aa65cd9867f91999746d5f89469ea7652cff4456,numeric,FROZEN_TIMECREATE_AGGREGATE_PASS
2020-09-27,B2,67,0.891832229580574,0.9508599508599509,453,407,c69c785b9fea3767b8a95a2229f6c689361df523690a970033501c2783373187,numeric,FROZEN_TIMECREATE_AGGREGATE_PASS
2020-09-27,B3,54,0.8774834437086093,0.9320754716981132,302,265,3a6b53f56d47d6744b7ac952bfbe1bc38c1b34f34e1260ece6cf74f170956007,numeric,FROZEN_TIMECREATE_AGGREGATE_PASS
2020-09-27,B4,63,0.8920086393088553,0.9292452830188679,463,424,30bf8100275fdb37bb11c399a3d72afe01c09ef927507c67f3ce830dae985f3f,numeric,FROZEN_TIMECREATE_AGGREGATE_PASS
2020-09-27,B5,46,0.8966942148760331,0.8466666666666667,242,300,fc11b9ec676ecbe30e36a89c264ba43a440b36c70a76de7d244ece04a1a7919a,numeric,FROZEN_TIMECREATE_AGGREGATE_PASS
2020-09-27,B6,62,0.893569844789357,0.8875878220140515,451,427,32ccfe5a8edd74751119366ab0a9c9fe1631f18051eef0497f4efaaa476389bb,numeric,FROZEN_TIMECREATE_AGGREGATE_PASS
2020-09-27,B7,46,0.8217054263565892,0.8453237410071942,258,278,e384762d2ae58774407b08c5958d8b9316867bdebbb1c9ef98b2f578780150fd,numeric,FROZEN_TIMECREATE_AGGREGATE_PASS
2020-09-27,B8,72,0.9266666666666666,0.9610983981693364,450,437,dd793c0f9c71e76de8bd7c106ff59abe5edac9dc7778d110f53c37ba5fdbcc68,numeric,FROZEN_TIMECREATE_AGGREGATE_PASS
2020-09-27,B9,52,0.891156462585034,0.8969465648854962,294,262,c3561670b496edea8e70e18973f92ac68ba1988162e7d02e265be80e82fbab10,numeric,FROZEN_TIMECREATE_AGGREGATE_PASS
2020-09-27,B10,69,0.9457547169811321,0.9078014184397163,424,423,85bd60f8157d5b068fb62fe50328885700acd87464500f29c71a33d70aa0d2a7,numeric,FROZEN_TIMECREATE_AGGREGATE_PASS
2020-10-04,B1,58,0.8996138996138996,0.8695652173913043,259,299,37d12a60d82aee3c47b42bb88f708566ccc1a43c073d2d842bbabb6d23dbe462,numeric,FROZEN_TIMECREATE_AGGREGATE_PASS
2020-10-04,B2,72,0.9592760180995475,0.9249448123620309,442,453,7ac5c8f5b48062909fee6e7763b63bc1196bebd776199d76b24175b443efedf1,numeric,FROZEN_TIMECREATE_AGGREGATE_PASS
2020-10-04,B3,53,0.9097472924187726,0.8774834437086093,277,302,845924a2d33337a7dbb5d7f21cdf6dfd599ae9055c1d4c5daf215fb15d26404b,numeric,FROZEN_TIMECREATE_AGGREGATE_PASS
2020-10-04,B4,63,0.9312638580931264,0.9092872570194385,451,463,5dcc6be1b4ca70c1fa6e8bfab80a07743590c9f4406e95b71e2d6c110b8061ff,numeric,FROZEN_TIMECREATE_AGGREGATE_PASS
2020-10-04,B5,52,0.8765822784810127,0.9421487603305785,316,242,24b2fbaf9478af4d8acf537ce141e8d21b84ffdf1480a6ecb1c2a997fd9b07a4,numeric,FROZEN_TIMECREATE_AGGREGATE_PASS
2020-10-04,B6,71,0.8816964285714286,0.9379157427937915,448,451,cd00bf247e58b425f32eea229ca28801fc11b92e9b2001d92bc8f9471b5a2eb3,numeric,FROZEN_TIMECREATE_AGGREGATE_PASS
2020-10-04,B7,53,0.9420849420849421,0.9031007751937985,259,258,c149b0e2fae68825e33a159df55e5b561d8cee8932bdfeba640486bbe7314f70,numeric,FROZEN_TIMECREATE_AGGREGATE_PASS
2020-10-04,B8,67,0.9243498817966903,0.8955555555555555,423,450,955f1eac34e05433c7bc2e98db8d6089115c0afd2411656c63e5a2c2eb4e43af,numeric,FROZEN_TIMECREATE_AGGREGATE_PASS
2020-10-04,B9,59,0.9173228346456693,0.9013605442176871,254,294,21cd22cc61efdf2ccfd23b4e495fef8d1198022676abf0b0382c8787343b04bb,numeric,FROZEN_TIMECREATE_AGGREGATE_PASS
2020-10-04,B10,70,0.89086859688196,0.9457547169811321,449,424,e1642a7ee34572e9b9ef645f6180727d7c07e97bab3cb3703f5f574f8a897654,numeric,FROZEN_TIMECREATE_AGGREGATE_PASS
2020-10-11,B1,52,0.8576512455516014,0.8764478764478765,281,259,1c93637ca660cee31174bed9e157e21db1df6d0f4638582592354d63aa43757c,numeric,FROZEN_TIMECREATE_AGGREGATE_PASS
2020-10-11,B2,70,0.9238578680203046,0.9321266968325792,394,442,81b72a6d0fa181b21eeff3864d91612f4692df50b05bdc1c80fd5cdc54f0dfcc,numeric,FROZEN_TIMECREATE_AGGREGATE_PASS
2020-10-11,B3,52,0.879154078549849,0.8880866425992779,331,277,6d59c11dcb35032e3a09b539187ed86f2dc7318233addf9932bd2bc1b642e5ca,numeric,FROZEN_TIMECREATE_AGGREGATE_PASS
2020-10-11,B4,62,0.9285714285714286,0.9246119733924612,434,451,e34b77f531f8f365f9a4d151db72e8adea31c1e44a550f8b69ee925ba445ab11,numeric,FROZEN_TIMECREATE_AGGREGATE_PASS
2020-10-11,B5,61,0.9292307692307692,0.9335443037974683,325,316,f3895c6fa5204fa01f9f78789bf28a5ba68157efdca2c3960671a0f59b6e94dd,numeric,FROZEN_TIMECREATE_AGGREGATE_PASS
2020-10-11,B6,74,0.9515011547344111,0.9129464285714286,433,448,9d7fbb9022040447c228cb918273a39451ae9683af0fa62a2988d51ec83a4a06,numeric,FROZEN_TIMECREATE_AGGREGATE_PASS
2020-10-11,B7,48,0.8560311284046692,0.8996138996138996,257,259,4c4be9f7c2dec3b9ae4659d1d94594a74040729e538e8c3f0787aec1910c83f8,numeric,FROZEN_TIMECREATE_AGGREGATE_PASS
2020-10-11,B8,67,0.9009009009009009,0.9267139479905437,444,423,a76b4298bc258dce6bce26ed44cacfb015084e504c0fd2b02fe541dc371b3dbd,numeric,FROZEN_TIMECREATE_AGGREGATE_PASS
2020-10-11,B9,50,0.8695652173913043,0.8661417322834646,299,254,863904a471a474c8f65d00588230d223d520ac2a67d7e9f56360bb10bd28b99e,numeric,FROZEN_TIMECREATE_AGGREGATE_PASS
2020-10-11,B10,75,0.9292730844793713,0.9220489977728286,509,449,8851bbb7429e58df55473e368b22f893fa83f87a439f02d9101da8b26e87a67b,numeric,FROZEN_TIMECREATE_AGGREGATE_PASS
2020-10-18,B1,48,0.8482758620689655,0.8825622775800712,290,281,4d689aa28fb052a88ecc651837038ed26b55cc433c218a1079c0ca54e986b6c1,numeric,FROZEN_TIMECREATE_AGGREGATE_PASS
2020-10-18,B2,65,0.9068627450980392,0.8934010152284264,408,394,898674a788cf518546a8634baa75904b1c08d1a606b49f61de375f9f4dbf25e8,numeric,FROZEN_TIMECREATE_AGGREGATE_PASS
2020-10-18,B3,54,0.924,0.8882175226586103,250,331,1df918ce89daa3832f244fb1d54f0ab0318a8e3ba442be6ef5bb63d5e63f426b,numeric,FROZEN_TIMECREATE_AGGREGATE_PASS
2020-10-18,B4,68,0.89171974522293,0.9354838709677419,471,434,ea97aa1043b58d537d29d067eed5c58c2364147744297a0e8d96b4177333af27,numeric,FROZEN_TIMECREATE_AGGREGATE_PASS
2020-10-18,B5,50,0.9333333333333333,0.76,270,325,c52ae5d45eea050a9eb0a1f66aba5830dfd5ebf367b0f3152ac193a9b23cc5b1,numeric,FROZEN_TIMECREATE_AGGREGATE_PASS
2020-10-18,B6,68,0.9071729957805907,0.9376443418013857,474,433,30332a686b00160e1f4fcbd7ba4f1d05531127eff66545350c91cafc3f84da95,numeric,FROZEN_TIMECREATE_AGGREGATE_PASS
2020-10-18,B7,47,0.8546099290780141,0.8326848249027238,282,257,d1d3c6de823f3a1ea1a5a862698e1738ba3ec9ef88f3f6a8a9af230c5eff4410,numeric,FROZEN_TIMECREATE_AGGREGATE_PASS
2020-10-18,B8,76,0.9484978540772532,0.9279279279279279,466,444,39ab4e1f77351854bbe062946c8aef2e97023aabb733b59c01d3e1f8fa9fc5d4,numeric,FROZEN_TIMECREATE_AGGREGATE_PASS
2020-10-18,B9,50,0.8536585365853658,0.8494983277591973,287,299,5c846f7df6e70aa1dedfa33fadd59ff88a63c216ae0e43b72a1c56aa4f62bde2,numeric,FROZEN_TIMECREATE_AGGREGATE_PASS
2020-10-18,B10,71,0.9454545454545454,0.9214145383104125,440,509,491796f4d468dcc6677bbdd04b6141343aeccfaf7c1a2fcfb776873e91eab47e,numeric,FROZEN_TIMECREATE_AGGREGATE_PASS
2020-11-01,B1,51,0.8415841584158416,0.8714285714285714,404,280,494271d7e972a5a9b1e80c2a184f4bc7e0951afdfa397b78ef4aabdbc30b01da,numeric,FROZEN_TIMECREATE_AGGREGATE_PASS
2020-11-01,B2,70,0.9427207637231504,0.9292237442922374,419,438,cf0eb3de6bcce4d8e9f39e16c24e14556412659609b992d742f65c507ad665df,numeric,FROZEN_TIMECREATE_AGGREGATE_PASS
2020-11-01,B3,57,0.9528985507246377,0.8741721854304636,276,302,e8a26dc9003fb620a4b1571491ec67ab0f14efd844a1d32a570517fda8dace2b,numeric,FROZEN_TIMECREATE_AGGREGATE_PASS
2020-11-01,B4,68,0.9280742459396751,0.9099307159353349,431,433,6ab6383ffd0be09a4dba70444c37ab2a45fc32fc31e8c602d580ac3012997b5f,numeric,FROZEN_TIMECREATE_AGGREGATE_PASS
2020-11-01,B5,48,0.8908450704225352,0.8659003831417624,284,261,0da9845916099c8b76244410f9560f98a9a3f9c1e2da309707dbc225d0fc631b,numeric,FROZEN_TIMECREATE_AGGREGATE_PASS
2020-11-01,B6,64,0.9487179487179487,0.8993288590604027,429,447,65886076a495ebcf0b09d9e11da9cc8b500ce3a56dbeeb1e2d5d68723ee45fdc,numeric,FROZEN_TIMECREATE_AGGREGATE_PASS
2020-11-01,B7,51,0.8873239436619719,0.8359375,284,256,9109cecf6821136bcb83793e1b07918e4983f8a9217700154cae80f1a1ee3272,numeric,FROZEN_TIMECREATE_AGGREGATE_PASS
2020-11-01,B8,63,0.9075975359342916,0.9352941176470588,487,680,4ece927561b5e568b85ede6ed256c11b0714886f23336ab0af5db560f9236879,numeric,FROZEN_TIMECREATE_AGGREGATE_PASS
2020-11-01,B9,46,0.86084142394822,0.9259259259259259,309,378,2397cd405ee8ebb1cc74b35943ef106efb7adbb6639cd01607be93f0a6aaf327,numeric,FROZEN_TIMECREATE_AGGREGATE_PASS
2020-11-01,B10,66,0.9533799533799534,0.9139344262295082,429,488,c5af307fc75bea9c6ef6f21c76291095cdc4f62781e7983f6e4f5fac1c6a75a6,numeric,FROZEN_TIMECREATE_AGGREGATE_PASS
2020-11-08,B1,60,0.939297124600639,0.8935643564356436,313,404,a5d64095ec46e4e1215d421eb0a5e48b483e21a92d0e1f729d50414acf533249,numeric,FROZEN_TIMECREATE_AGGREGATE_PASS
2020-11-08,B2,70,0.9433551198257081,0.9451073985680191,459,419,6f9e5a8ad83e901e29040bdd54d99a4e2e264c5b9a739ec319e6ce0faa15da36,numeric,FROZEN_TIMECREATE_AGGREGATE_PASS
2020-11-08,B3,51,0.8848484848484849,0.8985507246376812,330,276,9416ce51a1229166ca99a6e41447d3dbf7d79ab11ea1acdf7e8de55407e0f3c5,numeric,FROZEN_TIMECREATE_AGGREGATE_PASS
2020-11-08,B4,64,0.9116379310344828,0.9095127610208816,464,431,527d04929840a8d60e1c23764cadb19abc1970079e45eb118cf84ebebdfe05c4,numeric,FROZEN_TIMECREATE_AGGREGATE_PASS
2020-11-08,B5,49,0.9351535836177475,0.9295774647887324,293,284,cfeb757444c17b1f4eaee552070e9e111ba59e1c708f715caaa62dd23d68c493,numeric,FROZEN_TIMECREATE_AGGREGATE_PASS
2020-11-08,B6,65,0.9320843091334895,0.9487179487179487,427,429,2fa09d4ab1cbbe6d17098a8950e33f8da7587f484fdf38d963f4e342957cfec8,numeric,FROZEN_TIMECREATE_AGGREGATE_PASS
2020-11-08,B7,50,0.8945578231292517,0.9084507042253521,294,284,cfe7674c24524fbd119c6b430143742d33615bfe27bc4745c6bb3292a3be110c,numeric,FROZEN_TIMECREATE_AGGREGATE_PASS
2020-11-08,B8,69,0.9107142857142857,0.944558521560575,504,487,68dab9ecd98f2e3d3d64e7ef89c90ec9eaf290ae260778a721822e0ca153db12,numeric,FROZEN_TIMECREATE_AGGREGATE_PASS
2020-11-08,B9,54,0.8640483383685801,0.9223300970873787,331,309,927832ad096206f8cffe508e9a6cf477be579e65dc9e6a9b59730defdea19985,numeric,FROZEN_TIMECREATE_AGGREGATE_PASS
2020-11-08,B10,64,0.9398148148148148,0.9487179487179487,432,429,f10dd1a61f177ce308da75535a6e41fbb19f08abfeec1b94bb35b39993c91fa8,numeric,FROZEN_TIMECREATE_AGGREGATE_PASS
2020-11-15,B1,49,0.9122137404580153,0.8274760383386581,262,313,abf258393344d0bcf3cd6f287dc70af67ba37b11b589839fc96523b0be7b0442,numeric,FROZEN_TIMECREATE_AGGREGATE_PASS
2020-11-15,B2,67,0.9574944071588367,0.9215686274509803,447,459,cb5fdb3eba17833f9ecf09859dc73f001c4adca1194a21b3847a8b61229fd13f,numeric,FROZEN_TIMECREATE_AGGREGATE_PASS
2020-11-15,B3,51,0.8636363636363636,0.8787878787878788,330,330,43f78445121442147e960938d1c0cd4ecd8573eccfe9208b1847d2c2c115b6a2,numeric,FROZEN_TIMECREATE_AGGREGATE_PASS
2020-11-15,B4,72,0.9244444444444444,0.9525862068965517,450,464,6a9020ea6fb8c1b2af3c509a9a3d8d198d8459d6910721940cf877260f2be200,numeric,FROZEN_TIMECREATE_AGGREGATE_PASS
2020-11-15,B5,43,0.8448979591836735,0.9112627986348123,245,293,4ae2d4bc3ae48bdec8a2c047df05b4adfbb442c798f8bd2282e74ffa07aec9b3,numeric,FROZEN_TIMECREATE_AGGREGATE_PASS
2020-11-15,B6,66,0.9255079006772009,0.9297423887587822,443,427,1cbcc22cd85f4933ecbe7eebc53ce67677797c1d287d0ca23b70e312733b3408,numeric,FROZEN_TIMECREATE_AGGREGATE_PASS
2020-11-15,B7,51,0.9093655589123867,0.8945578231292517,331,294,a1d845ed60cd997ed9e24a9d7feb60d930f354d979261677e051e3721399d356,numeric,FROZEN_TIMECREATE_AGGREGATE_PASS
2020-11-15,B8,67,0.9418604651162791,0.9107142857142857,430,504,3780ef962e9b374eb0c4867c6146c5b42681ad1a9bb338df14d69f963934cca8,numeric,FROZEN_TIMECREATE_AGGREGATE_PASS
2020-11-15,B9,50,0.9452054794520548,0.8338368580060423,292,331,a8b0431fd005b985d7d5a369d4e6f6b53f39be2693e390f9fd69ec3e36efa506,numeric,FROZEN_TIMECREATE_AGGREGATE_PASS
2020-11-15,B10,62,0.8779904306220095,0.9236111111111112,418,432,ffc865fa07bd3f8ca6848f7dd8e0bb524adf937cc527077c68c518794d805c39,numeric,FROZEN_TIMECREATE_AGGREGATE_PASS
2020-11-29,B1,44,0.8305785123966942,0.740072202166065,242,277,ddf8a38f5d087a45f80aef04025cd27b2eb7680137e16630e6e517442a6d12bf,numeric,FROZEN_TIMECREATE_AGGREGATE_PASS
2020-11-29,B2,65,0.9162303664921466,0.9152119700748129,382,401,0eae669f14220dab698d41f415fa10bc4b2c475b29283e7d98e934193db311e4,numeric,FROZEN_TIMECREATE_AGGREGATE_PASS
2020-11-29,B3,54,0.86875,0.9285714285714286,320,308,c24b4fe53c8768964687adf6b939f170cb5587b351fe8075c0e1949069663c2b,numeric,FROZEN_TIMECREATE_AGGREGATE_PASS
2020-11-29,B4,67,0.8967136150234741,0.9265658747300216,426,463,a549a5c115d2b720c9f26eb0a586729079e8fd552c487bac7a1e9c6f2e8b6ada,numeric,FROZEN_TIMECREATE_AGGREGATE_PASS
2020-11-29,B5,48,0.89198606271777,0.8888888888888888,287,261,ab257f9213c92c34b30225f7b4e19a15ceeef06e31b290d2b62d76d9fc120390,numeric,FROZEN_TIMECREATE_AGGREGATE_PASS
2020-11-29,B6,68,0.9313725490196079,0.924119241192412,408,369,2bfc95aa4d94bfc4c5a19342a61ba88f1d2c0a08fb808355e2cd653a452f7e90,numeric,FROZEN_TIMECREATE_AGGREGATE_PASS
2020-11-29,B7,48,0.9027237354085603,0.8801498127340824,257,267,5f3d508aba07c632f991ce1eee2fea4d983fa68076507d934661196b0aed641b,numeric,FROZEN_TIMECREATE_AGGREGATE_PASS
2020-11-29,B8,70,0.9077669902912622,0.803921568627451,412,561,15b8960f21b1d22a04d4220737e73e70dcf8b739c750f70a4d464d0b0b74210f,numeric,FROZEN_TIMECREATE_AGGREGATE_PASS
2020-11-29,B9,52,0.8571428571428571,0.8768656716417911,259,268,8d43e22927b1ea14575f3004231ea6d820ad0feb9ed5a70c6c9c5c88a170faea,numeric,FROZEN_TIMECREATE_AGGREGATE_PASS
2020-11-29,B10,60,0.8669623059866962,0.9088235294117647,451,340,089dc29a34781d880fa80c18ce7e9322bc1d0d67846f4e3c966cdb5dbed09cf2,numeric,FROZEN_TIMECREATE_AGGREGATE_PASS
2020-12-06,B1,46,0.8311688311688312,0.8760330578512396,231,242,a053b8b086d70447502b39f632071d40d452968dd54a86893459ba45f82d43ad,numeric,FROZEN_TIMECREATE_AGGREGATE_PASS
2020-12-06,B2,63,0.9226006191950464,0.9136125654450262,323,382,c35b97d84b1260fa20069697116a2b0b69c0ccc9b9027ac092d090cc489289af,numeric,FROZEN_TIMECREATE_AGGREGATE_PASS
2020-12-06,B3,51,0.87248322147651,0.865625,298,320,29b1817c85af096fffcafe10067b8b829c363cd1f659d7fa2ec3f67b9f199a10,numeric,FROZEN_TIMECREATE_AGGREGATE_PASS
2020-12-06,B4,65,0.9349397590361446,0.8943661971830986,415,426,b09b482282e3cbd27a4eda384bf73ea2c3e625c5a3a278560b5f8994f3b25c72,numeric,FROZEN_TIMECREATE_AGGREGATE_PASS
2020-12-06,B5,47,0.9138461538461539,0.8954703832752613,325,287,0d7ed4733e65c3abe6419f01ffc8a095228873555e8a2d5865aaac85911d830d,numeric,FROZEN_TIMECREATE_AGGREGATE_PASS
2020-12-06,B6,69,0.9156327543424317,0.928921568627451,403,408,a1ae741fadfdc60cf5f8b7790727742342ef051b103a99edc8bcec0038324040,numeric,FROZEN_TIMECREATE_AGGREGATE_PASS
2020-12-06,B7,42,0.8920863309352518,0.8482490272373541,278,257,10ffae52f237a57af73e85f0a03fcb976a02dc0ec9f9dbb64e09083067028ca6,numeric,FROZEN_TIMECREATE_AGGREGATE_PASS
2020-12-06,B8,65,0.9488888888888889,0.8810679611650486,450,412,c5b2e1226de977a95c51c241ceff7feee522204415c533fb54b1336eb480221a,numeric,FROZEN_TIMECREATE_AGGREGATE_PASS
2020-12-06,B9,53,0.9227799227799228,0.9034749034749034,259,259,c31ec84cf9d21a10c2b058e7d852cbf16081bcd4752810f92b208ffd6be54180,numeric,FROZEN_TIMECREATE_AGGREGATE_PASS
2020-12-06,B10,74,0.9211711711711712,0.9356984478935698,444,451,b9385a58dd48418d0b09336fe09d140cf989bdc21809f66395b6f23b34b29030,numeric,FROZEN_TIMECREATE_AGGREGATE_PASS
2020-12-13,B1,49,0.8435114503816794,0.8701298701298701,262,231,0994f97a8786579ddfc83b60b14c38361172dbdd35edb8487f4527dc0d5f2cac,numeric,FROZEN_TIMECREATE_AGGREGATE_PASS
2020-12-13,B2,62,0.8947368421052632,0.8792569659442725,380,323,e8b09b5da8b24e8ebe7cff6d50945dd99f4e155da12923d5074b03e401b0787c,numeric,FROZEN_TIMECREATE_AGGREGATE_PASS
2020-12-13,B3,54,0.903010033444816,0.8657718120805369,299,298,839d4019c9dce10cd04f2d118471eb0fc7eece182470c80970621e87fa99797d,numeric,FROZEN_TIMECREATE_AGGREGATE_PASS
2020-12-13,B4,61,0.9021164021164021,0.9204819277108434,378,415,0a4c21f36c6add40d53f068dab6c4e861d95fc6d24eac0024ef9dbe84219a7e9,numeric,FROZEN_TIMECREATE_AGGREGATE_PASS
2020-12-13,B5,41,0.8898305084745762,0.803076923076923,236,325,7e5f9e44bb932f6e4070b60da1b8e9bc46501c88cfb555c4cb3ab79eb526533c,numeric,FROZEN_TIMECREATE_AGGREGATE_PASS
2020-12-13,B6,65,0.935656836461126,0.9205955334987593,373,403,efba7f28febe870d256b171cad8a850725afe72d159f8a87979f9ecb885fd38e,numeric,FROZEN_TIMECREATE_AGGREGATE_PASS
2020-12-13,B7,46,0.8523985239852399,0.8920863309352518,271,278,6ba2f88cc4a9a3ecc362ae5aa1031406b48462ecd18baafcb132ae5f06be8594,numeric,FROZEN_TIMECREATE_AGGREGATE_PASS
2020-12-13,B8,66,0.9311224489795918,0.9266666666666666,392,450,ac2a5e906a2d786003d53f1cf9d8b824ae42b0364af539b6ff702ebe54973c65,numeric,FROZEN_TIMECREATE_AGGREGATE_PASS
2020-12-13,B9,41,0.8348214285714286,0.8455598455598455,224,259,f93c9243e89c2a8775ee3d4b564451e94d3ee7e7a8f704f4c7f4ecda22722a2d,numeric,FROZEN_TIMECREATE_AGGREGATE_PASS
2020-12-13,B10,65,0.9631449631449631,0.8738738738738738,407,444,ea9cc595106d65e0b35e706a60c104bcd2d42d8004b17bff42d44f143c098178,numeric,FROZEN_TIMECREATE_AGGREGATE_PASS
2021-01-03,B1,49,0.8529411764705882,0.8549222797927462,238,193,c51a21bc964c35f11186c2044bd8893eb523b1ae05f56ef7d9be8356dd339691,numeric,FROZEN_TIMECREATE_AGGREGATE_PASS
2021-01-03,B2,72,0.9076923076923077,0.9317647058823529,390,425,759be267a91bbed4237934b822dd96cd0916174ff8727f33b9097d3d986c354c,numeric,FROZEN_TIMECREATE_AGGREGATE_PASS
2021-01-03,B3,49,0.8277153558052435,0.9020979020979021,267,286,47e0eaeacfcadad9b61b0e2584127853f0126e7bd1cd028b823545b460ca8540,numeric,FROZEN_TIMECREATE_AGGREGATE_PASS
2021-01-03,B4,56,0.8633093525179856,0.8905472636815921,417,402,d424072506555bf415ff3f3d5f7337368081468a610bde51bfa17c07088ecc71,numeric,FROZEN_TIMECREATE_AGGREGATE_PASS
2021-01-03,B5,46,0.9012345679012346,0.8505747126436781,324,261,af3af9a82856fecc3b308731ecf69432153b3448ad1d1b4539326083545e1bce,numeric,FROZEN_TIMECREATE_AGGREGATE_PASS
2021-01-03,B6,69,0.9228723404255319,0.935251798561151,376,417,0d355f5cab008c64ef9125d4e6814738dc32e2e2dc2b894845ed628fa227fb0d,numeric,FROZEN_TIMECREATE_AGGREGATE_PASS
2021-01-03,B7,47,0.9157509157509157,0.8633540372670807,273,322,433eb1e95456befbbb68c4e1027448ea5019726721d3fdfe246abcb7880cfae5,numeric,FROZEN_TIMECREATE_AGGREGATE_PASS
2021-01-03,B8,66,0.9338624338624338,0.8989010989010989,378,455,163b59da8b0353e48130e9e1b427e96f3a96d6d7323551344538095afe513e76,numeric,FROZEN_TIMECREATE_AGGREGATE_PASS
2021-01-03,B9,46,0.849624060150376,0.8220338983050848,266,236,c0fe995e7330cf18354735cfd9e2ccace1f1b105f71862f8930d093086d31d72,numeric,FROZEN_TIMECREATE_AGGREGATE_PASS
2021-01-03,B10,59,0.8488372093023255,0.7782426778242678,344,478,6fdd8115f7fba4ac4e24d5a277eef81102d9308d2f0fc003d93ead65a8e8b578,numeric,FROZEN_TIMECREATE_AGGREGATE_PASS
2021-01-10,B1,49,0.8807692307692307,0.8697478991596639,260,238,3815ab77bb696548d90140627e2be55793c4a1a71c618b7c269168930ce8e31f,numeric,FROZEN_TIMECREATE_AGGREGATE_PASS
2021-01-10,B2,68,0.9457142857142857,0.8897435897435897,350,390,ab002dd15c5317c3d8ab01c0a2cb37b2f81d155473259dae8c638ad8907a571e,numeric,FROZEN_TIMECREATE_AGGREGATE_PASS
2021-01-10,B3,43,0.8816793893129771,0.846441947565543,262,267,655a55b9d5969ddb59da099059157959017fe88ae4d66f2e9deddfc0046ccbc7,numeric,FROZEN_TIMECREATE_AGGREGATE_PASS
2021-01-10,B4,58,0.9032258064516129,0.8752997601918465,341,417,4d1ca75d89af9c9a9674f8c778b0245580a4267700961f0ab7679101bfab1085,numeric,FROZEN_TIMECREATE_AGGREGATE_PASS
2021-01-10,B5,39,0.8464566929133859,0.8395061728395061,254,324,167e53cb4fb25f3106fd0385665cfd8df9436c6550e280fc6e0c1e7ffe74f6c5,numeric,FROZEN_TIMECREATE_AGGREGATE_PASS
2021-01-10,B6,62,0.9310344827586207,0.8909574468085106,377,376,54b303fb5c8dc9e6a31fab9ae9dfdc2cb67659f3eec75d9493d6a1e11ed37106,numeric,FROZEN_TIMECREATE_AGGREGATE_PASS
2021-01-10,B7,44,0.8589743589743589,0.9010989010989011,312,273,d983e48a76024f22a8d79bf0c68701c6fcb30b7bf61bed6557e337e2f2caf0f8,numeric,FROZEN_TIMECREATE_AGGREGATE_PASS
2021-01-10,B8,62,0.9243902439024391,0.9338624338624338,410,378,42b7a2c4671eaf86daa352596320d36008a0218e27f6f546a3091e5be3bb65c3,numeric,FROZEN_TIMECREATE_AGGREGATE_PASS
2021-01-10,B9,49,0.9,0.8646616541353384,230,266,3878e919833e68984881e03d96180da461f02088af14e8b3180b8c59c7ad9a44,numeric,FROZEN_TIMECREATE_AGGREGATE_PASS
2021-01-10,B10,57,0.888095238095238,0.936046511627907,420,344,48d78a1014b13f419c754c7852217c49514507946ae5a86ce45e4fae0abfeb6d,numeric,FROZEN_TIMECREATE_AGGREGATE_PASS
2021-01-24,B1,47,0.8235294117647058,0.8633879781420765,255,183,252e6da32e04586741976052bc09561e0e742395ebd47d5ef777363c6072484f,numeric,FROZEN_TIMECREATE_AGGREGATE_PASS
2021-01-24,B2,58,0.8842975206611571,0.9116809116809117,363,351,76328f702da54a6cf2e457f5d1dc68dfcf65a4e047f49211a20d1e88eb60cc20,numeric,FROZEN_TIMECREATE_AGGREGATE_PASS
2021-01-24,B3,43,0.8565400843881856,0.8181818181818182,237,242,a3987191d6e20c03bb0d44de0add4a9f0251cb59f016522f12ef87acf8bd38dc,numeric,FROZEN_TIMECREATE_AGGREGATE_PASS
2021-01-24,B4,60,0.8589420654911839,0.9247311827956989,397,372,47aac99a5f30efce261497de7ae8e8d8782f3ae0832132a548f09ad641697e73,numeric,FROZEN_TIMECREATE_AGGREGATE_PASS
2021-01-24,B5,44,0.8410041841004184,0.8884615384615384,239,260,b1f1762c38d11512340412652100516719b3296d21ab6c6f6987e5c97ae91324,numeric,FROZEN_TIMECREATE_AGGREGATE_PASS
2021-01-24,B6,63,0.8940886699507389,0.9048780487804878,406,410,7d35753120f1e0fdacca81d6b1ad365415bf7738e7ed495a9e9fffbab5db5c8f,numeric,FROZEN_TIMECREATE_AGGREGATE_PASS
2021-01-24,B7,47,0.7913669064748201,0.8724279835390947,278,243,ef05dea2ee714eb1b92c3bbc4c32fcf0ff838c6f42a0b9096c8e4a2067b1bd6a,numeric,FROZEN_TIMECREATE_AGGREGATE_PASS
2021-01-24,B8,63,0.8943488943488943,0.8910411622276029,407,413,80ccaaa83c1acc48e21def552dd3a59d4f529f3bc43ca3d6727f5751909234b0,numeric,FROZEN_TIMECREATE_AGGREGATE_PASS
2021-01-24,B9,44,0.8381877022653722,0.8564814814814815,309,216,45f0fa9c25400e0e322001669536c89ed77920243d10fd85029de8eb0e32d33d,numeric,FROZEN_TIMECREATE_AGGREGATE_PASS
2021-01-24,B10,64,0.9044289044289044,0.9445910290237467,429,379,aad01e8b616bc4c30166bc008bed00a88361cd935e2fde98ec8e1a13b5a10cc2,numeric,FROZEN_TIMECREATE_AGGREGATE_PASS
2021-01-31,B1,47,0.8513011152416357,0.8431372549019608,269,255,779ba659bb4c068f084f6cee1be83f65eaedcbb4c1f4fe2dcc2222ac808ea221,numeric,FROZEN_TIMECREATE_AGGREGATE_PASS
2021-01-31,B2,61,0.921760391198044,0.9008264462809917,409,363,81380950dbdb633ee4056fa6efc16343cd6a7a435bcf7b3a0c911490a6d64b33,numeric,FROZEN_TIMECREATE_AGGREGATE_PASS
2021-01-31,B3,46,0.8235294117647058,0.8987341772151899,340,237,d681ffd5c98eacc56f624d5658db08648c48c2c73f895d6a62362f2cff28db89,numeric,FROZEN_TIMECREATE_AGGREGATE_PASS
2021-01-31,B4,65,0.908883826879271,0.8942065491183879,439,397,659f824827807d9d89c60df6c70f80ba008a56ce990394a553fe411ddfecead7,numeric,FROZEN_TIMECREATE_AGGREGATE_PASS
2021-01-31,B5,47,0.8576158940397351,0.891213389121339,302,239,5f6ccae6eee55f6b5d506d8ad117d4446ee8cade17928013d0101fff6be2fe6a,numeric,FROZEN_TIMECREATE_AGGREGATE_PASS
2021-01-31,B6,60,0.9125,0.8916256157635468,400,406,2fd44dcf6675bf3ca245d5ee029c69a73feabfbb0a340ec9a6e4a616a894ca65,numeric,FROZEN_TIMECREATE_AGGREGATE_PASS
2021-01-31,B7,49,0.8853754940711462,0.8309352517985612,253,278,d4460ca373a8ac39badf40c72b2e29b7cd34629dc2ea3572eaec2ff43ba7acb2,numeric,FROZEN_TIMECREATE_AGGREGATE_PASS
2021-01-31,B8,65,0.924119241192412,0.8992628992628993,369,407,650213d0ca0b33e61660e135c32131b4398059a1c56e4441e6459d46ebf70b9c,numeric,FROZEN_TIMECREATE_AGGREGATE_PASS
2021-01-31,B9,46,0.8494208494208494,0.889967637540453,259,309,729b3e9d890c8628f3cc79a012660fcff8d9d3f5da909a7214e92a4c5826d054,numeric,FROZEN_TIMECREATE_AGGREGATE_PASS
2021-01-31,B10,68,0.9266304347826086,0.8554778554778555,368,429,eb5eb620f725197f2a40a4a6dce7769e222aef5decb7d634b63cdd8eb5081790,numeric,FROZEN_TIMECREATE_AGGREGATE_PASS
2021-02-07,B1,48,0.9030837004405287,0.8773234200743495,227,269,320cb51d25b11aa6cc0afef4cdd3426cb1a893d52f420b34e4e2e296968e8ecb,numeric,FROZEN_TIMECREATE_AGGREGATE_PASS
2021-02-07,B2,66,0.9069264069264069,0.9511002444987775,462,409,c08d5f50f504bebbec7a7548e6e3d6705617590d8e8849fba9ddb28b3d6e7167,numeric,FROZEN_TIMECREATE_AGGREGATE_PASS
2021-02-07,B3,45,0.8652173913043478,0.8088235294117647,230,340,576bc50ae920dd7f0e63db3e6b39afca21a0d835e55dc645c98319eceb63484e,numeric,FROZEN_TIMECREATE_AGGREGATE_PASS
2021-02-07,B4,64,0.8770685579196218,0.8633257403189066,423,439,ee1885e6a03127981f8bfd24c7d127da45cf63bfaa657b6d2ab535a0c87f0e13,numeric,FROZEN_TIMECREATE_AGGREGATE_PASS
2021-02-07,B5,43,0.8640350877192983,0.7549668874172185,228,302,4409e0456b0a701ca3729c180f9f125907675f84c22f399f8381ac0d0697ec84,numeric,FROZEN_TIMECREATE_AGGREGATE_PASS
2021-02-07,B6,57,0.8538461538461538,0.8475,390,400,c291743e9f5c3579cff1cb8d6976b63c08f2a7b47042cd15895d00be8da1e27a,numeric,FROZEN_TIMECREATE_AGGREGATE_PASS
2021-02-07,B7,47,0.9068825910931174,0.8972332015810277,247,253,1ab4fe4997b62957728bc83f77b40fb5b3c09a9e9b2fa025d68b6cf2874729ce,numeric,FROZEN_TIMECREATE_AGGREGATE_PASS
2021-02-07,B8,62,0.8997722095671982,0.9186991869918699,439,369,0debb92e638ce28f8f4ec16b84a910584a9dd41fea5e80c3c597e7b3df164c19,numeric,FROZEN_TIMECREATE_AGGREGATE_PASS
2021-02-07,B9,44,0.8764478764478765,0.7876447876447876,259,259,7be931c9784fe3f9682c5fcf6ec1e342e3ae5a510964ba19bac50b5afd5a9fe3,numeric,FROZEN_TIMECREATE_AGGREGATE_PASS
2021-02-07,B10,62,0.8891509433962265,0.8804347826086957,424,368,db6ce6f1e951b32348787182037ea3fd38bc0c2f37ebc0521414c5efdd7e43a1,numeric,FROZEN_TIMECREATE_AGGREGATE_PASS
2021-02-21,B1,49,0.7789855072463768,0.8938053097345132,276,226,cc5519db418ff23fbc912f301271839dcbb9569acca74486ac97ccbd1b81379e,numeric,FROZEN_TIMECREATE_AGGREGATE_PASS
2021-02-21,B2,57,0.8763736263736264,0.9116022099447514,364,362,0858b9c3a61f9ab4f2783fac39e17cfd04c1463c49c82cfe24805ad1053811f4,numeric,FROZEN_TIMECREATE_AGGREGATE_PASS
2021-02-21,B3,47,0.867595818815331,0.8935185185185185,287,216,a27bfab1e9a524fa02ade6b0027498e3a211bf8033e59c8f9010a538a4035028,numeric,FROZEN_TIMECREATE_AGGREGATE_PASS
2021-02-21,B4,62,0.8769574944071589,0.9358108108108109,447,296,f481150410bc7e65b4539139198c43879b957354c55b0df1cbd6c636a360a2b8,numeric,FROZEN_TIMECREATE_AGGREGATE_PASS
2021-02-21,B5,38,0.8255813953488372,0.9038461538461539,258,156,ec9eb6ea03390937885a4ff59cf4618f3a20d7213f11d635cc9a6df365405965,numeric,FROZEN_TIMECREATE_AGGREGATE_PASS
2021-02-21,B6,59,0.8808411214953271,0.8661616161616161,428,396,01736079796eaa9101ea4605edf7409906deb4a01fc0fd33243e2b146d5d16e1,numeric,FROZEN_TIMECREATE_AGGREGATE_PASS
2021-02-21,B7,43,0.8590308370044053,0.8106060606060606,227,264,c39734122b539a8ba85cd91c46babe9b3988adcbfde7e16c242baef8aef315dc,numeric,FROZEN_TIMECREATE_AGGREGATE_PASS
2021-02-21,B8,57,0.848404255319149,0.9287671232876712,376,365,4aa9cc4cfeb4ade35f4aca50931ae45bd52fc0008b87a9f832b21205030f0af1,numeric,FROZEN_TIMECREATE_AGGREGATE_PASS
2021-02-21,B9,41,0.8257839721254355,0.806930693069307,287,202,6e16550153e5b7773621fb7220ee9fa3b9f2544733efde64dfa85cd4be878919,numeric,FROZEN_TIMECREATE_AGGREGATE_PASS
2021-02-21,B10,61,0.8552338530066815,0.9103260869565217,449,368,ec3f69a0512f20de11f5d6ebc9618722649031675e22d00d7b08b8bbd30b5692,numeric,FROZEN_TIMECREATE_AGGREGATE_PASS
2021-02-28,B1,59,0.9305993690851735,0.8876811594202898,317,276,a4403843b05805879108bb4371862a7a474c8c64f3764666a2a233e777fdf76a,numeric,FROZEN_TIMECREATE_AGGREGATE_PASS
2021-02-28,B2,60,0.8948655256723717,0.9313186813186813,409,364,061307578df8bc4e30d5a9292b0a2a09a0dc6f7edea180aeb2359ad65180cefd,numeric,FROZEN_TIMECREATE_AGGREGATE_PASS
2021-02-28,B3,52,0.8436363636363636,0.8641114982578397,275,287,bb35d505a16cfd1faabbcd621452e1a3ad9428b21f34e7a9bafd90a223d849e9,numeric,FROZEN_TIMECREATE_AGGREGATE_PASS
2021-02-28,B4,67,0.9259259259259259,0.901565995525727,432,447,511804662be92a45a5a269b1e7b2a2ef1bdf1a7d47e2b205551fadd04f62fe65,numeric,FROZEN_TIMECREATE_AGGREGATE_PASS
2021-02-28,B5,44,0.8576923076923076,0.875968992248062,260,258,b9cb3774f637eee43518a6e4618d5c72551f4b6230513f6069451c2135a4403a,numeric,FROZEN_TIMECREATE_AGGREGATE_PASS
2021-02-28,B6,61,0.9033232628398792,0.8878504672897196,331,428,3d64de50f0022f105ceefbe1accf060fe7114494abf40a62631c9d3f9dd61753,numeric,FROZEN_TIMECREATE_AGGREGATE_PASS
2021-02-28,B7,45,0.8170212765957446,0.8854625550660793,235,227,b89c919442dfa015551823cfe6989519c04fc7a31f2cb82dc9f254b673168c73,numeric,FROZEN_TIMECREATE_AGGREGATE_PASS
2021-02-28,B8,65,0.907563025210084,0.9202127659574468,357,376,f1d7275a0e46432ee32d039d7663f888f840f07c298b71f52d35dd804390d7ce,numeric,FROZEN_TIMECREATE_AGGREGATE_PASS
2021-02-28,B9,50,0.8321678321678322,0.867595818815331,286,287,f1f2c66e878c4b469bb696b3b67419bd3634f2d75d54db4f038dbbbc147255e8,numeric,FROZEN_TIMECREATE_AGGREGATE_PASS
2021-02-28,B10,71,0.8836104513064132,0.9376391982182628,421,449,bcbc6bc829d48c8382809bade810f175bb97910a3f93e718d33094c3f0e5119e,numeric,FROZEN_TIMECREATE_AGGREGATE_PASS
2021-03-07,B1,54,0.8807339449541285,0.8706624605678234,218,317,025ae994d790ba6453fa2ec8e16d84c68238651776f1a95b8f57aba7fbd433db,numeric,FROZEN_TIMECREATE_AGGREGATE_PASS
2021-03-07,B2,68,0.9201995012468828,0.921760391198044,401,409,2f9e577132f47139543a005ab575bbf84227edcfd305baeae9ae258900a7e0e8,numeric,FROZEN_TIMECREATE_AGGREGATE_PASS
2021-03-07,B3,51,0.9184397163120568,0.8836363636363637,282,275,6e02a24a7b0356fa00792515e2865bd6854c4c5646d67325a604639fbe38027b,numeric,FROZEN_TIMECREATE_AGGREGATE_PASS
2021-03-07,B4,59,0.9146067415730337,0.9050925925925926,445,432,7b2c6949021e428d5c1be6e6374301f5ccc32ba2a78dd2b135d8d014db6b1439,numeric,FROZEN_TIMECREATE_AGGREGATE_PASS
2021-03-07,B5,44,0.86,0.8692307692307693,300,260,e0082c12234b2b2ed70e3f1507631e7d20c3961528d5536cee3ea8e71c14f89f,numeric,FROZEN_TIMECREATE_AGGREGATE_PASS
2021-03-07,B6,65,0.9048672566371682,0.9274924471299094,452,331,d062e49bc9c3f8062a3edb56039736f92d0e828ae7a11266801b943160cb26e4,numeric,FROZEN_TIMECREATE_AGGREGATE_PASS
2021-03-07,B7,47,0.841897233201581,0.8638297872340426,253,235,0666ab0d5d3962cfffc8096ace71979cfd0b62a8adc960fdda070f185dc932cf,numeric,FROZEN_TIMECREATE_AGGREGATE_PASS
2021-03-07,B8,64,0.8992443324937027,0.8935574229691877,397,357,87a5e8bdce387d8950a1d9000908b404daa875040dd76b31872704a40ddc170b,numeric,FROZEN_TIMECREATE_AGGREGATE_PASS
2021-03-07,B9,57,0.8688524590163934,0.9125874125874126,305,286,d141c25553b59bd8796978711e4bfbf3115557e68b39b3c02aa64ecce619ff44,numeric,FROZEN_TIMECREATE_AGGREGATE_PASS
2021-03-07,B10,75,0.9341176470588235,0.9216152019002375,425,421,69cf61be476104da9d05bebb80aa83d2dde82769980ad73b5d78de95b53c0db3,numeric,FROZEN_TIMECREATE_AGGREGATE_PASS
2021-03-14,B1,49,0.8689138576779026,0.8486238532110092,267,218,fa930ef053a80f145058d623d43b7e185d9e8c375b9aaa680f4334145e5eba33,numeric,FROZEN_TIMECREATE_AGGREGATE_PASS
2021-03-14,B2,68,0.8805970149253731,0.9476309226932669,469,401,dc2fe89efe7c0c5e80893eb34a12b67555c3af2b47c3847e2d529f71b1584a85,numeric,FROZEN_TIMECREATE_AGGREGATE_PASS
2021-03-14,B3,46,0.9007352941176471,0.8652482269503546,272,282,7ca8dd1047348d3a62017fc62109ee40d66dd968bbcd2ea4e96e261977ed95a6,numeric,FROZEN_TIMECREATE_AGGREGATE_PASS
2021-03-14,B4,61,0.8902147971360382,0.9370786516853933,419,445,026183641c1c6c3ad9dcf56bf31f03275531ce39f3fa88435e4ce5ee032cb914,numeric,FROZEN_TIMECREATE_AGGREGATE_PASS
2021-03-14,B5,54,0.8985507246376812,0.94,276,300,344454233d59d124c4ac72eae613911c8f612567183f685497e413fb4c16b3ec,numeric,FROZEN_TIMECREATE_AGGREGATE_PASS
2021-03-14,B6,69,0.9204545454545454,0.9292035398230089,440,452,9af2a4a93e05b354ee07d99c3676f492c139b4bb892fcff09b212e044d5df77c,numeric,FROZEN_TIMECREATE_AGGREGATE_PASS
2021-03-14,B7,44,0.8689138576779026,0.8695652173913043,267,253,6ca4ea3ccf75bd100d786ad055531e5bc472c68892447ff0fee58310f02117d5,numeric,FROZEN_TIMECREATE_AGGREGATE_PASS
2021-03-14,B8,67,0.9050925925925926,0.9017632241813602,432,397,150c2ca61c830d67571c59d28d65fac8ed259d17e376116de674ab740de7d3c8,numeric,FROZEN_TIMECREATE_AGGREGATE_PASS
2021-03-14,B9,53,0.9172932330827067,0.8295081967213115,266,305,de7ac7bd0647be6ce8483a06e00fe354892e7a08544accfaf91d3414181f68da,numeric,FROZEN_TIMECREATE_AGGREGATE_PASS
2021-03-14,B10,67,0.9393939393939394,0.8870588235294118,429,425,f886959224dd1636735bc11de62e09e98c315d1567d86ae86f4a53c430278581,numeric,FROZEN_TIMECREATE_AGGREGATE_PASS
2021-03-21,B1,53,0.8602150537634409,0.8838951310861424,279,267,0ed93825aa3e59bbd0d7667a191962e93b9e418c86ecea317c2586d903cb2557,numeric,FROZEN_TIMECREATE_AGGREGATE_PASS
2021-03-21,B2,69,0.9501312335958005,0.8720682302771855,381,469,569e4fb46601a9d5d634eece40d55ba08066834a9414da059bf54776d4023410,numeric,FROZEN_TIMECREATE_AGGREGATE_PASS
2021-03-21,B3,43,0.8134920634920635,0.8639705882352942,252,272,c9cb1dc0c165788632ca5c78d54c58d4dea72dc3dfcad4b7e84224e642e7eeff,numeric,FROZEN_TIMECREATE_AGGREGATE_PASS
2021-03-21,B4,69,0.9056603773584906,0.9498806682577565,424,419,6078ab846b80dfac270cf0098d42ef76e49930e03867e6b9abcff88384ff7f6c,numeric,FROZEN_TIMECREATE_AGGREGATE_PASS
2021-03-21,B5,53,0.8818565400843882,0.8659420289855072,237,276,700a62d93c7ec36a2a8fecc54fe095c7b42942df7005150aba6c04e24ea71db9,numeric,FROZEN_TIMECREATE_AGGREGATE_PASS
2021-03-21,B6,66,0.8429003021148036,0.9136363636363637,331,440,5eced9b3929aab47e5507c0922af6c062dba604a345b79c23a312eb24918878b,numeric,FROZEN_TIMECREATE_AGGREGATE_PASS
2021-03-21,B7,52,0.8423076923076923,0.9250936329588015,260,267,56f1521ed9c78ad2244b2e8300d7cbc06196d3a9e16fc318a711839e0058fead,numeric,FROZEN_TIMECREATE_AGGREGATE_PASS
2021-03-21,B8,65,0.9373219373219374,0.9004629629629629,351,432,710a929a839c9868bae6296eb4a21f82e2c4d46ff8536c8a27f30494b42ada00,numeric,FROZEN_TIMECREATE_AGGREGATE_PASS
2021-03-21,B9,44,0.8947368421052632,0.849624060150376,228,266,6a22722ad1bcc181c5887e72efe259386676fa640fdf912b60da0c9956aa7060,numeric,FROZEN_TIMECREATE_AGGREGATE_PASS
2021-03-21,B10,66,0.9164556962025316,0.9440559440559441,395,429,350472bbf95714b25a250fc516059bce67d5ab5ce20cc69ef58621bb2f5d51c9,numeric,FROZEN_TIMECREATE_AGGREGATE_PASS
2021-03-28,B1,55,0.865979381443299,0.8745519713261649,291,279,0f279c0f023cad12fb64bfb236638522bf670806b40b44f3f873d1cb0fd88b84,numeric,FROZEN_TIMECREATE_AGGREGATE_PASS
2021-03-28,B2,66,0.8940092165898618,0.952755905511811,434,381,e51a96bc3f60884223403c371dfcbdc72963687195b459fa2da4ec15ec9b2c0d,numeric,FROZEN_TIMECREATE_AGGREGATE_PASS
2021-03-28,B3,51,0.8165680473372781,0.8888888888888888,338,252,38484ef2a667a31ffebe9d8512867481d5d3d90397ced12fc0c1d6d94152b4bf,numeric,FROZEN_TIMECREATE_AGGREGATE_PASS
2021-03-28,B4,70,0.8813186813186813,0.9221698113207547,455,424,b653f1209759d73e3ce71f612bda7369078cc476a6a91104699d156cba6a06c2,numeric,FROZEN_TIMECREATE_AGGREGATE_PASS
2021-03-28,B5,45,0.8530465949820788,0.8312236286919831,279,237,1e2d125cf1e14ff723b877711299eda54b4cb034ebf41b74db923774a74af638,numeric,FROZEN_TIMECREATE_AGGREGATE_PASS
2021-03-28,B6,64,0.8857808857808858,0.8459214501510574,429,331,1644779c49f97fbceba8494db05f3ceba81a7d9be1efe8949634d71449ad957c,numeric,FROZEN_TIMECREATE_AGGREGATE_PASS
2021-03-28,B7,59,0.9173228346456693,0.8653846153846154,254,260,9692f4d718e90f97b5233098127cafe7581d5102841df2e73e8ea80466ac2010,numeric,FROZEN_TIMECREATE_AGGREGATE_PASS
2021-03-28,B8,63,0.8840579710144928,0.9401709401709402,483,351,c0e66b596d6f0c0a346d976302db679899502b2bce311ca46c6a2ba982eafe2e,numeric,FROZEN_TIMECREATE_AGGREGATE_PASS
2021-03-28,B9,42,0.8807017543859649,0.8596491228070176,285,228,64127d83e3cd723943d62242ac68045f4d0c35be580e73f7867486987e428600,numeric,FROZEN_TIMECREATE_AGGREGATE_PASS
2021-03-28,B10,67,0.9393346379647749,0.9240506329113924,511,395,8a12ed807e89bd705cc046ad74b5496d3a9000a0f24ea4ca4a1a81a60d09392e,numeric,FROZEN_TIMECREATE_AGGREGATE_PASS
2021-04-11,B1,51,0.7603550295857988,0.8916666666666667,338,240,c2ada0dbad52bc8cd66404ecb68d4b4898af61334f7910782c2671f417f45ce5,numeric,FROZEN_TIMECREATE_AGGREGATE_PASS
2021-04-11,B2,64,0.8982683982683982,0.9380733944954128,462,436,d275ec10e1d1dea66404723e5ba2c10ec1f33d144373c772fa057d3071c226cd,numeric,FROZEN_TIMECREATE_AGGREGATE_PASS
2021-04-11,B3,51,0.8599348534201955,0.863905325443787,307,338,2ae7e7cf32c1f92015295e986a9148c8553c53faaf3b7f63c4e6c04d33eccbe0,numeric,FROZEN_TIMECREATE_AGGREGATE_PASS
2021-04-11,B4,71,0.9354838709677419,0.9352941176470588,465,510,54c0b88e918ad0c5d541a3b1587dea978f9a6a263d725b9f455e04375af90875,numeric,FROZEN_TIMECREATE_AGGREGATE_PASS
2021-04-11,B5,49,0.9022082018927445,0.9063829787234042,317,235,d3faacf7966ec65748cc23d41482fa74e1a018e1fbbadccb4eaf582cfba1dbcc,numeric,FROZEN_TIMECREATE_AGGREGATE_PASS
2021-04-11,B6,66,0.9369369369369369,0.8802660753880266,444,451,4d31d3bd699fe44972e5471030b1c809df607979c64cdbba2a1e680cd1ad4bd4,numeric,FROZEN_TIMECREATE_AGGREGATE_PASS
2021-04-11,B7,48,0.8270676691729323,0.8955823293172691,266,249,f4e46f6548065ccce5318b481878980f68426f1acdc5b056b25039f163f10cfe,numeric,FROZEN_TIMECREATE_AGGREGATE_PASS
2021-04-11,B8,57,0.9125364431486881,0.8733333333333333,343,450,3ff781a44b5c3cbb789279c049b9e6e8c03f2b26b3916de4d0db4299f2ad2d3d,numeric,FROZEN_TIMECREATE_AGGREGATE_PASS
2021-04-11,B9,49,0.7724358974358975,0.8403361344537815,312,357,33ad281d705aac37987eae003a25a84528bfc1a032a41f1f37a968143a625c08,numeric,FROZEN_TIMECREATE_AGGREGATE_PASS
2021-04-11,B10,73,0.9473684210526315,0.9131238447319778,418,541,5e44ee4a5196ee39428a1104c4b01256b170531017dac9f2e0f1c4fd7acff988,numeric,FROZEN_TIMECREATE_AGGREGATE_PASS
2021-04-18,B1,55,0.9522184300341296,0.8195266272189349,293,338,10b12a927f4fef4fa96b65729069f4d67632bfc588f3153b46f8dd3b85fc096c,numeric,FROZEN_TIMECREATE_AGGREGATE_PASS
2021-04-18,B2,76,0.9384615384615385,0.9393939393939394,455,462,75ac9c7ddb107a8ae065e1a5a4e072db3ef6f5fc13c1b274bdbbabd43439f7ee,numeric,FROZEN_TIMECREATE_AGGREGATE_PASS
2021-04-18,B3,59,0.8203592814371258,0.9250814332247557,334,307,ee9c60c5767c8f556f3ae4ebb5605d1367e6e9abc8b80583c360390ae81cb805,numeric,FROZEN_TIMECREATE_AGGREGATE_PASS
2021-04-18,B4,68,0.9178743961352657,0.9139784946236559,414,465,2cc1b9783731331a3ab39c40df862b9718fdae56762db9df4560f859f483628a,numeric,FROZEN_TIMECREATE_AGGREGATE_PASS
2021-04-18,B5,54,0.8736842105263158,0.9211356466876972,285,317,2d9f29bdf6fd3a86e8ce5ff6e641af16d296b4ed276607fdc583749faf1b5270,numeric,FROZEN_TIMECREATE_AGGREGATE_PASS
2021-04-18,B6,60,0.8935643564356436,0.9166666666666666,404,444,78dff455b7b420c222ffae48d91a89073ebb641876a582cc9947b9bbb2b028ab,numeric,FROZEN_TIMECREATE_AGGREGATE_PASS
2021-04-18,B7,53,0.8695652173913043,0.8721804511278195,299,266,63a398fd070ca52fc3101e5d1458d1e5bd0df6ecaf415d1521f1890c7d8d7199,numeric,FROZEN_TIMECREATE_AGGREGATE_PASS
2021-04-18,B8,57,0.8581730769230769,0.9008746355685131,416,343,f4f44341daac6382848a88e846635977ae959dc2892beae7077db98e4342f79b,numeric,FROZEN_TIMECREATE_AGGREGATE_PASS
2021-04-18,B9,50,0.8530465949820788,0.842948717948718,279,312,52215823490e28c64eedf34718e59eaa4b8ff1c88d0043b1028f3e01acc5e0e4,numeric,FROZEN_TIMECREATE_AGGREGATE_PASS
2021-04-18,B10,63,0.8269230769230769,0.916267942583732,468,418,940e03817bff46e957e88c1ef73c1e2a42f9872316840443f4e43a8c1fe93813,numeric,FROZEN_TIMECREATE_AGGREGATE_PASS
2021-04-25,B1,49,0.8571428571428571,0.9112627986348123,280,293,00fd0c543b5d518da6454a0fa212fceb558140bc45afb849023dd16b8f71e42b,numeric,FROZEN_TIMECREATE_AGGREGATE_PASS
2021-04-25,B2,73,0.9394572025052192,0.9186813186813186,479,455,cdf41f359c84f6f063dafbb1782db42eb8ec7a5e483172f1ece25f92822ff4ea,numeric,FROZEN_TIMECREATE_AGGREGATE_PASS
2021-04-25,B3,61,0.9135135135135135,0.8922155688622755,370,334,3f97850531fecff5e6070e23945ea59b92cd37fec46a6d1d7804910f8da081ca,numeric,FROZEN_TIMECREATE_AGGREGATE_PASS
2021-04-25,B4,64,0.8977777777777778,0.9130434782608695,450,414,c2a9af3c2595237abd71dd7124ddbe6f7f11cd2db9855bb1cf7ee982836dbbd3,numeric,FROZEN_TIMECREATE_AGGREGATE_PASS
2021-04-25,B5,55,0.886986301369863,0.887719298245614,292,285,c712c07b6c31b80eb0e1115467639d8ca4ac7813d6fe3d7a8c25b5ff3f2bd9e6,numeric,FROZEN_TIMECREATE_AGGREGATE_PASS
2021-04-25,B6,68,0.918141592920354,0.9108910891089109,452,404,3647561ffe174d5f38dea30c73e632eb1c584a3e85888589734b8556e0cc289e,numeric,FROZEN_TIMECREATE_AGGREGATE_PASS
2021-04-25,B7,50,0.8984375,0.8494983277591973,256,299,507f9dce61a9545d8a1d690227b04223b6de4660b7269ee8096a3f32dc4bf4af,numeric,FROZEN_TIMECREATE_AGGREGATE_PASS
2021-04-25,B8,62,0.8719806763285024,0.9110576923076923,414,416,6bc5267c53ecd9e30f8cd894c09fced91ee0ea189b91c2eb8f192bcae22fcc11,numeric,FROZEN_TIMECREATE_AGGREGATE_PASS
2021-04-25,B9,54,0.8651315789473685,0.8817204301075269,304,279,60cfeb0b446b8fcce9783996ed737f53375b52bb393817a92610b2749b600047,numeric,FROZEN_TIMECREATE_AGGREGATE_PASS
2021-04-25,B10,61,0.9161147902869757,0.8205128205128205,453,468,9eeec05ed5637a2a48aa2ba0a0457a81b89dd6c3c8d41111ec07b376fb698683,numeric,FROZEN_TIMECREATE_AGGREGATE_PASS
2021-05-02,B1,57,0.8405405405405405,0.8964285714285715,370,280,f2a448a2e6cb6c4d99e649de948a1e3268bcfb9a5b40f641c764331cfecdb529,numeric,FROZEN_TIMECREATE_AGGREGATE_PASS
2021-05-02,B2,65,0.935064935064935,0.8538622129436325,385,479,68f9e22f361d5cbd7df7e07d03ec10e35fcfd42c39639629e0bf2ab496d47e15,numeric,FROZEN_TIMECREATE_AGGREGATE_PASS
2021-05-02,B3,50,0.9130434782608695,0.827027027027027,299,370,91cacdc10811c022c4b0efe8ea52823f93965b72f33e576db854e837b5d24bcc,numeric,FROZEN_TIMECREATE_AGGREGATE_PASS
2021-05-02,B4,64,0.9254079254079254,0.9244444444444444,429,450,4cb0bdece275d04aaf6f2aaaffd93fd9149808aec84fd6276c6715e382583ff5,numeric,FROZEN_TIMECREATE_AGGREGATE_PASS
2021-05-02,B5,50,0.9303135888501742,0.8424657534246576,287,292,a07ff0aa98e6532571fbe22d37a1f6806952a325f126160ef540fecd51d44bcc,numeric,FROZEN_TIMECREATE_AGGREGATE_PASS
2021-05-02,B6,67,0.9297872340425531,0.915929203539823,470,452,98ca58f083cf9b44eb9ed6e3e05697a83933b60ace600213fa122f0b80145555,numeric,FROZEN_TIMECREATE_AGGREGATE_PASS
2021-05-02,B7,49,0.8584905660377359,0.9140625,318,256,07125234f67d9b57293543f8e92a5fef4e8f61604628c1c9c63e69a1e1b0b047,numeric,FROZEN_TIMECREATE_AGGREGATE_PASS
2021-05-02,B8,62,0.9384236453201971,0.855072463768116,406,414,ccc16fa7f8cbb3c117472ed9afc02a2b7a729302bdaae6a331f8dc9070296b8d,numeric,FROZEN_TIMECREATE_AGGREGATE_PASS
2021-05-02,B9,52,0.884272997032641,0.875,337,304,252cdbd33eaaee2029dde2d0dafb1b69648e96876ee526ac8a4fc45da17e3834,numeric,FROZEN_TIMECREATE_AGGREGATE_PASS
2021-05-02,B10,65,0.8837719298245614,0.9359823399558499,456,453,57f17251b0726f359a71ae5e3c05ebcd77966c647a9155d9e6ab1dd011520cb9,numeric,FROZEN_TIMECREATE_AGGREGATE_PASS
2021-05-09,B1,55,0.9085173501577287,0.8648648648648649,317,370,cb3d44346d04ceeda4e9ebd1ee5bd1aade0a587835760099744ea515c49106af,numeric,FROZEN_TIMECREATE_AGGREGATE_PASS
2021-05-09,B2,57,0.8671497584541062,0.8779220779220779,414,385,907d3759b6c713dc7255728ca356554b24b2124f8961547cd85efdab68c102d6,numeric,FROZEN_TIMECREATE_AGGREGATE_PASS
2021-05-09,B3,50,0.7839805825242718,0.882943143812709,412,299,8acd580f32f287ee7f645ff18adcb7b5d5dbba8ff2a639387d369d4ae2538a50,numeric,FROZEN_TIMECREATE_AGGREGATE_PASS
2021-05-09,B4,69,0.9176755447941889,0.9533799533799534,413,429,959a2381b801d5854b397a0b423d9712c8abbc4eda7067d87072de188862a174,numeric,FROZEN_TIMECREATE_AGGREGATE_PASS
2021-05-09,B5,50,0.9105960264900662,0.9128919860627178,302,287,5d6ef1f895a0bbe9624d8d4d8e9f9a2e77bbada02352c0815f86c8bf088dfe31,numeric,FROZEN_TIMECREATE_AGGREGATE_PASS
2021-05-09,B6,64,0.9052044609665427,0.9382978723404255,538,470,f13924ad0deaa87b70293f11fb91e1a2e493a18189aec9b36754111a10dd4fdf,numeric,FROZEN_TIMECREATE_AGGREGATE_PASS
2021-05-09,B7,55,0.8922651933701657,0.9308176100628931,362,318,ad4b760847e4b97dcdf82d741fd8db7764c7fac36cea31dbf3672ca9e9a5cbdb,numeric,FROZEN_TIMECREATE_AGGREGATE_PASS
2021-05-09,B8,64,0.918580375782881,0.9482758620689655,479,406,aff40fc0aa542f28a164bc051ccc6a751160e4a729b16848f3882472b5241e7c,numeric,FROZEN_TIMECREATE_AGGREGATE_PASS
2021-05-09,B9,49,0.9130434782608695,0.8694362017804155,299,337,51e8d52427f2bd75fc94e52029065fe20598c0245fdd5c546fc53628dfb6bf3f,numeric,FROZEN_TIMECREATE_AGGREGATE_PASS
2021-05-09,B10,63,0.8947368421052632,0.8991228070175439,456,456,d79a68eb5df950b9c7506f28f3c396344a7d63f3045918d2699a09442ecee72d,numeric,FROZEN_TIMECREATE_AGGREGATE_PASS
2021-05-16,B1,58,0.9011976047904192,0.9242902208201893,334,317,4a776b8085b4e5947de5d9d22a9b36fb74f23d019cded8602ddafd3aae624d16,numeric,FROZEN_TIMECREATE_AGGREGATE_PASS
2021-05-16,B2,67,0.8869936034115139,0.9323671497584541,469,414,36f35668b53f6ea294b0ca7242864a1f603ef056ed60cb272109a620ac9ef932,numeric,FROZEN_TIMECREATE_AGGREGATE_PASS
2021-05-16,B3,53,0.8841059602649006,0.7815533980582524,302,412,c8f7f5b9f06e9dafe8ebbcdd97a1a6f18ef5e53da7dcdbd6c59c076ad86611b1,numeric,FROZEN_TIMECREATE_AGGREGATE_PASS
2021-05-16,B4,69,0.9396551724137931,0.9249394673123487,464,413,e166750d56b8d13938dc58cdcc47b4df74dc964642c931782f3e2571f00f181e,numeric,FROZEN_TIMECREATE_AGGREGATE_PASS
2021-05-16,B5,55,0.8601398601398601,0.9536423841059603,286,302,38cebd8bdf6c033f450895614b0b77abb7e283ca01b9b720bf50160e1af36f2b,numeric,FROZEN_TIMECREATE_AGGREGATE_PASS
2021-05-16,B6,63,0.9324324324324325,0.9070631970260223,444,538,60191ea29b3fee9bd7a9338a8ea60dffc191e496265dc4997944bec25f2a71df,numeric,FROZEN_TIMECREATE_AGGREGATE_PASS
2021-05-16,B7,52,0.9,0.8812154696132597,270,362,492d17d968e39cdaea91c472d9f96e6d0755b6394977c4802a7452016fd8dc69,numeric,FROZEN_TIMECREATE_AGGREGATE_PASS
2021-05-16,B8,68,0.95260663507109,0.9394572025052192,422,479,5d97e6aedbea55ae68e47f2500b4b28c459f31ed05772b96bd6306c798b47305,numeric,FROZEN_TIMECREATE_AGGREGATE_PASS
2021-05-16,B9,54,0.8900343642611683,0.9431438127090301,291,299,c2da1b0101862bb558cfd5b5c7f80d516430c8d36390c36b88735e969b3ede96,numeric,FROZEN_TIMECREATE_AGGREGATE_PASS
2021-05-16,B10,68,0.9085714285714286,0.9144736842105263,525,456,296a2e657e539c6180bc3ba5031bad79d7b59e2c15782fa0b58d51e75e2e15f7,numeric,FROZEN_TIMECREATE_AGGREGATE_PASS
2021-05-23,B1,60,0.9335347432024169,0.9251497005988024,331,334,85c380f00be4b266172c8b3ac7fb72ee05e41aee3273990cb55ca2984bc4efe8,numeric,FROZEN_TIMECREATE_AGGREGATE_PASS
2021-05-23,B2,70,0.9400826446280992,0.9445628997867804,484,469,4ae7fac085599b8798353c08a043b088a749b373545d708ed2ddb4e845a9c63f,numeric,FROZEN_TIMECREATE_AGGREGATE_PASS
2021-05-23,B3,54,0.9043478260869565,0.8940397350993378,345,302,fb12f4ac6ede4dacad18481e1babe36ab450af6cc8dc91fc884f53637ebbefaa,numeric,FROZEN_TIMECREATE_AGGREGATE_PASS
2021-05-23,B4,69,0.9420289855072463,0.9439655172413793,483,464,6dbc262fadd8d4f925a20e9e44c04d65a975ba7f1680951aba724c5e8c2b416e,numeric,FROZEN_TIMECREATE_AGGREGATE_PASS
2021-05-23,B5,58,0.9247648902821317,0.9020979020979021,319,286,d31c21b3715d0685960bc0630e70077a49277dac0770248c4a806f6a0baed2c5,numeric,FROZEN_TIMECREATE_AGGREGATE_PASS
2021-05-23,B6,62,0.9150326797385621,0.9279279279279279,459,444,014000bf164d6b6f72782b48a651b6ef1e27ff7d1d2ee3279b2dfa48fbc248a7,numeric,FROZEN_TIMECREATE_AGGREGATE_PASS
2021-05-23,B7,50,0.890625,0.9037037037037037,320,270,b0b6ba15d1a5f4bc6026968d1349d8352ce63f1cdeb622671b3486514d1916ac,numeric,FROZEN_TIMECREATE_AGGREGATE_PASS
2021-05-23,B8,64,0.9004524886877828,0.933649289099526,442,422,e3d5102d198dcc29748a3b60bf49a1df44e5859df0f4063f0385cca52a764cd8,numeric,FROZEN_TIMECREATE_AGGREGATE_PASS
2021-05-23,B9,50,0.9111111111111111,0.8762886597938144,315,291,3ff960d32f7733ff13ead9251f0f47a46e2f77f2a6eed8463c7663e75723913c,numeric,FROZEN_TIMECREATE_AGGREGATE_PASS
2021-05-23,B10,67,0.9444444444444444,0.9047619047619048,468,525,f5a64ee74a92e24841ffd793be2ac5d7657390659f7cc7ae0c27b382f657209e,numeric,FROZEN_TIMECREATE_AGGREGATE_PASS
2021-05-30,B1,57,0.9041533546325878,0.9154078549848943,313,331,5756739c613752302c4a49ec2c4b9f72a4eb7ac1f9d74b1c1cdb551de2e6abce,numeric,FROZEN_TIMECREATE_AGGREGATE_PASS
2021-05-30,B2,64,0.9514348785871964,0.9090909090909091,453,484,3fa0235b6d54b160ade52488158c4df5924ad5773c52c7aebce3c5f39bf0f891,numeric,FROZEN_TIMECREATE_AGGREGATE_PASS
2021-05-30,B3,51,0.8533333333333334,0.8898550724637682,300,345,f6f12c0c234dac896e0b8db118f3effaa0cf4b8ba51837b49019e2f3f49f2c7c,numeric,FROZEN_TIMECREATE_AGGREGATE_PASS
2021-05-30,B4,70,0.9129411764705883,0.9337474120082816,425,483,22bd2f9d52180f2fd57f90539bf4996a03ccf2ee49f1dcf9054d64aeedbb475e,numeric,FROZEN_TIMECREATE_AGGREGATE_PASS
2021-05-30,B5,58,0.9085365853658537,0.9247648902821317,328,319,cc46e5160ea8fb923579f02444533a30c3a02e3b4d9c76a53aa1f3200ec090f4,numeric,FROZEN_TIMECREATE_AGGREGATE_PASS
2021-05-30,B6,66,0.9382978723404255,0.9215686274509803,470,459,c6a9c847d832fc97da93fda57ba371f99e5d1dcc382c2e8f38d02faae9d715af,numeric,FROZEN_TIMECREATE_AGGREGATE_PASS
2021-05-30,B7,55,0.917910447761194,0.915625,268,320,ee3bb7b7b4386099cceae3e2f30c61a41a81996dcb8b70e14e090e52e46737cb,numeric,FROZEN_TIMECREATE_AGGREGATE_PASS
2021-05-30,B8,68,0.9400479616306955,0.9049773755656109,417,442,1f4f98f88d737478518d2f02711587b12faaae6c4bf9f0e417add8e4c54603ae,numeric,FROZEN_TIMECREATE_AGGREGATE_PASS
2021-05-30,B9,49,0.9206349206349206,0.8920634920634921,315,315,794ab6e9303e713d34de60578a5e673c66aa8c162dd32c70df943e1d64f1dd47,numeric,FROZEN_TIMECREATE_AGGREGATE_PASS
2021-05-30,B10,62,0.9189814814814815,0.9273504273504274,432,468,b206e58182333d2f2c43a108c1882ea28635ed2d9412ece719ad2b019639d8aa,numeric,FROZEN_TIMECREATE_AGGREGATE_PASS
2021-06-06,B1,58,0.9198717948717948,0.8690095846645367,312,313,635feab4f725e39d91a0f86e7e8c495616d22b1acce77402003145bd611ffb16,numeric,FROZEN_TIMECREATE_AGGREGATE_PASS
2021-06-06,B2,59,0.9059139784946236,0.8984547461368654,372,453,7499bb3ce0a72a4e9f83cd5761ab24b2710d0de4d27079f8fa65b505b56db1a7,numeric,FROZEN_TIMECREATE_AGGREGATE_PASS
2021-06-06,B3,60,0.9106145251396648,0.94,358,300,5c6817acc0e3c8e789ede7e82ed9b9e189e85d8b3cf0106aff94ddd9e837ef30,numeric,FROZEN_TIMECREATE_AGGREGATE_PASS
2021-06-06,B4,66,0.9161554192229039,0.9176470588235294,489,425,c90f555572359b889a1a9b51d4bcc5600423b885b19795297a27dabfd82cfcde,numeric,FROZEN_TIMECREATE_AGGREGATE_PASS
2021-06-06,B5,57,0.9044368600682594,0.8932926829268293,293,328,1a7aae1305154b10c4eb30f9a44b3d40352e25341777ef16b59dcf10d33e2de0,numeric,FROZEN_TIMECREATE_AGGREGATE_PASS
2021-06-06,B6,65,0.8930131004366813,0.9319148936170213,458,470,252b74aeb5a82928764f33a98c07411f19ba52e94183e4cad9d0b531460bef79,numeric,FROZEN_TIMECREATE_AGGREGATE_PASS
2021-06-06,B7,53,0.928082191780822,0.9104477611940298,292,268,c577501d80adc1756ffe08948b25b4354a54da97a260755aef24c68a022aa78c,numeric,FROZEN_TIMECREATE_AGGREGATE_PASS
2021-06-06,B8,73,0.9337748344370861,0.9568345323741008,453,417,4e19977d3cb2032e2454ccec9714da789f4780c4217605877bd6cefa27a9b374,numeric,FROZEN_TIMECREATE_AGGREGATE_PASS
2021-06-06,B9,51,0.873015873015873,0.9301587301587302,315,315,c74689434c549768291b28c6914fed88eb3093842879f58ffa71a2978246aa6c,numeric,FROZEN_TIMECREATE_AGGREGATE_PASS
2021-06-06,B10,72,0.9245283018867925,0.9560185185185185,424,432,6b37deacce0cedd0dedf95164bbd0c0719b19dabb2226976cf226cc7ed629d7b,numeric,FROZEN_TIMECREATE_AGGREGATE_PASS
2021-06-13,B1,58,0.8594771241830066,0.9358974358974359,306,312,5e90c28acbc32a6e30fe515d1c1a8553029106642668ef8f72bddcbc91e848f3,numeric,FROZEN_TIMECREATE_AGGREGATE_PASS
2021-06-13,B2,56,0.8727735368956743,0.8763440860215054,393,372,35b8ed88eab0c0c058f9a344bf0df598a6b818bb64df2659a6da0bf19284b223,numeric,FROZEN_TIMECREATE_AGGREGATE_PASS
2021-06-13,B3,57,0.932475884244373,0.8659217877094972,311,358,d369bb393c91846b4fd7696458bb95f4e9a7156833f2bf900ad85d92051ed79a,numeric,FROZEN_TIMECREATE_AGGREGATE_PASS
2021-06-13,B4,70,0.9284253578732107,0.9038854805725971,489,489,782ac58fddbb178496950815249cfe931c827a6f21dba4a7de5e47caf73adeaa,numeric,FROZEN_TIMECREATE_AGGREGATE_PASS
2021-06-13,B5,51,0.8985507246376812,0.8873720136518771,276,293,cb11cd41050c923cad00ca02da5fe98f14d2bd2e9f57f2756dc55f28397bac97,numeric,FROZEN_TIMECREATE_AGGREGATE_PASS
2021-06-13,B6,70,0.9334916864608076,0.9148471615720524,421,458,44e5fa3e3fdfc019464b1ef4dbab1dffcfa06637c93962090fb1cd30f29616d6,numeric,FROZEN_TIMECREATE_AGGREGATE_PASS
2021-06-13,B7,51,0.9042145593869731,0.9006849315068494,261,292,0fbe4a05c05b64665432ba3bf98ba85221552d78605e68ca7c5777050cd22703,numeric,FROZEN_TIMECREATE_AGGREGATE_PASS
2021-06-13,B8,73,0.9319727891156463,0.9072847682119205,441,453,563179149dd25b1604317866cf6dc3adb63fb9d092450c459091c434bda24ffa,numeric,FROZEN_TIMECREATE_AGGREGATE_PASS
2021-06-13,B9,54,0.911660777385159,0.8825396825396825,283,315,798a42a9d29cbf84c581905c55c5b0e09529e0d5663cbe3976067e9a473d71e9,numeric,FROZEN_TIMECREATE_AGGREGATE_PASS
2021-06-13,B10,68,0.9388235294117647,0.9221698113207547,425,424,2a4ac1fced9bb180da74111ae1a2cc1b98ebac0e4b47f419e49e370d3a10e22e,numeric,FROZEN_TIMECREATE_AGGREGATE_PASS
2021-06-20,B1,62,0.9409937888198758,0.8758169934640523,322,306,72089510fb4bc064d16c12a90568be1291508f7e8edafa5f07c115561fcd4af2,numeric,FROZEN_TIMECREATE_AGGREGATE_PASS
2021-06-20,B2,57,0.9108635097493036,0.9033078880407125,359,393,711165b8dfacb188c578fff8c448d4c98913ef25d8b7c1c33b776848b7c58cb2,numeric,FROZEN_TIMECREATE_AGGREGATE_PASS
2021-06-20,B3,53,0.845360824742268,0.9131832797427653,291,311,a7639836824c56006faaf897eba167df248efd0511dd62014b687c352e1e1796,numeric,FROZEN_TIMECREATE_AGGREGATE_PASS
2021-06-20,B4,70,0.8532110091743119,0.8895705521472392,436,489,9823f22fc0b27eb1e806d5553c7e56db3fd4fe7fceff52bfad1abe485496fbd6,numeric,FROZEN_TIMECREATE_AGGREGATE_PASS
2021-06-20,B5,46,0.8154362416107382,0.8913043478260869,298,276,8482c9a881f533511d86a2fa0b26d8b8f088eb1dede10879b379e043a880d8b4,numeric,FROZEN_TIMECREATE_AGGREGATE_PASS
2021-06-20,B6,66,0.9391100702576113,0.9168646080760094,427,421,42710826cbbd92db3d68d260d67624ec1ebe4b3e6bfd866d3aa38fb0170c0901,numeric,FROZEN_TIMECREATE_AGGREGATE_PASS
2021-06-20,B7,46,0.8393574297188755,0.8659003831417624,249,261,ce343d47939754c62b017d8df3f62cdac60e0ac8ca6751b6eaf705271ef678d9,numeric,FROZEN_TIMECREATE_AGGREGATE_PASS
2021-06-20,B8,70,0.9025522041763341,0.9024943310657596,431,441,907849a5cca090bf9e9d50fe4fc47098806dc189aa49bcea45bd0ba1d2c8c008,numeric,FROZEN_TIMECREATE_AGGREGATE_PASS
2021-06-20,B9,52,0.8571428571428571,0.901060070671378,259,283,bff6d627e4cf460c7d8b796ee966ffb4db5568ee56a765024d1a66b8e9e143de,numeric,FROZEN_TIMECREATE_AGGREGATE_PASS
2021-06-20,B10,65,0.9099756690997567,0.9435294117647058,411,425,269ed78f42372fb81b23ae93978cc6b877e4e3d80cb855d9a5bef6554f72359a,numeric,FROZEN_TIMECREATE_AGGREGATE_PASS
2021-06-27,B1,60,0.9255014326647565,0.9006211180124224,349,322,32167b3611d06f877ba6b0518b47f35b9a9f79c979e55d1e2efe4cff71e8ec38,numeric,FROZEN_TIMECREATE_AGGREGATE_PASS
2021-06-27,B2,59,0.9207161125319693,0.9275766016713092,391,359,b60961a11934cc3798bf3821793780aba890d26053276bdcf5aa748026651201,numeric,FROZEN_TIMECREATE_AGGREGATE_PASS
2021-06-27,B3,57,0.9339622641509434,0.8865979381443299,318,291,5917969e8248ffb1e39e76da59ce92339f89b5abf5eec235f7023a0450a44075,numeric,FROZEN_TIMECREATE_AGGREGATE_PASS
2021-06-27,B4,64,0.9199134199134199,0.8211009174311926,462,436,9471efd3a69384f015c7d483a5a9afa5067470045c5672cb8b1517b2b37eb801,numeric,FROZEN_TIMECREATE_AGGREGATE_PASS
2021-06-27,B5,51,0.8991935483870968,0.8489932885906041,248,298,fbb3ac0e14179b5b2c6d0c9370eb753731dc65f65f6d3859c33e6a8bf36670ae,numeric,FROZEN_TIMECREATE_AGGREGATE_PASS
2021-06-27,B6,66,0.9064587973273942,0.936768149882904,449,427,464b2bafb6c35bbcc52ff040811a77919c146d0bc6b9c566463bd10fc2ad42c9,numeric,FROZEN_TIMECREATE_AGGREGATE_PASS
2021-06-27,B7,41,0.854251012145749,0.8232931726907631,247,249,21ef2895fff77c98c8ca69d5379c49777603c8625dc15131ad01884cf3474838,numeric,FROZEN_TIMECREATE_AGGREGATE_PASS
2021-06-27,B8,67,0.9280575539568345,0.8839907192575406,417,431,047805679e18fefe70c1cf42fed4d9b258030a794f5c5dc9055070c5ae6ca909,numeric,FROZEN_TIMECREATE_AGGREGATE_PASS
2021-06-27,B9,52,0.9027777777777778,0.8841698841698842,288,259,6c16947b68ce6d46a6ff7980ef634754a9a483f9b228c0da68e127c9f1e971f9,numeric,FROZEN_TIMECREATE_AGGREGATE_PASS
2021-06-27,B10,63,0.9328358208955224,0.8734793187347932,402,411,ae10dc57ae2bbe11c484045010e3486e4742886e9e7bde4d30086a972af33b8b,numeric,FROZEN_TIMECREATE_AGGREGATE_PASS
2021-07-11,B1,59,0.903010033444816,0.9186046511627907,299,344,73fc36248c85b76d56719878221e5d1131c931d9742c04ac5cbbd601c9fc2e28,numeric,FROZEN_TIMECREATE_AGGREGATE_PASS
2021-07-11,B2,66,0.9224376731301939,0.9279588336192109,361,583,a9f41d641cca93994fa3fc4e3e0d51f1933aa44cfef5d5900830fc7f51ef6ccf,numeric,FROZEN_TIMECREATE_AGGREGATE_PASS
2021-07-11,B3,53,0.9156118143459916,0.83008356545961,237,359,8d2d1713677f257134062164e5d37db659a4f3fe080be074169db12e7b4b5103,numeric,FROZEN_TIMECREATE_AGGREGATE_PASS
2021-07-11,B4,67,0.9072681704260651,0.8990384615384616,399,416,0eb849b756a6a7e68c1422755e62ae42f702a4e29acc9257b2ba6025a42e269d,numeric,FROZEN_TIMECREATE_AGGREGATE_PASS
2021-07-11,B5,54,0.8937007874015748,0.9026217228464419,254,267,9bc49459988e904b26800099f6ecdaec6760c53faecb02947c9f92de32b76b2e,numeric,FROZEN_TIMECREATE_AGGREGATE_PASS
2021-07-11,B6,65,0.9103139013452914,0.9133663366336634,446,404,8ffa741249de9e7792ecf63f2f80812826a61287cbb943eb9c94cad1eb44f6d6,numeric,FROZEN_TIMECREATE_AGGREGATE_PASS
2021-07-11,B7,43,0.8508771929824561,0.8214285714285714,228,252,ee480b07ac3d6e07bedd930b3f771410adbe96063ec7bd7cbbea7368e3d1f27d,numeric,FROZEN_TIMECREATE_AGGREGATE_PASS
2021-07-11,B8,67,0.9186991869918699,0.9088888888888889,369,450,bffb53d908a53e5dda353c11826a2110623d39da624077a3e6cb7c7312e43fa2,numeric,FROZEN_TIMECREATE_AGGREGATE_PASS
2021-07-11,B9,40,0.8377192982456141,0.8081632653061225,228,245,28c153ab5af2c7cfadbcb97a995692cd6e69d3cf067cf8e59d9bf683bd419bd6,numeric,FROZEN_TIMECREATE_AGGREGATE_PASS
2021-07-11,B10,67,0.9056603773584906,0.8883610451306413,371,421,7a7e85b81f3d66a1ea7f93872b78fe539408a3af8411f96d2050547befdaabda,numeric,FROZEN_TIMECREATE_AGGREGATE_PASS
2021-07-18,B1,47,0.9090909090909091,0.802675585284281,275,299,76dd012f5c7c43e46fc2e65288239fabe23e07d145372b2b99ee099cd1183632,numeric,FROZEN_TIMECREATE_AGGREGATE_PASS
2021-07-18,B2,67,0.9086021505376344,0.9002770083102493,372,361,6c1f69de7d812df1ba6798ed9dfe0c8999c53fb768d6da89ad597ed43ef0a367,numeric,FROZEN_TIMECREATE_AGGREGATE_PASS
2021-07-18,B3,51,0.8729096989966555,0.919831223628692,299,237,46101f1bc4e56926a256a94c1910150a33046e19e488835790a072329bb04e7a,numeric,FROZEN_TIMECREATE_AGGREGATE_PASS
2021-07-18,B4,70,0.95,0.924812030075188,440,399,d53229d4ca962e816830ca196cb841e70fe290fb2824b9bd3628136d3a707427,numeric,FROZEN_TIMECREATE_AGGREGATE_PASS
2021-07-18,B5,57,0.9003690036900369,0.9251968503937008,271,254,6829b6b25d9b4eeb46672122872734078a047753b56e0e29243af1605277034b,numeric,FROZEN_TIMECREATE_AGGREGATE_PASS
2021-07-18,B6,63,0.9224806201550387,0.9282511210762332,387,446,a0e4ad22a42d6fabb9e82e771576f292d73c0ea5de1d0dd81ebacb6e7be2affc,numeric,FROZEN_TIMECREATE_AGGREGATE_PASS
2021-07-18,B7,47,0.848,0.8991228070175439,250,228,10c99fb675f623942c705e69ed490303b5d27e85461fcbac63f07b1dcce38d48,numeric,FROZEN_TIMECREATE_AGGREGATE_PASS
2021-07-18,B8,65,0.88,0.9186991869918699,425,369,cb0cc5be136ebcbec334256e268919df65fabd4915702c28369c4bd1f4477e18,numeric,FROZEN_TIMECREATE_AGGREGATE_PASS
2021-07-18,B9,44,0.8305647840531561,0.8859649122807017,301,228,5ad64d44b7620b3b74765f3a8e7d42b843c223ad86c3822ca35659e1f57ea8b0,numeric,FROZEN_TIMECREATE_AGGREGATE_PASS
2021-07-18,B10,70,0.8615071283095723,0.9407008086253369,491,371,d1d2449a74828f14595eff5c5414e40cc0ea879fd502889ca61c1bf33a204f3c,numeric,FROZEN_TIMECREATE_AGGREGATE_PASS
2021-07-25,B1,50,0.8353293413173652,0.92,334,275,68c79fbdfa70f5a890d7d19f6c03d3723ce14608ad94f8352146932d32d2b0e0,numeric,FROZEN_TIMECREATE_AGGREGATE_PASS
2021-07-25,B2,62,0.9069767441860465,0.9032258064516129,387,372,32ed06e98238b7b4a0dc5ca9c280228d0111620188e0d4101d1816df52e77090,numeric,FROZEN_TIMECREATE_AGGREGATE_PASS
2021-07-25,B3,51,0.8773234200743495,0.8795986622073578,269,299,779ce8a8828a1df3fe000b182f44cca82c66c7a9f2b7c4664b4bf1bcd3e151e7,numeric,FROZEN_TIMECREATE_AGGREGATE_PASS
2021-07-25,B4,69,0.9116379310344828,0.9454545454545454,464,440,06a0bfddb3f0be04793193727ea591c20092c7af233ef5366044797e870d0854,numeric,FROZEN_TIMECREATE_AGGREGATE_PASS
2021-07-25,B5,57,0.9257950530035336,0.9003690036900369,283,271,a387dc3be0085a828b32c70d96141b2acbe6a6e125f8ad53252578333af52266,numeric,FROZEN_TIMECREATE_AGGREGATE_PASS
2021-07-25,B6,71,0.9107142857142857,0.9534883720930233,448,387,58059acc850ab3acda5a7a63f5b7bb22d5648c582637ba6bef52d1abd0caec2a,numeric,FROZEN_TIMECREATE_AGGREGATE_PASS
2021-07-25,B7,46,0.8658536585365854,0.86,246,250,d2cb25cfc7daf4063e97050f2f90f634f1ddb268355573e53462d322d9de2ae8,numeric,FROZEN_TIMECREATE_AGGREGATE_PASS
2021-07-25,B8,70,0.9331550802139037,0.92,374,425,f4fedcf1cb57014e46ecbcbf4def2cfb9ad04690776bcd6ab2a2d2ecbb394d50,numeric,FROZEN_TIMECREATE_AGGREGATE_PASS
2021-07-25,B9,49,0.8404255319148937,0.8504983388704319,282,301,ab9ee752ea70587defa835578986556a742de066e4a422f1cd48d79ab183c5bf,numeric,FROZEN_TIMECREATE_AGGREGATE_PASS
2021-07-25,B10,70,0.9166666666666666,0.9103869653767821,384,491,b847395065c60da65f27d4f006abe104fc7c032e782140f6241436471d70ed33,numeric,FROZEN_TIMECREATE_AGGREGATE_PASS
2021-08-01,B1,58,0.8924731182795699,0.8952095808383234,279,334,4c5de75b9971d87f34541b780f2899c68bd8386b0263dac42147f49cd7a8bf10,numeric,FROZEN_TIMECREATE_AGGREGATE_PASS
2021-08-01,B2,67,0.921875,0.9147286821705426,448,387,07a4094792acc4204c25f85446ffe28e7de8338dc5dbf43dc814c14acda66e9b,numeric,FROZEN_TIMECREATE_AGGREGATE_PASS
2021-08-01,B3,53,0.8951310861423221,0.8921933085501859,267,269,0afe9d5422d8fef414bd7ad4fe95e9da74dcb9f10f57021ce35b4436381656fd,numeric,FROZEN_TIMECREATE_AGGREGATE_PASS
2021-08-01,B4,67,0.9273182957393483,0.9094827586206896,399,464,3be3246b3916d36dcf9775992abb87fedc22311cb59ade9882ab0b16e8914af4,numeric,FROZEN_TIMECREATE_AGGREGATE_PASS
2021-08-01,B5,57,0.8765432098765432,0.9293286219081273,243,283,51ec7a12e947f925124ce5d3a07119f7522e7507fe08c268167db7260085426a,numeric,FROZEN_TIMECREATE_AGGREGATE_PASS
2021-08-01,B6,62,0.931758530183727,0.8459821428571429,381,448,2da39c0050f2ed49e1cb3652dd25b9c59023d8550f7a96f79e40ad3fb9ad68b4,numeric,FROZEN_TIMECREATE_AGGREGATE_PASS
2021-08-01,B7,46,0.8767605633802817,0.8617886178861789,284,246,a81903b3bd26d57559e88ceee03cd972dda1a1b7648fc2f3ef72b0c41d8ce4fa,numeric,FROZEN_TIMECREATE_AGGREGATE_PASS
2021-08-01,B8,68,0.9375,0.9090909090909091,416,374,bfc721a8d9e011787b72bca41db84417f77cdb258ed86090c45982ab03e031ee,numeric,FROZEN_TIMECREATE_AGGREGATE_PASS
2021-08-01,B9,45,0.8576923076923076,0.8156028368794326,260,282,c1dbae2406c79e0bcb801ac3d876db004614bc2f96d1737943c6a63a14ed96c3,numeric,FROZEN_TIMECREATE_AGGREGATE_PASS
2021-08-01,B10,64,0.8926014319809069,0.8880208333333334,419,384,5446bc34b40f72d52f059476625f84f02f69d17f6ad73449c12f4c37e5e2bd46,numeric,FROZEN_TIMECREATE_AGGREGATE_PASS
2021-08-08,B1,59,0.8924302788844621,0.8888888888888888,251,279,d99b6ca74a76764356e25287591aea56e352ff3d0375a283766e7c56136aead1,numeric,FROZEN_TIMECREATE_AGGREGATE_PASS
2021-08-08,B2,65,0.9312320916905444,0.8995535714285714,349,448,79454b8e2766cfb2120fbc110aed46a4799bac5a94a2f587381b9338c5cdd1a9,numeric,FROZEN_TIMECREATE_AGGREGATE_PASS
2021-08-08,B3,52,0.8608058608058609,0.9063670411985019,273,267,4d73a1de7d527c1a27a73ef195bb27b60d9a8169fd170a23f31928c063e40902,numeric,FROZEN_TIMECREATE_AGGREGATE_PASS
2021-08-08,B4,61,0.9088541666666666,0.9047619047619048,384,399,912c68461ae488b006edca8b2a23bc8dfb580405e5d8f655f7ad1e0bff99ba86,numeric,FROZEN_TIMECREATE_AGGREGATE_PASS
2021-08-08,B5,53,0.9075342465753424,0.8271604938271605,292,243,b4e0b64047012e96ef96c5389704f69db02a42a8f701be022a832fc708c418df,numeric,FROZEN_TIMECREATE_AGGREGATE_PASS
2021-08-08,B6,64,0.875,0.9212598425196851,424,381,1e9c308aa55ccd5b257274b0e4597bcc4af0e1e8d84d41f44ed2334bad237740,numeric,FROZEN_TIMECREATE_AGGREGATE_PASS
2021-08-08,B7,46,0.8736059479553904,0.8802816901408451,269,284,fb7168555b69383ed7b6d17cfcf721228e72f1f5edb427ce0af3e31b3fd27777,numeric,FROZEN_TIMECREATE_AGGREGATE_PASS
2021-08-08,B8,64,0.8762886597938144,0.9302884615384616,388,416,cf7aeef8160d396377af2f97baf4cb3fd52ed404c8c95fcf845af01f04bea79f,numeric,FROZEN_TIMECREATE_AGGREGATE_PASS
2021-08-08,B9,43,0.8311688311688312,0.8576923076923076,308,260,bfecaf5d933fcbb9202fa7081a884654eb82dfcbf91acb61e1853ccc11323f63,numeric,FROZEN_TIMECREATE_AGGREGATE_PASS
2021-08-08,B10,61,0.8778801843317973,0.8735083532219571,434,419,607eb54bc40bf2077da84b2951e5d021e2f8b69eec415d4bbcae468285a3bf1a,numeric,FROZEN_TIMECREATE_AGGREGATE_PASS
2021-08-15,B1,53,0.8840579710144928,0.8725099601593626,276,251,c03e2034492781c0bcebabd55c833b126d872c18416cb8246df9b570a59c054b,numeric,FROZEN_TIMECREATE_AGGREGATE_PASS
2021-08-15,B2,62,0.8582677165354331,0.8911174785100286,381,349,fce5fc194dffa20703ad4eb37639c86fac380b8f83bbd0d758e10c5afea12c2b,numeric,FROZEN_TIMECREATE_AGGREGATE_PASS
2021-08-15,B3,54,0.9046052631578947,0.8937728937728938,304,273,6c7f1886dfcd8c47bcd614340162ef28ea33deacd4eac3c2fc4e86894a389b83,numeric,FROZEN_TIMECREATE_AGGREGATE_PASS
2021-08-15,B4,65,0.9254385964912281,0.9427083333333334,456,384,6eb88347b232bb2c3b8a5520c5e0447ec82e8c1715ba6f926dcf03c18828d190,numeric,FROZEN_TIMECREATE_AGGREGATE_PASS
2021-08-15,B5,51,0.8771929824561403,0.8321917808219178,285,292,4d89e0dbfe4c29240439e0f2e0306daf80a966330cd0e7e08839abb91a27d142,numeric,FROZEN_TIMECREATE_AGGREGATE_PASS
2021-08-15,B6,68,0.8925233644859814,0.9033018867924528,428,424,458d102b35a7c0c6b5c2dd75b2191b6b12d298069cfcec871a018f3656529026,numeric,FROZEN_TIMECREATE_AGGREGATE_PASS
2021-08-15,B7,47,0.9384615384615385,0.8773234200743495,260,269,18f4360766e05b18a6aa7265b67af3aea366fe6d0cc174862e123878fe8c2e64,numeric,FROZEN_TIMECREATE_AGGREGATE_PASS
2021-08-15,B8,64,0.9007263922518159,0.8685567010309279,413,388,d223820475ffc216491b8ebaee0ee10e839f734254de3acd3d13f9196e12bc69,numeric,FROZEN_TIMECREATE_AGGREGATE_PASS
2021-08-15,B9,47,0.856655290102389,0.922077922077922,293,308,b32063ad1dac04bb521d03f0baa4081503613e2c852e68242e676ba992c3239b,numeric,FROZEN_TIMECREATE_AGGREGATE_PASS
2021-08-15,B10,65,0.8994708994708994,0.8940092165898618,378,434,22fdc11ea9065217ecd71f13ebcd5b10bdf31caa89e897f68729f0bfd2f35d1f,numeric,FROZEN_TIMECREATE_AGGREGATE_PASS
2021-08-22,B1,46,0.8319672131147541,0.8586956521739131,244,276,3fe814be46731aef5d4c338a3acea35ecd74fb719adf3ddc35d10dc964c56cc5,numeric,FROZEN_TIMECREATE_AGGREGATE_PASS
2021-08-22,B2,62,0.9044776119402985,0.8608923884514436,335,381,0e65a60ae1cf3327c2fb5ad6902627998c333a1ad434f89270d41e8e450de8cc,numeric,FROZEN_TIMECREATE_AGGREGATE_PASS
2021-08-22,B3,50,0.8556701030927835,0.8651315789473685,291,304,82071ef7d40449ea250f0aaeefe73ca0ede455b7fcb48a9a2341d4f637965725,numeric,FROZEN_TIMECREATE_AGGREGATE_PASS
2021-08-22,B4,68,0.930715935334873,0.9495614035087719,433,456,7ea182cc2914dc59dbd5d103f6b4f10cc9bda89e96e492c6ec0e5a501b4e7ab2,numeric,FROZEN_TIMECREATE_AGGREGATE_PASS
2021-08-22,B5,46,0.8586206896551725,0.8947368421052632,290,285,5618e8d97d8566e1fd931f8822622474d7c48c32c3410658638f62069f8e94b9,numeric,FROZEN_TIMECREATE_AGGREGATE_PASS
2021-08-22,B6,68,0.8954869358669834,0.9065420560747663,421,428,511a18304775b6db39bb3839b3e44a506e05173983995d6fba095d7894ad1fc1,numeric,FROZEN_TIMECREATE_AGGREGATE_PASS
2021-08-22,B7,43,0.8694029850746269,0.8538461538461538,268,260,09f108587274785e489bc6d248c6015741217765e8eeccdfd2c8610ce21f0fca,numeric,FROZEN_TIMECREATE_AGGREGATE_PASS
2021-08-22,B8,60,0.8839050131926122,0.8426150121065376,379,413,c7809a75e18ca9ffae30174d60aa47b493c8541a68387002cf26c84a6d8623b3,numeric,FROZEN_TIMECREATE_AGGREGATE_PASS
2021-08-22,B9,49,0.8980392156862745,0.8293515358361775,255,293,f5819ccf8f1bcdc12319f3dc957077ec45d668e63dfee9b2e929f971521e635d,numeric,FROZEN_TIMECREATE_AGGREGATE_PASS
2021-08-22,B10,59,0.9230769230769231,0.8571428571428571,416,378,79b5639bccc7d9857b4cb24425db007e018b72c3e7a0ed8d5cabe219644b549b,numeric,FROZEN_TIMECREATE_AGGREGATE_PASS
2021-09-12,B1,46,0.8482490272373541,0.9354838709677419,257,310,9cfeee82b64f97b5d6111f54f7938a6cb66b1df810ceb3a9022a4f9fbc0ecc3b,numeric,FROZEN_TIMECREATE_AGGREGATE_PASS
2021-09-12,B2,58,0.8814589665653495,0.939203354297694,329,477,88691d55f1780484c9cbffdbc6cbecd2592b0778c721aa07654d11afcc0be46e,numeric,FROZEN_TIMECREATE_AGGREGATE_PASS
2021-09-12,B3,44,0.8421052631578947,0.9022346368715084,285,358,7433bb4f2fbb32c6f7b009c62a176779c24befcdaa131e7a3eb75c44f9f02e80,numeric,FROZEN_TIMECREATE_AGGREGATE_PASS
2021-09-12,B4,66,0.8744588744588745,0.9482758620689655,462,522,bf7bc732e50dfc53ad625cdfeaa3181b7562e0b86d2e2f26b0a9a3bdcefe3b7e,numeric,FROZEN_TIMECREATE_AGGREGATE_PASS
2021-09-12,B5,42,0.7789855072463768,0.9032258064516129,276,248,b1b747a06369bb3ce9d09908ae905dcb1f7d95a6163bd5774a59718b3c37ba0f,numeric,FROZEN_TIMECREATE_AGGREGATE_PASS
2021-09-12,B6,62,0.843501326259947,0.9212765957446809,377,470,5d55639654693a936e059839640d6f87fe3fd629831710f8bbe1e9229efc8cdf,numeric,FROZEN_TIMECREATE_AGGREGATE_PASS
2021-09-12,B7,52,0.8817204301075269,0.9148936170212766,279,282,6e2e9d2f0a620956ca81758e40fa2527f8354fb1beccb6f144e09d2b545d94d9,numeric,FROZEN_TIMECREATE_AGGREGATE_PASS
2021-09-12,B8,58,0.8972972972972973,0.920814479638009,370,442,f2e9b6f72ef7c82a4630e51d62ffea94542d6b1c575acdc98fc65776cfb276df,numeric,FROZEN_TIMECREATE_AGGREGATE_PASS
2021-09-12,B9,48,0.8539325842696629,0.9135338345864662,267,266,6e8860c5987d293de5afd9f307d94cdf9dd5106bcde4ec8917dd944248104631,numeric,FROZEN_TIMECREATE_AGGREGATE_PASS
2021-09-12,B10,70,0.9029126213592233,0.9646017699115044,412,452,a95483799d98b1bd6dfbd093bb8abfcceffd800f0431305162bbd688a8189d38,numeric,FROZEN_TIMECREATE_AGGREGATE_PASS
2021-09-19,B1,57,0.8739837398373984,0.9182879377431906,246,257,28cb4e32669de786c97e0f76ed4f90bc318f43d9d6d3f1233f63c25f2c2648e7,numeric,FROZEN_TIMECREATE_AGGREGATE_PASS
2021-09-19,B2,63,0.9208211143695014,0.9300911854103343,341,329,4d908094d72d69f9ab90b43001c22754bd7aed53dd88a90c330a1e0863214e6f,numeric,FROZEN_TIMECREATE_AGGREGATE_PASS
2021-09-19,B3,43,0.8702290076335878,0.8456140350877193,262,285,e38eb4e3762979e40bbeb20fc8fedbf2390e9ca10103b7276978736b5bbd7be8,numeric,FROZEN_TIMECREATE_AGGREGATE_PASS
2021-09-19,B4,66,0.9139784946236559,0.8766233766233766,372,462,e2dbdc9a95cf87317fbd67aababbe8e765e134bed1999491bc54d36cbfd568de,numeric,FROZEN_TIMECREATE_AGGREGATE_PASS
2021-09-19,B5,51,0.8846153846153846,0.8369565217391305,234,276,4cb678bef5bb36fdfd220eca12b4aa85194d23d532457a971f22744f82157d71,numeric,FROZEN_TIMECREATE_AGGREGATE_PASS
2021-09-19,B6,59,0.9232876712328767,0.8275862068965517,365,377,4f30d9c3a08deb10ed27a40a961ac402d4983bb56c5e31bc6d5caf46fc0f7f83,numeric,FROZEN_TIMECREATE_AGGREGATE_PASS
2021-09-19,B7,50,0.8951612903225806,0.8781362007168458,248,279,da3d8a4a47d93dab605079b3c7e6512b51a7b7d57186a2b95d2c59a838efa3dd,numeric,FROZEN_TIMECREATE_AGGREGATE_PASS
2021-09-19,B8,67,0.9511568123393316,0.9459459459459459,389,370,ae27c4496bb282b6523da4477d3a1beb534ed980681cd59f8c11c5f54666e881,numeric,FROZEN_TIMECREATE_AGGREGATE_PASS
2021-09-19,B9,47,0.8731884057971014,0.8202247191011236,276,267,ee083efaeb595b21d62514d30b3b5da61c48c4b793112b2579294168db6f5d0b,numeric,FROZEN_TIMECREATE_AGGREGATE_PASS
2021-09-19,B10,69,0.9236641221374046,0.912621359223301,393,412,ceb63040202ae11c0de963ec5183292e9bc8c225fb5dc550fcf37aa540723ea1,numeric,FROZEN_TIMECREATE_AGGREGATE_PASS
2021-09-26,B1,57,0.884272997032641,0.8943089430894309,337,246,36cc1ade8a6623fee05c21f88fc053cb7871f910af920f96bf7746669a70c4f9,numeric,FROZEN_TIMECREATE_AGGREGATE_PASS
2021-09-26,B2,64,0.9186602870813397,0.9237536656891495,418,341,fff2ab4a5d8fa330f67b2f1ac0ab8d3f56eab9feeabf5ccf153a40ca485d77ae,numeric,FROZEN_TIMECREATE_AGGREGATE_PASS
2021-09-26,B3,56,0.873015873015873,0.950381679389313,378,262,9267b2f1d6de28c8071ee078e8cb21fec8198879041ae2835dd627bdeea6de18,numeric,FROZEN_TIMECREATE_AGGREGATE_PASS
2021-09-26,B4,63,0.9064039408866995,0.9032258064516129,406,372,ab82e4c0abdbf4c3d91fb662359faf916ef145b50ef09bd08676ecee475adff6,numeric,FROZEN_TIMECREATE_AGGREGATE_PASS
2021-09-26,B5,43,0.8825622775800712,0.8717948717948718,281,234,c865544a69e82ac7ae21009ad2962e4df536c3182089ed2eb3f288c8b2addefe,numeric,FROZEN_TIMECREATE_AGGREGATE_PASS
2021-09-26,B6,62,0.8879781420765027,0.9260273972602739,366,365,718a8bbeec7aa84673e1dea9eb230ee773f23ece482e3621d62dd527bc8ed54d,numeric,FROZEN_TIMECREATE_AGGREGATE_PASS
2021-09-26,B7,50,0.868421052631579,0.9112903225806451,266,248,6924a081b269fc67dd4c60e068472c3d3bad7c9b936d49eb34e1c8329c4186b2,numeric,FROZEN_TIMECREATE_AGGREGATE_PASS
2021-09-26,B8,67,0.9293785310734464,0.9177377892030848,354,389,72cf936a162b35eaf28f8e6d22edb2d3c6f97995b93a31087bcbbe3967ccdf98,numeric,FROZEN_TIMECREATE_AGGREGATE_PASS
2021-09-26,B9,44,0.8333333333333334,0.8188405797101449,252,276,dd9e32f9401ed5a830ff2920fac28375a28e6ec7b30dc5b2583cb4dd77d7e7da,numeric,FROZEN_TIMECREATE_AGGREGATE_PASS
2021-09-26,B10,66,0.9252336448598131,0.9389312977099237,428,393,9d332624ef09fa6a34c3de4e02d8d3e047974310cb8361d3f825e7d37aee643e,numeric,FROZEN_TIMECREATE_AGGREGATE_PASS
2021-10-03,B1,55,0.9115384615384615,0.8783382789317508,260,337,a09cfe9f5822d609de1f140c83e90994b14b42549e0c09f7bf65672cc3d9cf4c,numeric,FROZEN_TIMECREATE_AGGREGATE_PASS
2021-10-03,B2,64,0.8758029978586723,0.9186602870813397,467,418,3b183cf14123830666aaf5f5853680de615e5ab0670904ac6fe7486ff33afc04,numeric,FROZEN_TIMECREATE_AGGREGATE_PASS
2021-10-03,B3,57,0.9438943894389439,0.8809523809523809,303,378,305810b45737bfdbd27a25707764562462c164e984cf194eb1c21e32ff6c84e7,numeric,FROZEN_TIMECREATE_AGGREGATE_PASS
2021-10-03,B4,62,0.9031413612565445,0.9285714285714286,382,406,49df9933e9058444048081a4344887b67bf84cadd2ac85f2f76bdbe794417159,numeric,FROZEN_TIMECREATE_AGGREGATE_PASS
2021-10-03,B5,45,0.8774703557312253,0.896797153024911,253,281,eff9c8268356cc972c52d3ec795da0bc1f2a08148f51b921976bbf6c33cb2f53,numeric,FROZEN_TIMECREATE_AGGREGATE_PASS
2021-10-03,B6,56,0.9252577319587629,0.8442622950819673,388,366,bf40262176e75cb1c381d5ca5e0843e7e7263c31d5256349c9988a23855c34e5,numeric,FROZEN_TIMECREATE_AGGREGATE_PASS
2021-10-03,B7,45,0.9071729957805907,0.8345864661654135,237,266,8ef9236623e1913afc3e519c8acff15b1bbfaa6931d1ad009ecd36f29624c5c3,numeric,FROZEN_TIMECREATE_AGGREGATE_PASS
2021-10-03,B8,67,0.90744920993228,0.9152542372881356,443,354,cd34b49e7ad4ced990560dac33926e0044d871038d090050e24fc75724fd5c55,numeric,FROZEN_TIMECREATE_AGGREGATE_PASS
2021-10-03,B9,45,0.8204225352112676,0.8611111111111112,284,252,53c2179a006063491967bef27838bdcc969e207e98ad27db4783fb20238ccd98,numeric,FROZEN_TIMECREATE_AGGREGATE_PASS
2021-10-03,B10,70,0.9329004329004329,0.9532710280373832,462,428,1b615fbdeb4a52760acb2eec4042d9b522b8476669080164f143e6800bc05432,numeric,FROZEN_TIMECREATE_AGGREGATE_PASS
2021-10-10,B1,56,0.9018181818181819,0.8923076923076924,275,260,b323b860c1b045cc193c97fe3303c7877458bdb961c846a7e85c1c6e21eeba5d,numeric,FROZEN_TIMECREATE_AGGREGATE_PASS
2021-10-10,B2,66,0.9166666666666666,0.8993576017130621,396,467,7e9b5934717b1578498fa4458f3f33b854f1d5123b287959b2e59090e79fa876,numeric,FROZEN_TIMECREATE_AGGREGATE_PASS
2021-10-10,B3,55,0.8518518518518519,0.9273927392739274,351,303,136e10343c43015378e7e8e9ccb193ca25a5c5103aa7ceee290c10f3ac827318,numeric,FROZEN_TIMECREATE_AGGREGATE_PASS
2021-10-10,B4,65,0.925601750547046,0.9424083769633508,457,382,dd5d036a5dfd9d848bf4612b5158b82f84f4f58a8b9cef1ad329a14d2c5529bf,numeric,FROZEN_TIMECREATE_AGGREGATE_PASS
2021-10-10,B5,46,0.915129151291513,0.8932806324110671,271,253,b710355b7e5397d7079376952811e9c9f10d7a3cf5b98029ada5637e05ae3609,numeric,FROZEN_TIMECREATE_AGGREGATE_PASS
2021-10-10,B6,56,0.8840579710144928,0.9201030927835051,414,388,a8fc35100e5b24629034bff5ad4f89e3a2a73079e2b6239140c8c0bbc6f15f9b,numeric,FROZEN_TIMECREATE_AGGREGATE_PASS
2021-10-10,B7,43,0.8,0.8565400843881856,305,237,045596ac2db4f8e6a8c652f27db1e95f3a0b26751cda6df2147eaf5c3073b7e1,numeric,FROZEN_TIMECREATE_AGGREGATE_PASS
2021-10-10,B8,67,0.9325,0.9142212189616253,400,443,f1e4ba4ef6016cbb44993a7676292b0d91054da5f5c4877e58e6e022494d6c47,numeric,FROZEN_TIMECREATE_AGGREGATE_PASS
2021-10-10,B9,51,0.9033457249070632,0.8802816901408451,269,284,84e63a9b786ba3d81a81f13b72d036b790451f16e30687088788b98ba0367961,numeric,FROZEN_TIMECREATE_AGGREGATE_PASS
2021-10-10,B10,72,0.9095354523227384,0.922077922077922,409,462,74ca43cc7e1254bb026c55ec0f56c414039d6c389af4699f9bc5c1241cc6daa7,numeric,FROZEN_TIMECREATE_AGGREGATE_PASS
2021-10-17,B1,56,0.9297658862876255,0.8836363636363637,299,275,054f9d836c8ba03c82ddf51d4c1f6f7db5a56370de5614cf6f2b654fd7ed319a,numeric,FROZEN_TIMECREATE_AGGREGATE_PASS
2021-10-17,B2,66,0.9362244897959183,0.9292929292929293,392,396,f0ab52f5217d7e75e83c9d15a0ae2e671e91d2a77b8eb79c5ed07b748a0680f6,numeric,FROZEN_TIMECREATE_AGGREGATE_PASS
2021-10-17,B3,57,0.9297658862876255,0.8803418803418803,299,351,b19aa2f291b596b865795ea6420caf6f8ea5d3dde891861572895eece92ef574,numeric,FROZEN_TIMECREATE_AGGREGATE_PASS
2021-10-17,B4,61,0.9211195928753181,0.9234135667396062,393,457,37e4769169b1695d0787c65bdbe7ee0db04c94b2535a1e36368f11722a52aa81,numeric,FROZEN_TIMECREATE_AGGREGATE_PASS
2021-10-17,B5,47,0.8860759493670886,0.915129151291513,237,271,9e859db67bb5e1d72af350278dc9ae431fcbfd67fa61f39347492fdd3164fb65,numeric,FROZEN_TIMECREATE_AGGREGATE_PASS
2021-10-17,B6,72,0.8590909090909091,0.966183574879227,440,414,16d47f4e5e4504c0bbfcf54bd8501df0b99d9ff84a1a5ded07163877c2c187e4,numeric,FROZEN_TIMECREATE_AGGREGATE_PASS
2021-10-17,B7,54,0.8092307692307692,0.9049180327868852,325,305,57accc72114b14f7194d0dbe117f2fc43f4f4e5b48ced691dce02b071c4719de,numeric,FROZEN_TIMECREATE_AGGREGATE_PASS
2021-10-17,B8,61,0.8904761904761904,0.915,420,400,ab4df9b35b6b6b04c53dfdde90726bca19e434f5bac95f8807e15bcbbdcf1006,numeric,FROZEN_TIMECREATE_AGGREGATE_PASS
2021-10-17,B9,45,0.8269230769230769,0.8141263940520446,260,269,727b5af1d700c41e2a81fd9705df72996013d942f3a5ec748486cfb88af04873,numeric,FROZEN_TIMECREATE_AGGREGATE_PASS
2021-10-17,B10,68,0.9454976303317536,0.902200488997555,422,409,96ba9194ce3abb6eb37c3234cd0538628ad6614819f1009cf8eaa9fd0aca1c6f,numeric,FROZEN_TIMECREATE_AGGREGATE_PASS
2021-10-24,B1,49,0.8768656716417911,0.8561872909698997,268,299,e79bc82b5498f82e6acb7cba3a6581b40e7e861c07fc32fb6129ce83fdc70f70,numeric,FROZEN_TIMECREATE_AGGREGATE_PASS
2021-10-24,B2,66,0.9576719576719577,0.9438775510204082,378,392,c649f376bf5f9e807f9e9514275f0c2bec252ca3a77281c6ff2cbe9bfa59485e,numeric,FROZEN_TIMECREATE_AGGREGATE_PASS
2021-10-24,B3,55,0.8863636363636364,0.9264214046822743,308,299,5a2e2359ba66eb422abb06e85dd034bafb65fcf79d80eae93fda9becf0fffcd2,numeric,FROZEN_TIMECREATE_AGGREGATE_PASS
2021-10-24,B4,66,0.9356321839080459,0.9363867684478372,435,393,61a34d32b2a5aaa871b88104c87d549b495b0852331dab103e8ffcaa420b8d29,numeric,FROZEN_TIMECREATE_AGGREGATE_PASS
2021-10-24,B5,47,0.8664383561643836,0.8776371308016878,292,237,cb815878c8551f3d42cb4484a970c9950d33f38273efb3ce89601bd73de6b3fe,numeric,FROZEN_TIMECREATE_AGGREGATE_PASS
2021-10-24,B6,74,0.9438202247191011,0.8704545454545455,445,440,cac8637d2eaf29539ca3731c0e2019b2b802ebe8a7feb4ae20ecfc49dc145839,numeric,FROZEN_TIMECREATE_AGGREGATE_PASS
2021-10-24,B7,53,0.9173228346456693,0.8061538461538461,254,325,db150d7a4d815a41c0d2b3713cfeeee1c09df4a2482e0582a0b10e3b6b62cc05,numeric,FROZEN_TIMECREATE_AGGREGATE_PASS
2021-10-24,B8,62,0.8770491803278688,0.9261904761904762,366,420,62cca619557ecf398ee5c018e7961afed2027c42de97eef09fd5d6d67de3e6d7,numeric,FROZEN_TIMECREATE_AGGREGATE_PASS
2021-10-24,B9,49,0.9032258064516129,0.8730769230769231,248,260,e84727a68e289f419306ab5cab806aa37e326f0306014de0b1c841dcd9f11c8c,numeric,FROZEN_TIMECREATE_AGGREGATE_PASS
2021-10-24,B10,65,0.8612975391498882,0.943127962085308,447,422,b38a2dcb6ea4640687f1c07d605963dbd0e923e13753accecaff97c99ea1d664,numeric,FROZEN_TIMECREATE_AGGREGATE_PASS
2021-10-31,B1,50,0.859375,0.8955223880597015,384,268,20c7d17bd2275a1f2e33dbb9777dac2559a48f0ae3244faea13f1b9d0cc4647d,numeric,FROZEN_TIMECREATE_AGGREGATE_PASS
2021-10-31,B2,65,0.908641975308642,0.9470899470899471,405,378,38493d6a362ed72c7b1531414ab5d7cbe47a89ae6bbfba072dc8c3d14c76df9a,numeric,FROZEN_TIMECREATE_AGGREGATE_PASS
2021-10-31,B3,55,0.904891304347826,0.8571428571428571,368,308,1316398bdf7ca8050cfbe977ca13be56d70795d795fc57da7466a7d1a9627d38,numeric,FROZEN_TIMECREATE_AGGREGATE_PASS
2021-10-31,B4,65,0.9193548387096774,0.9356321839080459,434,435,5679b9f5ff890172d8edca8057229e2ae2ff7491836916d2cd71f8dd68556e04,numeric,FROZEN_TIMECREATE_AGGREGATE_PASS
2021-10-31,B5,46,0.8472727272727273,0.8698630136986302,275,292,86ed0f855d78abab89a92a4607f93cc5ba4ca9d51b4aa2dbadae78de59478a11,numeric,FROZEN_TIMECREATE_AGGREGATE_PASS
2021-10-31,B6,71,0.9545454545454546,0.9348314606741573,440,445,04213b0057a18596fda92e410103dd39ea453edaa8ddaaca35c38ad5999fac29,numeric,FROZEN_TIMECREATE_AGGREGATE_PASS
2021-10-31,B7,46,0.8846153846153846,0.8346456692913385,260,254,03cee5c664a74dd63d2b2c49d26db052d249ddaacdb7c8b83cb20f7db2a2da4c,numeric,FROZEN_TIMECREATE_AGGREGATE_PASS
2021-10-31,B8,64,0.9029850746268657,0.8879781420765027,402,366,26c9e78ee0a8e998f70788134e28aac0d8162a38568d4c080f69cf3c1f3e5a0a,numeric,FROZEN_TIMECREATE_AGGREGATE_PASS
2021-10-31,B9,43,0.8600682593856656,0.8508064516129032,293,248,a9f38ad59ad79fe4917b0bdb4b4bcfac0edbbecf58fe0b9bd004ea3c382b5f97,numeric,FROZEN_TIMECREATE_AGGREGATE_PASS
2021-10-31,B10,74,0.9408866995073891,0.9284116331096197,406,447,dafdda8481565156f5a2abacc1bf7d44e4dd7c23212d6df73c8dd2f43f4c5ee0,numeric,FROZEN_TIMECREATE_AGGREGATE_PASS
2021-11-07,B1,55,0.8559077809798271,0.90625,347,384,64acf0464e66a1b4ba9fadcdf37005413e7912363055f886dbe56f9d8534c983,numeric,FROZEN_TIMECREATE_AGGREGATE_PASS
2021-11-07,B2,61,0.9130434782608695,0.8987654320987655,391,405,c17baae8ef6727a2071fe48e20eb1c96213e84169bf9f4ae9f9beb61c5b6da25,numeric,FROZEN_TIMECREATE_AGGREGATE_PASS
2021-11-07,B3,54,0.9163763066202091,0.8722826086956522,287,368,9ff5b7bed0808fe15942e534f24e23c542ff99eee27e41b9091cf764d1b8ee00,numeric,FROZEN_TIMECREATE_AGGREGATE_PASS
2021-11-07,B4,61,0.9274193548387096,0.8778801843317973,372,434,29312a32ab258daebbc53cd6091b5067038a7ec5cd055ef79df4ca0ee61c4ccd,numeric,FROZEN_TIMECREATE_AGGREGATE_PASS
2021-11-07,B5,46,0.8779661016949153,0.8363636363636363,295,275,83e59af4e426edce79c3b86c2d57eabac9670c28ae7f88061bc8a9805b83e573,numeric,FROZEN_TIMECREATE_AGGREGATE_PASS
2021-11-07,B6,67,0.9601990049751243,0.9318181818181818,402,440,198599363f4c8876ef07ad15038f7a6b9e0d1ec636142e8bd4179102ae9e3bc7,numeric,FROZEN_TIMECREATE_AGGREGATE_PASS
2021-11-07,B7,45,0.8552188552188552,0.8884615384615384,297,260,2f6c517d75daabf59318812c1b75a41146facc3f3bf313b243d80eefed57c9a9,numeric,FROZEN_TIMECREATE_AGGREGATE_PASS
2021-11-07,B8,71,0.9465648854961832,0.945273631840796,393,402,6d9a4ac8b2cc292d0b87ab7529cbc8857d49a7257c392f75ee1f471c01d0e498,numeric,FROZEN_TIMECREATE_AGGREGATE_PASS
2021-11-07,B9,57,0.8566433566433567,0.9419795221843004,286,293,ef68894e78f237740f3e9463cc25a04e1397e0e5e63109c52c9b95ca10a8ed9e,numeric,FROZEN_TIMECREATE_AGGREGATE_PASS
2021-11-07,B10,73,0.927860696517413,0.9285714285714286,402,406,0b9cd5fb9ee9ddc4a4c3eb1b72f7e554a7170634d9cfbb0c91c10c5fbf8a8310,numeric,FROZEN_TIMECREATE_AGGREGATE_PASS
2021-11-14,B1,57,0.8917910447761194,0.8789625360230547,268,347,7028c792eee5aca889907de0f7432a8775cbb27f91d075ae9710c5591978e56c,numeric,FROZEN_TIMECREATE_AGGREGATE_PASS
2021-11-14,B2,60,0.883419689119171,0.9232736572890026,386,391,d138c9f707448b6316290a688ce6e76c426a9d8188a2e6070a8c4e477cf2c225,numeric,FROZEN_TIMECREATE_AGGREGATE_PASS
2021-11-14,B3,55,0.9152542372881356,0.9059233449477352,295,287,8b7a4ba866d5154887f020de2e75f7fac3e90a28005312363b6f301a62f39558,numeric,FROZEN_TIMECREATE_AGGREGATE_PASS
2021-11-14,B4,62,0.9095354523227384,0.9301075268817204,409,372,8e411752d72c4476350380cf1303d184b94cc9b181cbf5b188eb9e02fac3abb4,numeric,FROZEN_TIMECREATE_AGGREGATE_PASS
2021-11-14,B5,51,0.8571428571428571,0.9423728813559322,294,295,46a9f8aca455715fb0ca38d801ad5e1e78dc587f160e1f17bcd8bd58bc95c279,numeric,FROZEN_TIMECREATE_AGGREGATE_PASS
2021-11-14,B6,67,0.8976034858387799,0.9527363184079602,459,402,60b1cb1c9dae4a558015222044cb57102931bac2fd2aa2c42f260f1a063d2262,numeric,FROZEN_TIMECREATE_AGGREGATE_PASS
2021-11-14,B7,51,0.9411764705882353,0.9225589225589226,289,297,82919100254b3317aa9a46392ba3c08f936c216519f995b633e2f0ec0ee6ffa8,numeric,FROZEN_TIMECREATE_AGGREGATE_PASS
2021-11-14,B8,64,0.9033942558746736,0.8575063613231552,383,393,c44f34b02d4fa30da3202ca1819f952debc5ed33a865e603ba0263c42e3e09eb,numeric,FROZEN_TIMECREATE_AGGREGATE_PASS
2021-11-14,B9,56,0.9275862068965517,0.8706293706293706,290,286,bb20951c266afbac12332bbffac19a68e8d98b2e3aeec8c47c267f88948d704a,numeric,FROZEN_TIMECREATE_AGGREGATE_PASS
2021-11-14,B10,63,0.9340659340659341,0.8805970149253731,364,402,2458e66eaca36fd3edb1a082fd73714ff47ae51a8a5b60f59f4d67ee8e923c2c,numeric,FROZEN_TIMECREATE_AGGREGATE_PASS
2021-11-28,B1,52,0.8866666666666667,0.8788927335640139,300,289,1754343c07ee441c952b468e8ba0419cbda2ae774ada009f2d09c47c0e594740,numeric,FROZEN_TIMECREATE_AGGREGATE_PASS
2021-11-28,B2,69,0.93,0.92018779342723,400,426,6034f9d271dd7c331caf8eb15915073ddb3c8e0e94721d666dd701f04ecfcd44,numeric,FROZEN_TIMECREATE_AGGREGATE_PASS
2021-11-28,B3,54,0.9074074074074074,0.901685393258427,324,356,2919698fe99e747f9efa4130c53acf9f1fb757f26839468057bc537db012b93c,numeric,FROZEN_TIMECREATE_AGGREGATE_PASS
2021-11-28,B4,62,0.878345498783455,0.9378698224852071,411,338,6bde5f564de48ca2594c89251b7401596f4419e366efd561f85bd23a2ba848e5,numeric,FROZEN_TIMECREATE_AGGREGATE_PASS
2021-11-28,B5,45,0.9182156133828996,0.8784313725490196,269,255,24b6dc7c9be0ec771ee3873ba588a5bdfe2767a4b73227b99f50212fe8b7368f,numeric,FROZEN_TIMECREATE_AGGREGATE_PASS
2021-11-28,B6,66,0.9125,0.9251700680272109,400,441,e168e3c52db784a182e6a197ff49a11da3c08638fc5cf32431e79c5324c90e3f,numeric,FROZEN_TIMECREATE_AGGREGATE_PASS
2021-11-28,B7,46,0.8795620437956204,0.8745519713261649,274,279,5da6ba8909e31787524e70094d0fa687cfb4154e17492f53eedf3300dd4b79f0,numeric,FROZEN_TIMECREATE_AGGREGATE_PASS
2021-11-28,B8,62,0.9331797235023042,0.9339853300733496,434,409,9f6c04cb2f17b5bd29d7b923aaa7c53cf4115ec116604a971ba7468ab972240b,numeric,FROZEN_TIMECREATE_AGGREGATE_PASS
2021-11-28,B9,45,0.8598484848484849,0.8165938864628821,264,229,696bceae7a0bfd55534f0f7b0050d3c29c3f33a076aa2a7be98fb1268daa8715,numeric,FROZEN_TIMECREATE_AGGREGATE_PASS
2021-11-28,B10,61,0.8595744680851064,0.9262295081967213,470,366,0d07b963d69460c5493e307570387f73c98a13d2552bb67fdab137931665a920,numeric,FROZEN_TIMECREATE_AGGREGATE_PASS
2021-12-05,B1,51,0.8364197530864198,0.8766666666666667,324,300,554deefe3400df22ea6da2e6d4c5a4cbc77750324ce2ecd20e464cd708a4665e,numeric,FROZEN_TIMECREATE_AGGREGATE_PASS
2021-12-05,B2,67,0.9170506912442397,0.9275,434,400,eeea9089de515f073e0d0ec47e6684b3e208f4ec628054720484c954b4d90ba7,numeric,FROZEN_TIMECREATE_AGGREGATE_PASS
2021-12-05,B3,50,0.8918918918918919,0.8919753086419753,296,324,21ac7bc2cddd8a286ade1629bc3df28df08a88fbd86497246b0f06635a588281,numeric,FROZEN_TIMECREATE_AGGREGATE_PASS
2021-12-05,B4,70,0.9299516908212561,0.9343065693430657,414,411,7a323c5ea437a415ee5749b2bf257248a5217e5c761c986544ed3d0f51ee2c40,numeric,FROZEN_TIMECREATE_AGGREGATE_PASS
2021-12-05,B5,46,0.8686868686868687,0.8736059479553904,297,269,c196db467f0ff1a8d014d614097809f62ff5c713d06060fa0835ed9d0e9d8446,numeric,FROZEN_TIMECREATE_AGGREGATE_PASS
2021-12-05,B6,64,0.9427083333333334,0.8875,384,400,5e38c538dce02831ed64e68e62a73db298e965d9f846e6724b33c5653e5c59b4,numeric,FROZEN_TIMECREATE_AGGREGATE_PASS
2021-12-05,B7,53,0.86875,0.927007299270073,320,274,77ebcac07836cb9f4a69a23530b7d2959410ddc65fa417575cfded1fabbdcb26,numeric,FROZEN_TIMECREATE_AGGREGATE_PASS
2021-12-05,B8,61,0.9348370927318296,0.9262672811059908,399,434,8100ec5b554c520218d9184fa094ccd71da032340df579c3bb474389b1c0bd43,numeric,FROZEN_TIMECREATE_AGGREGATE_PASS
2021-12-05,B9,49,0.8719723183391004,0.9166666666666666,289,264,059f7a8ec9f5fb768c70ba66a061d4272814a53b1e4fe8396fcf08862bc0952f,numeric,FROZEN_TIMECREATE_AGGREGATE_PASS
2021-12-05,B10,69,0.8960396039603961,0.9382978723404255,404,470,7364afd12fdebdf611add8058da78e6ad5278a62b2f38c870e43541bc7be7294,numeric,FROZEN_TIMECREATE_AGGREGATE_PASS
2021-12-12,B1,58,0.9358490566037736,0.8672839506172839,265,324,19f313f05667e9d012717632ef4b971d01d1ae492b55b61ab708ce03661d282e,numeric,FROZEN_TIMECREATE_AGGREGATE_PASS
2021-12-12,B2,65,0.9207161125319693,0.8640552995391705,391,434,02e65fcb643ddce946a97560fcf11ac39408bb5bad72f4ecabf4d078ddc24066,numeric,FROZEN_TIMECREATE_AGGREGATE_PASS
2021-12-12,B3,53,0.9006622516556292,0.8817567567567568,302,296,070879ecbc14562d823e05ef44d7f53218a200a746d04541ce18248cdbda7d3e,numeric,FROZEN_TIMECREATE_AGGREGATE_PASS
2021-12-12,B4,70,0.9311163895486936,0.9251207729468599,421,414,58cebe0318ba09a49bb0842d9dc3566263542fb950a7777d41642919109dbc1a,numeric,FROZEN_TIMECREATE_AGGREGATE_PASS
2021-12-12,B5,47,0.8444444444444444,0.8787878787878788,270,297,0a425fdc0403ccb2b439451fb0d7c9d917aafbf920904831ff6abe388e287430,numeric,FROZEN_TIMECREATE_AGGREGATE_PASS
2021-12-12,B6,65,0.9099307159353349,0.9375,433,384,7eb2c3a580fd3a21830829113667441353a7ab0bc43703e52099311b62ecbaea,numeric,FROZEN_TIMECREATE_AGGREGATE_PASS
2021-12-12,B7,49,0.9032258064516129,0.840625,248,320,004df9961511d9b2fedf44b35b7e6c046fe479079abdc5d04682f2be296d22ac,numeric,FROZEN_TIMECREATE_AGGREGATE_PASS
2021-12-12,B8,63,0.9064935064935065,0.9448621553884712,385,399,80430ddd6e0475e507685de5442422b6cecebf765b03a7172738fdb199f6f32c,numeric,FROZEN_TIMECREATE_AGGREGATE_PASS
2021-12-12,B9,46,0.8703071672354948,0.8096885813148789,293,289,9fa40a18bf48768da8e01216e224855a60a5bd52a45a1d8a6fc75f4ef939399d,numeric,FROZEN_TIMECREATE_AGGREGATE_PASS
2021-12-12,B10,71,0.9295454545454546,0.9133663366336634,440,404,c6eda92b729a6383200f16a7e5841bb3847958c038c6b6dcd06e743cd6a9f49d,numeric,FROZEN_TIMECREATE_AGGREGATE_PASS
2021-12-19,B1,53,0.9075907590759076,0.9207547169811321,303,265,9d30d4e339bedfa32c36bba579b43cdbcd1d6ff5cc38403d3e35a58a314ae2d5,numeric,FROZEN_TIMECREATE_AGGREGATE_PASS
2021-12-19,B2,64,0.8651960784313726,0.9053708439897699,408,391,e68aa7f6d5874480b7f2c9ab32321c003b533d63b98a62aa5d41b662fe4f9b1a,numeric,FROZEN_TIMECREATE_AGGREGATE_PASS
2021-12-19,B3,52,0.8841463414634146,0.8543046357615894,328,302,52b12ed599d66ac5c8d002f57151e619b3b85f66353a1bd463e3f2a01b2c4a61,numeric,FROZEN_TIMECREATE_AGGREGATE_PASS
2021-12-19,B4,63,0.9335106382978723,0.8479809976247031,376,421,abad066124bcf0ba49b0d9f75f1015d38e068dadbff37d6399adba134e44168d,numeric,FROZEN_TIMECREATE_AGGREGATE_PASS
2021-12-19,B5,49,0.8759398496240601,0.8629629629629629,266,270,2abcc8fe6527bcc60bba8ff6dce83a565cd318161c93cb3308721b535a7643e1,numeric,FROZEN_TIMECREATE_AGGREGATE_PASS
2021-12-19,B6,59,0.9516539440203562,0.9076212471131639,393,433,9f34bffc8d42ffd39dc8cb4754088f7988ff3832ed84f98dd555bfb2b52b794d,numeric,FROZEN_TIMECREATE_AGGREGATE_PASS
2021-12-19,B7,44,0.8565891472868217,0.8870967741935484,258,248,c8cab150a2b8b2b731915c3a78d798f38b67a5cbf61ec1c7ed80b392340410cc,numeric,FROZEN_TIMECREATE_AGGREGATE_PASS
2021-12-19,B8,63,0.9154013015184381,0.8831168831168831,461,385,be62bb9f2376b9700fb4778868ffdf5d886ec2b45e943300f84c72a354d34ca6,numeric,FROZEN_TIMECREATE_AGGREGATE_PASS
2021-12-19,B9,52,0.7834394904458599,0.8873720136518771,314,293,4a17d6342eb2335e52ca68f8d24de081f1e6406fc48819ec5c79b598ecfa33ea,numeric,FROZEN_TIMECREATE_AGGREGATE_PASS
2021-12-19,B10,65,0.9340369393139841,0.9022727272727272,379,440,8d673ba9b3ef8af8d7ae21a337c2eee7db7db643491598bf6eb45c7ebb2bb5c5,numeric,FROZEN_TIMECREATE_AGGREGATE_PASS
2021-12-26,B1,48,0.9068627450980392,0.8646864686468647,204,303,493f4bfba0b9847be323f00596e6645a10f91a6e71a2bfecc4d005521f0a1b63,numeric,FROZEN_TIMECREATE_AGGREGATE_PASS
2021-12-26,B2,60,0.9107142857142857,0.8774509803921569,336,408,e190c9baa22a39181bf631f630e8e7f7aea824fe0f26a7bf11180830d2f9ddaf,numeric,FROZEN_TIMECREATE_AGGREGATE_PASS
2021-12-26,B3,48,0.8521400778210116,0.8932926829268293,257,328,b46d5454ebef2b1dedaf1ee097fe1eaa093fe3349c1cf0533c7813d1d44ea5c7,numeric,FROZEN_TIMECREATE_AGGREGATE_PASS
2021-12-26,B4,59,0.8627450980392157,0.8936170212765957,408,376,c3050348eb9320c5325a003e3ed9aacdad10ca44f6d43eee7edd45c182af6d67,numeric,FROZEN_TIMECREATE_AGGREGATE_PASS
2021-12-26,B5,51,0.8892508143322475,0.9022556390977443,307,266,544323c9925e28cd782ce53e972fecb08fc8fdaa8324712f7a1934ac7fdaaf93,numeric,FROZEN_TIMECREATE_AGGREGATE_PASS
2021-12-26,B6,55,0.8438287153652393,0.9440203562340967,397,393,3b8e8bebd09505d1ed6b7a872399ddb53e62f2c5052a424ea2561db058a57647,numeric,FROZEN_TIMECREATE_AGGREGATE_PASS
2021-12-26,B7,47,0.826797385620915,0.8604651162790697,306,258,c5a1f15418a5dc88440fff9611fdc3a87cdfe538b559b54031f6e3c72bd92153,numeric,FROZEN_TIMECREATE_AGGREGATE_PASS
2021-12-26,B8,61,0.9119804400977995,0.913232104121475,409,461,0ad92d0c29da817e2ac616568f66658c3aa0fdf225662dba14671e5cdf196fed,numeric,FROZEN_TIMECREATE_AGGREGATE_PASS
2021-12-26,B9,55,0.9161073825503355,0.910828025477707,298,314,0026cb0b003e771044a692b31fba76cbda538b8203859ca23d92c21da75ebd96,numeric,FROZEN_TIMECREATE_AGGREGATE_PASS
2021-12-26,B10,63,0.8755760368663594,0.9366754617414248,434,379,07d27dbb026a1851687cd0f2704566dad3f540fd3ee9bb774e4c7728f38ebc90,numeric,FROZEN_TIMECREATE_AGGREGATE_PASS
2022-01-02,B1,46,0.8594249201277955,0.8970588235294118,313,204,168c9e7efcb9a82627706a8101d300453a6470c128784dcd6da8a2ff9cadeec1,numeric,FROZEN_TIMECREATE_AGGREGATE_PASS
2022-01-02,B2,63,0.8910411622276029,0.9255952380952381,413,336,e6c8276dd1574a1c41dd5fe4b302e291892b898ce74d6dc6591063a939070955,numeric,FROZEN_TIMECREATE_AGGREGATE_PASS
2022-01-02,B3,45,0.8453237410071942,0.8404669260700389,278,257,641525a54025062060f1733778763d5de9aac0546049d77a82d7e2725a92489b,numeric,FROZEN_TIMECREATE_AGGREGATE_PASS
2022-01-02,B4,64,0.9093137254901961,0.9142156862745098,408,408,2605486cf363fb3353aed21d3a39df218351177a4b1a92694e75e27a0c9ff31b,numeric,FROZEN_TIMECREATE_AGGREGATE_PASS
2022-01-02,B5,43,0.9133574007220217,0.8566775244299675,277,307,8f89b709eb5302e6188336147f4e4f6345402c11c83e767a35d69ee2834a0815,numeric,FROZEN_TIMECREATE_AGGREGATE_PASS
2022-01-02,B6,66,0.9209183673469388,0.8992443324937027,392,397,7510f97850db3bdd9e384b0523f7d1e48b3a6f74bc9811e42fbe708d7742960c,numeric,FROZEN_TIMECREATE_AGGREGATE_PASS
2022-01-02,B7,50,0.8981481481481481,0.8300653594771242,216,306,9af8f4154cbe377d11cab91d6833a0d12f32255f06c1d0ccef12ac584bd9ee61,numeric,FROZEN_TIMECREATE_AGGREGATE_PASS
2022-01-02,B8,58,0.9324324324324325,0.9144254278728606,370,409,7ef0b8643ba57040154300947ee24646412e94b71e2996992f2fe1539002cfe8,numeric,FROZEN_TIMECREATE_AGGREGATE_PASS
2022-01-02,B9,44,0.86,0.8489932885906041,300,298,0d168ce76d521fd1b128107c373099c2205c8e3e509cf3995a478745b49d2c95,numeric,FROZEN_TIMECREATE_AGGREGATE_PASS
2022-01-02,B10,64,0.8928571428571429,0.8617511520737328,392,434,2f47da4fbda3e16d15e230a7f4882ff32012010aa1479a3cdf4579b6ba9512ec,numeric,FROZEN_TIMECREATE_AGGREGATE_PASS
2022-01-09,B1,53,0.9106529209621993,0.8785942492012779,291,313,12d2ff309d2ceea9a65efdc688009decb576845f676da1f3062277e70287db9f,numeric,FROZEN_TIMECREATE_AGGREGATE_PASS
2022-01-09,B2,67,0.8939759036144578,0.9176755447941889,415,413,f69f44390d120507eab5c881be43707330f0cbeeeaba4f5994b136c2201af004,numeric,FROZEN_TIMECREATE_AGGREGATE_PASS
2022-01-09,B3,45,0.8134556574923547,0.8705035971223022,327,278,4197a01a274a7f33cf5dc564d081c3054919c83d1578d23ffb01c2125dbfdd9e,numeric,FROZEN_TIMECREATE_AGGREGATE_PASS
2022-01-09,B4,71,0.9032258064516129,0.946078431372549,403,408,c3bdfe94252614dd835c1066a1ece03c8e9d680f6f4f9e6fc7e5bd6f866ccd73,numeric,FROZEN_TIMECREATE_AGGREGATE_PASS
2022-01-09,B5,47,0.8445229681978799,0.9386281588447654,283,277,d5deee117024f324fcd0f59720ef8334bd1acd042718ed03494bb395ab0269aa,numeric,FROZEN_TIMECREATE_AGGREGATE_PASS
2022-01-09,B6,66,0.9154929577464789,0.9183673469387755,426,392,78aa5be2b50915d564ba248e09c72d84b6320ab9f7e7b71f10cfb84843bd9d6a,numeric,FROZEN_TIMECREATE_AGGREGATE_PASS
2022-01-09,B7,42,0.8851351351351351,0.8657407407407407,296,216,88f631ebbc5fb290b980bb5004f908acd8a1d361ef4327b1108d29e25417002c,numeric,FROZEN_TIMECREATE_AGGREGATE_PASS
2022-01-09,B8,59,0.9225,0.9513513513513514,400,370,dbc5ab7f8844c12eaa4f3a97bb717a05d5efcf93ef0414d62672c151305d6b11,numeric,FROZEN_TIMECREATE_AGGREGATE_PASS
2022-01-09,B9,45,0.8661971830985915,0.87,284,300,5d5728b803ee3dd99b84548be7b8c107ce15863c3055048eb3ac21dcc61912d3,numeric,FROZEN_TIMECREATE_AGGREGATE_PASS
2022-01-09,B10,63,0.9166666666666666,0.9285714285714286,372,392,7d6cdac6d1fcf40d226afd9ac6c9cf228b3c75ae8a01ad72e15947710a64b8d4,numeric,FROZEN_TIMECREATE_AGGREGATE_PASS
2022-01-23,B1,42,0.8577235772357723,0.8387096774193549,246,279,d03828dfcdfb634d5756034acc2ce030fb35db1bc2047ab66093d82d8554b10d,numeric,FROZEN_TIMECREATE_AGGREGATE_PASS
2022-01-23,B2,61,0.9067796610169492,0.9142857142857143,354,315,4a51a4429782cffa77975c6d82ae5523b0c25245d94a285c8a3a2f1fd8c58a66,numeric,FROZEN_TIMECREATE_AGGREGATE_PASS
2022-01-23,B3,44,0.8233082706766918,0.8897338403041825,266,263,508158b4a01980f41565cb74b742a8cb4d1af036bd829d29f7d289ea6be5b5aa,numeric,FROZEN_TIMECREATE_AGGREGATE_PASS
2022-01-23,B4,67,0.926208651399491,0.9457364341085271,393,387,535506d1d696c3d9ea6ce76226bd788ee6d161c0800a6f7028afea6dd817ef4e,numeric,FROZEN_TIMECREATE_AGGREGATE_PASS
2022-01-23,B5,43,0.8768656716417911,0.9264069264069265,268,231,84066efd8f9d5d1bb9946dfa3693db0d727b787ea8033cd303a0a90fa1c1006d,numeric,FROZEN_TIMECREATE_AGGREGATE_PASS
2022-01-23,B6,61,0.8907563025210085,0.8979591836734694,357,392,f8643ba025cc851b85390c72b7911f4c7c079e3d98a9395a64a0acd771c14035,numeric,FROZEN_TIMECREATE_AGGREGATE_PASS
2022-01-23,B7,51,0.9114754098360656,0.815068493150685,305,292,47da2f76b8d59081b8ca87e92864df0a6ef69ec90ea11f9362dcbecf085ee390,numeric,FROZEN_TIMECREATE_AGGREGATE_PASS
2022-01-23,B8,68,0.9335106382978723,0.9130434782608695,376,391,274bba4720c2752a2e68b8ddd2533ed6534630d6e7000c6d5fa6f15ec831c0ae,numeric,FROZEN_TIMECREATE_AGGREGATE_PASS
2022-01-23,B9,52,0.9182879377431906,0.8214285714285714,257,280,f8ea8dac7ffde7b1de19e9e91e17cec685f31e5255b376b28d1da3887e6ebf60,numeric,FROZEN_TIMECREATE_AGGREGATE_PASS
2022-01-23,B10,63,0.9554973821989529,0.8489010989010989,382,364,e0a6e57d090d1cbf02c8c3adb6ec3e1e699a1794b3ba92294f443ea389dc524a,numeric,FROZEN_TIMECREATE_AGGREGATE_PASS
2022-01-30,B1,56,0.8584615384615385,0.9227642276422764,325,246,f4d3bdcb280150157a0686d643f7bf5caaa6abb508722d1db0a7a9b4cfca9da8,numeric,FROZEN_TIMECREATE_AGGREGATE_PASS
2022-01-30,B2,65,0.9334975369458128,0.9096045197740112,406,354,dabf30799572771e8abefcdcd859af7aec187b0fcbaf061c31f8cd4e90cd8189,numeric,FROZEN_TIMECREATE_AGGREGATE_PASS
2022-01-30,B3,51,0.9006410256410257,0.9022556390977443,312,266,61efef702cfefb7372d68510b98b39ab856ddfe157f9d5be08cf47e2640fbdf5,numeric,FROZEN_TIMECREATE_AGGREGATE_PASS
2022-01-30,B4,65,0.9168831168831169,0.9211195928753181,385,393,eb62edd561ae82c2bc14ea3a151646db7ee1398a60956730a856bb6a6efcc6da,numeric,FROZEN_TIMECREATE_AGGREGATE_PASS
2022-01-30,B5,49,0.8904593639575972,0.8880597014925373,283,268,7d412fb35a65a0b5a7523b7421e10596dd25dd1f2a01e3109cabebb5da5796c7,numeric,FROZEN_TIMECREATE_AGGREGATE_PASS
2022-01-30,B6,62,0.9199029126213593,0.8795518207282913,412,357,75b7bd4bf985d04fda7cd9561cd80a80ca2ed2c77c08da1e7984ff7ebeadf5ff,numeric,FROZEN_TIMECREATE_AGGREGATE_PASS
2022-01-30,B7,51,0.8793103448275862,0.9245901639344263,348,305,31c41c7721387138e9842fbd57636f5951cd2f997bdce37b6fd633a42feaade5,numeric,FROZEN_TIMECREATE_AGGREGATE_PASS
2022-01-30,B8,65,0.8886255924170616,0.9148936170212766,422,376,2a5cf70d2293b45f05d6743302ff0906c18466b92487f9909aaf152dff9053c0,numeric,FROZEN_TIMECREATE_AGGREGATE_PASS
2022-01-30,B9,47,0.8523076923076923,0.8871595330739299,325,257,32efc424143d3ceb72f3711e72a8e34e677c98e6c485d8f5f1f4768c181e76b4,numeric,FROZEN_TIMECREATE_AGGREGATE_PASS
2022-01-30,B10,59,0.8765432098765432,0.9240837696335078,405,382,499b242525d9e8861f7114f46d35301c9b12e329e678a7c66fa82cb2b24fcf16,numeric,FROZEN_TIMECREATE_AGGREGATE_PASS
2022-02-06,B1,55,0.8950437317784257,0.8584615384615385,343,325,f2d08252487b72dfdd33258ef25cf2eb57e1cddbfd4f5448c2a80fb03a86eeb9,numeric,FROZEN_TIMECREATE_AGGREGATE_PASS
2022-02-06,B2,66,0.9247572815533981,0.9458128078817734,412,406,c8097795f035ec77d348c1aabfb5e6d06d9b68b82240fa24432da8fb7a72cb84,numeric,FROZEN_TIMECREATE_AGGREGATE_PASS
2022-02-06,B3,52,0.8984615384615384,0.9423076923076923,325,312,494ecb1adc0a8df566eec626a9974794077f44beff9002ee96c00647db5d6edf,numeric,FROZEN_TIMECREATE_AGGREGATE_PASS
2022-02-06,B4,66,0.9334975369458128,0.9142857142857143,406,385,e3e0897742e6253344c3db66c1ac3ea9484fc0a799bd34ca996ae19f8e1c9e7c,numeric,FROZEN_TIMECREATE_AGGREGATE_PASS
2022-02-06,B5,44,0.8831908831908832,0.8657243816254417,351,283,dd2adba0b351647e4565b46a5d49f30f69c5f78b3312e10da834c8b9b597d40a,numeric,FROZEN_TIMECREATE_AGGREGATE_PASS
2022-02-06,B6,64,0.8948545861297539,0.9393203883495146,447,412,c8e8fe62e9dcf4f9523586a66f1e0305e26045a875b16c7529d65e41e213050d,numeric,FROZEN_TIMECREATE_AGGREGATE_PASS
2022-02-06,B7,54,0.8798701298701299,0.8850574712643678,308,348,935cf3c0b9416ba71dcd98c1544bfaa4a7ce9676568924e00be410770e3508bd,numeric,FROZEN_TIMECREATE_AGGREGATE_PASS
2022-02-06,B8,66,0.9028871391076115,0.9028436018957346,381,422,94f34e79cc90cc2ea0afb74c67bded72e4f5e75f551ccbea6046df69c66f5d7c,numeric,FROZEN_TIMECREATE_AGGREGATE_PASS
2022-02-06,B9,51,0.9157894736842105,0.8769230769230769,285,325,b33d13caf76c55be0f4215969e86850ecd1a0de0cc1e53a59850566c88648101,numeric,FROZEN_TIMECREATE_AGGREGATE_PASS
2022-02-06,B10,67,0.8921348314606742,0.9185185185185185,445,405,eaeee6173fdf9af579a006decaad5fe62b92e3648e1d12429c864d01fb0b652d,numeric,FROZEN_TIMECREATE_AGGREGATE_PASS
2022-02-13,B1,50,0.8882175226586103,0.8454810495626822,331,343,dbe8741ac93023570aafbb6a293e3eea44d3abd03a73ccc592cb13bfd0562edc,numeric,FROZEN_TIMECREATE_AGGREGATE_PASS
2022-02-13,B2,62,0.9234828496042217,0.9029126213592233,379,412,6d36f59611001b12cfe7a9f63f742de0669ba96c82f85cb4be8466e245238bc7,numeric,FROZEN_TIMECREATE_AGGREGATE_PASS
2022-02-13,B3,53,0.9228295819935691,0.88,311,325,9f98886078fb1b6660105799ece4d88ae76a639a3b1a6bec23c4e30b5da2ad4b,numeric,FROZEN_TIMECREATE_AGGREGATE_PASS
2022-02-13,B4,63,0.9043927648578811,0.9137931034482759,387,406,eb90f4d118ad3970da654c29ca5854026d48e1b1a93a0bd9533c25f57c84ef06,numeric,FROZEN_TIMECREATE_AGGREGATE_PASS
2022-02-13,B5,50,0.87890625,0.9202279202279202,256,351,9eea658b2acdfcefe5016ea8ba2d4d90f1bde30529b3a4a24b66b04bce5ed1d5,numeric,FROZEN_TIMECREATE_AGGREGATE_PASS
2022-02-13,B6,71,0.9130434782608695,0.9194630872483222,368,447,fd7ae3c2564645c6de0f2d87d1d6ccffd79e6f833e7535f544f658db2d865c89,numeric,FROZEN_TIMECREATE_AGGREGATE_PASS
2022-02-13,B7,58,0.9362549800796812,0.8603896103896104,251,308,9eaa99f581d11df17e2afd82b96ddb35cb4d766a878fd3ab4580a9a1513b28fb,numeric,FROZEN_TIMECREATE_AGGREGATE_PASS
2022-02-13,B8,66,0.933920704845815,0.916010498687664,454,381,1805f0ba73b7ea7486792b4e1cecac43d27406858d78a458bf7310e18c686679,numeric,FROZEN_TIMECREATE_AGGREGATE_PASS
2022-02-13,B9,53,0.9182389937106918,0.9192982456140351,318,285,abd49af4d1b72d50f253f3b703cac689dbd92ad0c3a1df91029f324b4283a9ad,numeric,FROZEN_TIMECREATE_AGGREGATE_PASS
2022-02-13,B10,68,0.9104859335038363,0.9056179775280899,391,445,b1eadd9fc5687d703c883685962959847ebcb122a3c6b9f701f314d2c2ac924a,numeric,FROZEN_TIMECREATE_AGGREGATE_PASS
2022-02-20,B1,55,0.8290909090909091,0.9305135951661632,275,331,5f7069170079a330e60c091af3ce96651d02c38ca8a32e997090f8e1e50c14d7,numeric,FROZEN_TIMECREATE_AGGREGATE_PASS
2022-02-20,B2,60,0.9151193633952255,0.9155672823218998,377,379,3a359e3d1d30484899c0c044aaaa1b9a43cbd7f7e628d1b79fc7077774cdbf6d,numeric,FROZEN_TIMECREATE_AGGREGATE_PASS
2022-02-20,B3,52,0.858433734939759,0.8585209003215434,332,311,c6785a0a42c4445c9e4b05f42746a885012bbb4d069da3e24abd5a7e7893bb74,numeric,FROZEN_TIMECREATE_AGGREGATE_PASS
2022-02-20,B4,65,0.8909090909090909,0.8811369509043928,385,387,bddfa1a77f42867658b5b3e00ecfa237665e7d13e55fbc31862c4db3ca5dd9ad,numeric,FROZEN_TIMECREATE_AGGREGATE_PASS
2022-02-20,B5,50,0.8974358974358975,0.89453125,312,256,8561fdd0bc381a0b89e2f2646aee30f90c10e26c8d136310d6d98cf0569b6e66,numeric,FROZEN_TIMECREATE_AGGREGATE_PASS
2022-02-20,B6,68,0.9158653846153846,0.9157608695652174,416,368,09285d7c35ac4e6a769b503d588b3f535926d7f01de40eee5876779499438fce,numeric,FROZEN_TIMECREATE_AGGREGATE_PASS
2022-02-20,B7,53,0.875,0.900398406374502,288,251,a906a12f3b70e9f1ca4ea9764e5f2770cf42e8fdcff7fc3d83c07389f95374b2,numeric,FROZEN_TIMECREATE_AGGREGATE_PASS
2022-02-20,B8,65,0.9164619164619164,0.8854625550660793,407,454,05d3cc4165fb7a4572e5bfb330169cd91340e37ca6cc68e5e101a639e1401f87,numeric,FROZEN_TIMECREATE_AGGREGATE_PASS
2022-02-20,B9,51,0.900398406374502,0.9025157232704403,251,318,0a5ce19765bafabba32dda4c3e5112cd099ff8c70360fe0224580bf85aecc4bc,numeric,FROZEN_TIMECREATE_AGGREGATE_PASS
2022-02-20,B10,69,0.9422222222222222,0.8951406649616368,450,391,8f40430b5ae1d840e46412ef90fccf76f08e74ccb2482938bcc6ce7ae5b26826,numeric,FROZEN_TIMECREATE_AGGREGATE_PASS
2022-02-27,B1,63,0.9413145539906104,0.8836363636363637,426,275,31f3033a6637f70335d50369c067a2c0385e14bbd4196d1f5b11290c668836db,numeric,FROZEN_TIMECREATE_AGGREGATE_PASS
2022-02-27,B2,66,0.8975694444444444,0.9416445623342176,576,377,b3eb497de7aa3235b37bf6a126862181be9cc9d9a1e5b7bc37b86d2a40bdab28,numeric,FROZEN_TIMECREATE_AGGREGATE_PASS
2022-02-27,B3,57,0.9168975069252078,0.8554216867469879,361,332,0fc7a8b0b96c41f24f73cd7edff2955460ca965c35fa3ea169cd1e54d0a473d9,numeric,FROZEN_TIMECREATE_AGGREGATE_PASS
2022-02-27,B4,70,0.9111111111111111,0.8961038961038961,495,385,abb3f1c19c752f0f82d3ace102307c3ced5442f2ff96b888debed939dba08af0,numeric,FROZEN_TIMECREATE_AGGREGATE_PASS
2022-02-27,B5,55,0.8175675675675675,0.9134615384615384,296,312,01c8fcbd7e05806c5291ac869c1e341a3b61430e411af00f69321bc658f16fa3,numeric,FROZEN_TIMECREATE_AGGREGATE_PASS
2022-02-27,B6,67,0.9262135922330097,0.9158653846153846,515,416,2a4c5a5353203201c5df29f32e4b6546d469c45a9c48cfcbbbc472205abbad85,numeric,FROZEN_TIMECREATE_AGGREGATE_PASS
2022-02-27,B7,57,0.8859649122807017,0.8923611111111112,342,288,a31e33dfd85d2ca6285c9c71a538dee34fad45ca6ec48c6ffe05b50f4cc42c2f,numeric,FROZEN_TIMECREATE_AGGREGATE_PASS
2022-02-27,B8,69,0.9196787148594378,0.9361179361179361,498,407,0e31718c9392b273394b9f4193280c136b6eb817c0e22e14a7277948f9fac5d6,numeric,FROZEN_TIMECREATE_AGGREGATE_PASS
2022-02-27,B9,50,0.8544891640866873,0.900398406374502,323,251,473e8f35300a1dd5e791c2ac5225bb1b763d247186d1ae5bb1742ea3eca8295c,numeric,FROZEN_TIMECREATE_AGGREGATE_PASS
2022-02-27,B10,68,0.8805031446540881,0.9466666666666667,477,450,7c1d733a2c850c775e9f067537092fea437613041263fe69f710caa672bdfaf4,numeric,FROZEN_TIMECREATE_AGGREGATE_PASS
2022-03-06,B1,53,0.9448529411764706,0.8849765258215962,272,426,00757c6734da1316e3500aebcc2ec723dcae61f7125b738439dbb3fad0a8a2e5,numeric,FROZEN_TIMECREATE_AGGREGATE_PASS
2022-03-06,B2,66,0.9509536784741145,0.8836805555555556,367,576,2d88e419816c8f0abfc25650ae4ebd46503426bbe44f08805b4dbed4b8f60d59,numeric,FROZEN_TIMECREATE_AGGREGATE_PASS
2022-03-06,B3,55,0.8814814814814815,0.9085872576177285,270,361,5428c74cac3905f8c68cf4528964141ef51a512083257d3477f97bb147d0f34a,numeric,FROZEN_TIMECREATE_AGGREGATE_PASS
2022-03-06,B4,71,0.9209302325581395,0.907070707070707,430,495,cd1ab6e49a5dd69c2eb00bff1ae9ad94a9c21debcbdfcbe22099ef80ce83e06b,numeric,FROZEN_TIMECREATE_AGGREGATE_PASS
2022-03-06,B5,53,0.911660777385159,0.7871621621621622,283,296,31921668362757a0b4a40995cb674ebaa02082253ac8d5cac01480a4b8d56f47,numeric,FROZEN_TIMECREATE_AGGREGATE_PASS
2022-03-06,B6,64,0.9211956521739131,0.8970873786407767,368,515,c8528d024fe7c3d7d833aaa996a0964e28fba22ddeb4f22d6fa0f891273ed4ba,numeric,FROZEN_TIMECREATE_AGGREGATE_PASS
2022-03-06,B7,48,0.8188976377952756,0.8391812865497076,254,342,0c6e06aab985bff5cd3c2ad35c49c75a8e93135bf70a5da70e67823272765e32,numeric,FROZEN_TIMECREATE_AGGREGATE_PASS
2022-03-06,B8,64,0.9083557951482479,0.8855421686746988,371,498,c6ba642ea303775f7b49f7d96ae5c00e4eb336336f99801fb0389cd39c3a32ad,numeric,FROZEN_TIMECREATE_AGGREGATE_PASS
2022-03-06,B9,46,0.907563025210084,0.8792569659442725,238,323,3c0b98da23cdc33553884f0f15b028d0c4f8520ce4a93483b3488029b8a67c9c,numeric,FROZEN_TIMECREATE_AGGREGATE_PASS
2022-03-06,B10,68,0.9514285714285714,0.8930817610062893,350,477,f0e653cf8b966b2cb783e6cfea79d3354d4144e71496fb87de8a2fed52b2501d,numeric,FROZEN_TIMECREATE_AGGREGATE_PASS
2022-03-13,B1,49,0.9338842975206612,0.8970588235294118,242,272,af1521087d67588cf5085b2c5c71eb51806b18e3b448d12eb34bf846b39dcb3b,numeric,FROZEN_TIMECREATE_AGGREGATE_PASS
2022-03-13,B2,61,0.9366754617414248,0.9128065395095368,379,367,047e42c57cb8c94924898c7c3c6478777aa08e588287ae1398d20a7fbca9b595,numeric,FROZEN_TIMECREATE_AGGREGATE_PASS
2022-03-13,B3,49,0.8786885245901639,0.8518518518518519,305,270,4ac0cfc12a860da404ce1280d8e10e40edb8d6ca48c09bb039313ce5e6ca5502,numeric,FROZEN_TIMECREATE_AGGREGATE_PASS
2022-03-13,B4,67,0.9297423887587822,0.9116279069767442,427,430,f94fe27dd1972f0c389d798899d8d738080caa8507b5d3a95bc7e498f05e819c,numeric,FROZEN_TIMECREATE_AGGREGATE_PASS
2022-03-13,B5,53,0.8523985239852399,0.9187279151943463,271,283,ab7fb0d183897063c6fa1560dfb304708ce8da43098dfef45681113e063dba7e,numeric,FROZEN_TIMECREATE_AGGREGATE_PASS
2022-03-13,B6,64,0.9272300469483568,0.9293478260869565,426,368,36a36530cd9969379e80fc4e90603a0c3397204ea4abe92a564ae9180e9e721c,numeric,FROZEN_TIMECREATE_AGGREGATE_PASS
2022-03-13,B7,49,0.8920863309352518,0.905511811023622,278,254,db93bc16e537bf93a726deda023d09c682d1d5da05aee89eb616a9b82c8ac3f4,numeric,FROZEN_TIMECREATE_AGGREGATE_PASS
2022-03-13,B8,64,0.8845265588914549,0.9380053908355795,433,371,3dadda3e37d0bcbe2d22de63c7059ec421844a5e57e742812c183e6f13976a58,numeric,FROZEN_TIMECREATE_AGGREGATE_PASS
2022-03-13,B9,50,0.88,0.9243697478991597,275,238,504652e336eaad1aa4dc1ae1e715b1d244b54bd56715d3f372c4ba886e6a67c8,numeric,FROZEN_TIMECREATE_AGGREGATE_PASS
2022-03-13,B10,65,0.9172932330827067,0.9571428571428572,399,350,45243554116255c191257289be0b7eb8cea8068369d1480af10944342092aef4,numeric,FROZEN_TIMECREATE_AGGREGATE_PASS
2022-03-20,B1,48,0.8394648829431438,0.9297520661157025,299,242,7605a370fe35a21a540507d7857f746f232d31e6015cd929cd3a4bb975a1ba14,numeric,FROZEN_TIMECREATE_AGGREGATE_PASS
2022-03-20,B2,61,0.9070904645476773,0.941952506596306,409,379,2809fd6016a3828afbd2d57d2206e5414974b3f1d4da2c61e35a28bf35aef254,numeric,FROZEN_TIMECREATE_AGGREGATE_PASS
2022-03-20,B3,47,0.8917910447761194,0.8524590163934426,268,305,c52757c8709493ca9e55eb50f37559f4aa4bb7b2f38bab42d6d69219aa84f6df,numeric,FROZEN_TIMECREATE_AGGREGATE_PASS
2022-03-20,B4,65,0.8865248226950354,0.9297423887587822,423,427,ff7263fd17d361c8568b95bd7d4af34a1e3273f86777367c3467b8fcf6587fd1,numeric,FROZEN_TIMECREATE_AGGREGATE_PASS
2022-03-20,B5,53,0.8934707903780069,0.8560885608856088,291,271,77fb0e42dec88acf40a0d1fa6983b100d712c37a6333bc15d55778ef01f07af1,numeric,FROZEN_TIMECREATE_AGGREGATE_PASS
2022-03-20,B6,68,0.9183673469387755,0.9389671361502347,441,426,314dc54ed19c1233bdfde11639afc8baa6ae53213a58e60c9b1d226056d6ea48,numeric,FROZEN_TIMECREATE_AGGREGATE_PASS
2022-03-20,B7,46,0.9034749034749034,0.8453237410071942,259,278,a4769cba141890458bed42660bc3daaf6bab22fe99d6175fb5ab0d06f29d11ff,numeric,FROZEN_TIMECREATE_AGGREGATE_PASS
2022-03-20,B8,65,0.975669099756691,0.8822170900692841,411,433,b8dd3207419cc7ea95bd55e6c68028cc1c22e2fb3e482d5724c2377224181d66,numeric,FROZEN_TIMECREATE_AGGREGATE_PASS
2022-03-20,B9,51,0.9328621908127208,0.8654545454545455,283,275,b6b5a217b3ea0a6b8f2051660c59dbf77fe75b860e3d2950d83e066b6574f5be,numeric,FROZEN_TIMECREATE_AGGREGATE_PASS
2022-03-20,B10,67,0.933649289099526,0.9122807017543859,422,399,799c8753b973815d9defbc654d6c615c5b6a41ef0a69148a3943b0c15c609b41,numeric,FROZEN_TIMECREATE_AGGREGATE_PASS
2022-03-27,B1,57,0.9252669039145908,0.8929765886287625,281,299,c0fd74cb5ab8d85823465b9c65be74187f52b0f4b7c82f16f90f234386ff9266,numeric,FROZEN_TIMECREATE_AGGREGATE_PASS
2022-03-27,B2,63,0.963302752293578,0.9242053789731052,436,409,751ad088860a36b4770f85b2bc38f1a89a23a00eb713ffe3c249a8975a4c756a,numeric,FROZEN_TIMECREATE_AGGREGATE_PASS
2022-03-27,B3,51,0.8833333333333333,0.917910447761194,300,268,8a82c55b9d183ed4a0a33d3300abe3a40808f34dff8007e145f63a84eaf688f4,numeric,FROZEN_TIMECREATE_AGGREGATE_PASS
2022-03-27,B4,69,0.927570093457944,0.9078014184397163,428,423,b81cf486e1b406b17d728cc82e34478ba887baa590c35e7c045849c12787f4eb,numeric,FROZEN_TIMECREATE_AGGREGATE_PASS
2022-03-27,B5,51,0.8771929824561403,0.8934707903780069,285,291,262b117c1fdbd0871c18e9794f0808a0a0275e0a8e56ed7acc742f433eeeb790,numeric,FROZEN_TIMECREATE_AGGREGATE_PASS
2022-03-27,B6,69,0.9430051813471503,0.9229024943310657,386,441,8e03ab7e704436df1d361d49835aaff0ff7cb1bc5451ceb426367606778bba85,numeric,FROZEN_TIMECREATE_AGGREGATE_PASS
2022-03-27,B7,48,0.8263888888888888,0.8996138996138996,288,259,2fc207b8c34506b18f4c5c52dd511634e42e99e97e1a2f2c05e74f790b93881a,numeric,FROZEN_TIMECREATE_AGGREGATE_PASS
2022-03-27,B8,55,0.9158163265306123,0.9051094890510949,392,411,39a8cbe73b9fb0f3c423d5fc9c5c724fa1c5f25288e2979f2893e2d5167e67fa,numeric,FROZEN_TIMECREATE_AGGREGATE_PASS
2022-03-27,B9,47,0.8764044943820225,0.872791519434629,267,283,71ab5daef5a2e87389595ec658db3ebc03c45119d28aea2b2783155f88710222,numeric,FROZEN_TIMECREATE_AGGREGATE_PASS
2022-03-27,B10,66,0.9180327868852459,0.8909952606635071,427,422,24fde3347845af00d4976edf2f361ca9b85778a7c28b18f1e03cd9fee14c26fa,numeric,FROZEN_TIMECREATE_AGGREGATE_PASS
2022-04-03,B1,51,0.9150326797385621,0.896797153024911,306,281,6ee2b71d077cf2716122c4b0ae43ac8ff0e974cdeddead007bb0f0a4f7a5ab74,numeric,FROZEN_TIMECREATE_AGGREGATE_PASS
2022-04-03,B2,59,0.8836633663366337,0.9426605504587156,404,436,6627b51f916da05dc22ff8fc3054e17fdf1f836eca8bddfcd8c8be512bd79c02,numeric,FROZEN_TIMECREATE_AGGREGATE_PASS
2022-04-03,B3,56,0.9013605442176871,0.9066666666666666,294,300,cf6f336f997cf6e237e4b9db4099c085691790c86636374b93353bca107cdd18,numeric,FROZEN_TIMECREATE_AGGREGATE_PASS
2022-04-03,B4,71,0.9544419134396356,0.9369158878504673,439,428,5383818ea6458f80b260728c9a895c9df6bd23dc467e99f4d3a342ddc5a2bca7,numeric,FROZEN_TIMECREATE_AGGREGATE_PASS
2022-04-03,B5,57,0.859375,0.9228070175438596,320,285,59a905a72972d7d128da5b8320d3dd17e9c3d039d9dfc2e35c6f6663376f8fb7,numeric,FROZEN_TIMECREATE_AGGREGATE_PASS
2022-04-03,B6,72,0.8923076923076924,0.9481865284974094,455,386,696b6e199f1b695b9329cdf0d43d1f409c9528d7cd842626be25cb7791e241be,numeric,FROZEN_TIMECREATE_AGGREGATE_PASS
2022-04-03,B7,51,0.9163636363636364,0.9097222222222222,275,288,c5411d30787e158997da9dfd83020107b71250684a3bc4708b1777600aa3ec0f,numeric,FROZEN_TIMECREATE_AGGREGATE_PASS
2022-04-03,B8,59,0.8814432989690721,0.9132653061224489,388,392,54581c8e6c0e4bf6a269619e4942c9bcbef44b003197d8ae1e5634edfb872034,numeric,FROZEN_TIMECREATE_AGGREGATE_PASS
2022-04-03,B9,49,0.8927335640138409,0.8913857677902621,289,267,5705c8049b2f250632d476a1a767906347d46d1d1f04beb7025dfcabbee31252,numeric,FROZEN_TIMECREATE_AGGREGATE_PASS
2022-04-03,B10,61,0.9502369668246445,0.9039812646370023,422,427,f47616475cf3b4c4888a42e80bc5e780b9922b5ffcff35e1b803423a56d81094,numeric,FROZEN_TIMECREATE_AGGREGATE_PASS
2022-04-10,B1,53,0.8766666666666667,0.9150326797385621,300,306,01115ea26d410ca7e626114f4f8bee62d76da279cdb25594addeae15d545424d,numeric,FROZEN_TIMECREATE_AGGREGATE_PASS
2022-04-10,B2,65,0.9030172413793104,0.9108910891089109,464,404,af2647983c0199489a378bcbe71d4a1d1305c0946ecc72782e9955f906861d70,numeric,FROZEN_TIMECREATE_AGGREGATE_PASS
2022-04-10,B3,57,0.9130434782608695,0.9115646258503401,276,294,94f637af4b75a35977839f5eb4050e859682c9bb7bb379deed50129a653b1494,numeric,FROZEN_TIMECREATE_AGGREGATE_PASS
2022-04-10,B4,65,0.9517766497461929,0.9316628701594533,394,439,8270df1856faf06b7e8c796b58a0ad6262379fb75c809843f6773abf6ae0ceb9,numeric,FROZEN_TIMECREATE_AGGREGATE_PASS
2022-04-10,B5,48,0.889763779527559,0.790625,254,320,4305151c02db519520a319d3e61513bb2f210a3e66f8ee87d95c3cf4ac233d33,numeric,FROZEN_TIMECREATE_AGGREGATE_PASS
2022-04-10,B6,71,0.9567567567567568,0.9098901098901099,370,455,ab2f4539877f0420987642232063fab4c2c13088965c25afa68110ab6389c784,numeric,FROZEN_TIMECREATE_AGGREGATE_PASS
2022-04-10,B7,56,0.9326241134751773,0.9054545454545454,282,275,c5dc39e9cb96433b48dec11e82abe6b54e83c5072f508ca2d201a79a3bfddc6e,numeric,FROZEN_TIMECREATE_AGGREGATE_PASS
2022-04-10,B8,68,0.8926174496644296,0.9072164948453608,447,388,b8107aaa19ce8de6d994a2e59a9e792912439ce14ff00db9077e489714be04d9,numeric,FROZEN_TIMECREATE_AGGREGATE_PASS
2022-04-10,B9,49,0.8154761904761905,0.8858131487889274,336,289,2565b4803f0dcec706f5ff18987ff421ea903c25051dd41aacb02beef541bfe2,numeric,FROZEN_TIMECREATE_AGGREGATE_PASS
2022-04-10,B10,59,0.889168765743073,0.933649289099526,397,422,1ca5a280e341a22d8d294190d286b7a118da8ffb19b0dd9b9eb8c894b9c3233d,numeric,FROZEN_TIMECREATE_AGGREGATE_PASS
2022-04-24,B1,54,0.8689024390243902,0.9159663865546218,328,238,95613288a8a4914d818feb56effee36f01b862b8b4a7b526947200a23e8d71bc,numeric,FROZEN_TIMECREATE_AGGREGATE_PASS
2022-04-24,B2,61,0.8793859649122807,0.9470588235294117,456,340,0808100704f0f1dd7e08152447a62c4f42a28f8de26e14a9e65097d3d1d2a6af,numeric,FROZEN_TIMECREATE_AGGREGATE_PASS
2022-04-24,B3,50,0.897887323943662,0.8523489932885906,284,298,36837e6fd15b222e42cd0bc1ab3996ec39baa871a2ceba129fb916f3555ebb17,numeric,FROZEN_TIMECREATE_AGGREGATE_PASS
2022-04-24,B4,63,0.9131578947368421,0.8980582524271845,380,412,f12263ea9e48cd6f85e2ee8dce6f25b0f8c3c455f4670d1ff635e44c3f8ef092,numeric,FROZEN_TIMECREATE_AGGREGATE_PASS
2022-04-24,B5,48,0.8945147679324894,0.8503401360544217,237,294,b18098d6bb22edf7342d286909e18ba4d7564ea8e2ddf76d9e6df2efbd535783,numeric,FROZEN_TIMECREATE_AGGREGATE_PASS
2022-04-24,B6,63,0.9206349206349206,0.9116022099447514,378,362,e8cfe1d083ccd4f8ad267f0cd57a5dbeb325e979b74ebf5242eabd778ad9ac38,numeric,FROZEN_TIMECREATE_AGGREGATE_PASS
2022-04-24,B7,52,0.9239543726235742,0.89568345323741,263,278,6a6053b499b775cca0f80eeb4eaf3e018c4641d7b4b26138664adb828a094dda,numeric,FROZEN_TIMECREATE_AGGREGATE_PASS
2022-04-24,B8,64,0.9307692307692308,0.8829516539440203,390,393,dfbb1e20e47c8f77eb4e6ba3cdd729306c41df674c102461272af6d795b19f2d,numeric,FROZEN_TIMECREATE_AGGREGATE_PASS
2022-04-24,B9,53,0.8914728682170543,0.9042553191489362,258,282,0f8eb6cdf46d92603dafcd2b18be9ac04b559ad2b3c9dc9d895995771cd0c298,numeric,FROZEN_TIMECREATE_AGGREGATE_PASS
2022-04-24,B10,69,0.9361702127659575,0.9,423,360,ed8292a0059a9121e4b2427f8af3b28a34fa0bb93f1c55636098fb6f8aea716a,numeric,FROZEN_TIMECREATE_AGGREGATE_PASS
2022-05-01,B1,60,0.9197530864197531,0.8932926829268293,324,328,f2b649a154c00b6294911df5fdf6779d1f2130c919a3ac5f483159b7e8ce407a,numeric,FROZEN_TIMECREATE_AGGREGATE_PASS
2022-05-01,B2,65,0.9296703296703297,0.8771929824561403,455,456,7577d007607ca98f3b5f6dc75f1a23a6e228e1690e4cf6243355075df62df831,numeric,FROZEN_TIMECREATE_AGGREGATE_PASS
2022-05-01,B3,56,0.7994186046511628,0.8943661971830986,344,284,b9b2c2c899c32b5393ec7a35676db8c7b4c5dc340fe246a306ac011f0c89822d,numeric,FROZEN_TIMECREATE_AGGREGATE_PASS
2022-05-01,B4,66,0.9345794392523364,0.9210526315789473,428,380,d1a2da70def253186a29cac6f58b950143df57e4dd215af77c7bc61748179bb7,numeric,FROZEN_TIMECREATE_AGGREGATE_PASS
2022-05-01,B5,44,0.8754208754208754,0.8818565400843882,297,237,6348a57f73d9b109ac6ff98bcb470797e89bd5c9503d07c312371032971a3c30,numeric,FROZEN_TIMECREATE_AGGREGATE_PASS
2022-05-01,B6,64,0.9031476997578692,0.9259259259259259,413,378,5d8d32a456171c94cfdf3e9ba353c0569bb2a8038009c882f12604e123f7deeb,numeric,FROZEN_TIMECREATE_AGGREGATE_PASS
2022-05-01,B7,42,0.9175257731958762,0.8517110266159695,291,263,ad974679a9e94617b751ddc2b83d58ccd8330455d0ae0bd601afa6d0a022e49a,numeric,FROZEN_TIMECREATE_AGGREGATE_PASS
2022-05-01,B8,57,0.904639175257732,0.8666666666666667,388,390,d570ba347e52c20f761a5c53883c60935d9f8f6f0f183efafb673cf22677c56f,numeric,FROZEN_TIMECREATE_AGGREGATE_PASS
2022-05-01,B9,54,0.8918032786885246,0.9069767441860465,305,258,d1dbf6e84fb315584a07cfa23c7d27cc10179ac008c02e142d79361c4f573077,numeric,FROZEN_TIMECREATE_AGGREGATE_PASS
2022-05-01,B10,71,0.9358669833729216,0.9456264775413712,421,423,3264ce9ae0a912d3e066bf278a9170cbfa277851f08cb4ecbde0d2fc99395e3e,numeric,FROZEN_TIMECREATE_AGGREGATE_PASS
2022-05-08,B1,58,0.884375,0.8919753086419753,320,324,8c292af1d59e1d05bba417f2e5294f3ae3517112c2f2427d2e9b682ee529a149,numeric,FROZEN_TIMECREATE_AGGREGATE_PASS
2022-05-08,B2,64,0.896640826873385,0.9340659340659341,387,455,1bc1d51a9003f71e50eb4d9a0ae1a00e3d228fc54829562c66e112b9f90d9908,numeric,FROZEN_TIMECREATE_AGGREGATE_PASS
2022-05-08,B3,55,0.9245901639344263,0.8430232558139535,305,344,6475dc45ee8fddda2c3397a5469bb39c328512ddf6e7f7054d4edff38d12ea6b,numeric,FROZEN_TIMECREATE_AGGREGATE_PASS
2022-05-08,B4,62,0.9474885844748858,0.9228971962616822,438,428,35481136ae966e3eaee573568e15a763ec6a9b1565b206418e1f4ebb4f718df5,numeric,FROZEN_TIMECREATE_AGGREGATE_PASS
2022-05-08,B5,49,0.9333333333333333,0.8956228956228957,285,297,3bb2ac85a9f56b4978410f676ebdf859ffadce16c74b4fa65590392eaf3ef7de,numeric,FROZEN_TIMECREATE_AGGREGATE_PASS
2022-05-08,B6,70,0.919908466819222,0.9007263922518159,437,413,f9e89655e0fed11f480ee418735849a4186e039654bc4dc35d5c44eb8944af1b,numeric,FROZEN_TIMECREATE_AGGREGATE_PASS
2022-05-08,B7,44,0.8561643835616438,0.8694158075601375,292,291,072c0c4a2c2cedde11e3f3ff4e807f0c678cac96839eb0efffe404d8dad8845e,numeric,FROZEN_TIMECREATE_AGGREGATE_PASS
2022-05-08,B8,59,0.856492027334852,0.9329896907216495,439,388,013035ccf8d4a7afae0ce2669c97111a6fdfe21173b53adadc1657709492e3b0,numeric,FROZEN_TIMECREATE_AGGREGATE_PASS
2022-05-08,B9,54,0.8694029850746269,0.8819672131147541,268,305,8ee953bd05c3caae801ff9aa6298a47bf7be04d56afdf5be19e9af8665cfc7a4,numeric,FROZEN_TIMECREATE_AGGREGATE_PASS
2022-05-08,B10,71,0.8992974238875878,0.9453681710213777,427,421,28c916b3ecad66e993c158c506942b6f68e711ce723f71fbedf3aed33dcfa888,numeric,FROZEN_TIMECREATE_AGGREGATE_PASS
2022-05-15,B1,53,0.9174917491749175,0.859375,303,320,2a8f12a9c109220fcbd4d57f548770d5f7ea90429464188ebb0a53857c7e584f,numeric,FROZEN_TIMECREATE_AGGREGATE_PASS
2022-05-15,B2,59,0.9088541666666666,0.8656330749354005,384,387,f277731d6186b823d4ee02636075e7e8ce2dd655f369bf4362df7585d44cbbf0,numeric,FROZEN_TIMECREATE_AGGREGATE_PASS
2022-05-15,B3,47,0.9174917491749175,0.8786885245901639,303,305,8c567259d6a3ab587e0a8023844d8dfe99f8c4cb06768659b40ee41bf2480f37,numeric,FROZEN_TIMECREATE_AGGREGATE_PASS
2022-05-15,B4,61,0.8937823834196891,0.9429223744292238,386,438,3c50854e8470893d161b19f7c4ab9286e690b9b022a6e9ec481ae77222d23db7,numeric,FROZEN_TIMECREATE_AGGREGATE_PASS
2022-05-15,B5,47,0.9044943820224719,0.887719298245614,356,285,cdbee17c18b5638e8523f0208d5b6fe8ea2ced4b773151dc986eef67a5396a20,numeric,FROZEN_TIMECREATE_AGGREGATE_PASS
2022-05-15,B6,65,0.9324009324009324,0.9061784897025171,429,437,b536fdd10ec475bb843f868cad2d31beaff7950011683c8f70ccdfdd36278eff,numeric,FROZEN_TIMECREATE_AGGREGATE_PASS
2022-05-15,B7,55,0.8706293706293706,0.928082191780822,286,292,ece6df5262441886e2ccef83d650bc27ceca94a1af050e17bad7f09a8ef2bb2b,numeric,FROZEN_TIMECREATE_AGGREGATE_PASS
2022-05-15,B8,64,0.9299516908212561,0.9179954441913439,414,439,c0be3a8392e411e24d1c65cc3ad8789d2b69144d22b370767badabdee97f0aeb,numeric,FROZEN_TIMECREATE_AGGREGATE_PASS
2022-05-15,B9,55,0.8925925925925926,0.8805970149253731,270,268,9ce7d63fc621dfd7704865be4ee63a33765f5b11b1dd582f1b784291ee307de5,numeric,FROZEN_TIMECREATE_AGGREGATE_PASS
2022-05-15,B10,67,0.9259259259259259,0.8711943793911007,405,427,e95fbd5a7523805bf7dc33a6d38f3eb0f8762772823dda13e96743da7c0e1f60,numeric,FROZEN_TIMECREATE_AGGREGATE_PASS
2022-05-22,B1,51,0.8901960784313725,0.9174917491749175,255,303,d4a98a3457106a1d1780c3cd5d03d8d0b891c81eeec18030b41270a8ee052d29,numeric,FROZEN_TIMECREATE_AGGREGATE_PASS
2022-05-22,B2,58,0.8705234159779615,0.9192708333333334,363,384,7eabcdd4061e52a90ac521b0464d49d783df8df04aa77a6930e3210fe9a9aa10,numeric,FROZEN_TIMECREATE_AGGREGATE_PASS
2022-05-22,B3,49,0.8610271903323263,0.9306930693069307,331,303,5f52bfd35873008ca2a3ecc8d9242bf1108a7bff2fd1f2fa9fd1709a0f5adcd0,numeric,FROZEN_TIMECREATE_AGGREGATE_PASS
2022-05-22,B4,69,0.89501312335958,0.9326424870466321,381,386,818b06d6125b75431b7abdca92b247bb5abc5e39b50c1c985573d37ed3a51513,numeric,FROZEN_TIMECREATE_AGGREGATE_PASS
2022-05-22,B5,51,0.8896103896103896,0.9101123595505618,308,356,98c24d124d1b5c0deae6a8b643331d3a7c3bc79fb74030006b54c4b5aa600638,numeric,FROZEN_TIMECREATE_AGGREGATE_PASS
2022-05-22,B6,63,0.9134396355353075,0.9254079254079254,439,429,a6e83a7bc272a37fc34e41cac9e81463bca618d1de203d78062c805eb389651e,numeric,FROZEN_TIMECREATE_AGGREGATE_PASS
2022-05-22,B7,51,0.9433962264150944,0.8356643356643356,318,286,1ad833b54bcbd377838160c231fb4afda945fcff95c06bc142fd3fdadb4cb3ad,numeric,FROZEN_TIMECREATE_AGGREGATE_PASS
2022-05-22,B8,67,0.9187192118226601,0.9323671497584541,406,414,4a7725ca4804627b19188e35334b18fe6bc19a0d4aaaca078fce3ae23fae4d5f,numeric,FROZEN_TIMECREATE_AGGREGATE_PASS
2022-05-22,B9,49,0.8733333333333333,0.8407407407407408,300,270,4574363b1e75f21ff47159c2c5753265504e36105f273a617d2b2e3cd618cd58,numeric,FROZEN_TIMECREATE_AGGREGATE_PASS
2022-05-22,B10,65,0.9127358490566038,0.9135802469135802,424,405,86fcd414cb8bc0f7a0866bae5990440979d807a0cee901ac31868c595c921e84,numeric,FROZEN_TIMECREATE_AGGREGATE_PASS
2022-05-29,B1,53,0.8625,0.9254901960784314,320,255,2a8ee5ec81bf14ef512b97547665f3a8ac2c90d027b98afde02608d2abb3caae,numeric,FROZEN_TIMECREATE_AGGREGATE_PASS
2022-05-29,B2,66,0.9416058394160584,0.9118457300275482,411,363,bc9f618317d83b73131f13f5623d2911c1cfd7ecab41970e374316a71a704895,numeric,FROZEN_TIMECREATE_AGGREGATE_PASS
2022-05-29,B3,55,0.8790849673202614,0.8851963746223565,306,331,399e6ed70238fbf9a21c25b09aad7686b1f73b0772b3ce5206aa05091ca0ea9f,numeric,FROZEN_TIMECREATE_AGGREGATE_PASS
2022-05-29,B4,66,0.9271356783919598,0.9002624671916011,398,381,8c881d88ca55ae974f5aeb62a5cabd75037b3422b224b71a469b78d2abf5c67e,numeric,FROZEN_TIMECREATE_AGGREGATE_PASS
2022-05-29,B5,48,0.8802816901408451,0.8798701298701299,284,308,2d3887a851e155dc4fd03eced095568b20e1d53a2b052b16f20c15069b1a80f7,numeric,FROZEN_TIMECREATE_AGGREGATE_PASS
2022-05-29,B6,68,0.9367396593673966,0.9430523917995444,411,439,123b5e5ae20f89045681672a86b235f0e0535d7d6ca2333c1a1fa25a75236482,numeric,FROZEN_TIMECREATE_AGGREGATE_PASS
2022-05-29,B7,46,0.8952702702702703,0.9182389937106918,296,318,36ab4ffb9224eb8d41a2eb2c73bae6fd3f5f0ced12f96f7f74f238858a5b5c21,numeric,FROZEN_TIMECREATE_AGGREGATE_PASS
2022-05-29,B8,68,0.9394572025052192,0.9211822660098522,479,406,9a129e510fb2455200b993efe792dcd2d76584869ec2eec9faa36e890ff23015,numeric,FROZEN_TIMECREATE_AGGREGATE_PASS
2022-05-29,B9,51,0.9065155807365439,0.8966666666666666,353,300,513c47e61a15aa65f32ad24bc938a8f10443a513a53c57d08dd795514cd882b0,numeric,FROZEN_TIMECREATE_AGGREGATE_PASS
2022-05-29,B10,66,0.9327548806941431,0.9245283018867925,461,424,e32e3e789fb1cc1fa61ee0038b62636f405b3e2a43cc29fc61aebe2784f5218f,numeric,FROZEN_TIMECREATE_AGGREGATE_PASS
2022-06-05,B1,61,0.9407665505226481,0.90625,287,320,289a848215157d501294e625e8fdf0bfa18eb0328ffa3af85f7f07fdd087f720,numeric,FROZEN_TIMECREATE_AGGREGATE_PASS
2022-06-05,B2,60,0.9407407407407408,0.902676399026764,405,411,094b9fa964774e47ceeee1344b734d971f6605656a29be578a3356563272692e,numeric,FROZEN_TIMECREATE_AGGREGATE_PASS
2022-06-05,B3,52,0.9182879377431906,0.8660130718954249,257,306,de4145f77c6b8730c2f327f36dfce67efbc3c82f909baeb3450b4221ae5d42dd,numeric,FROZEN_TIMECREATE_AGGREGATE_PASS
2022-06-05,B4,60,0.9242819843342036,0.8944723618090452,383,398,3e8371e3f048283c548516661d1ff513f365e3da2d4e0eb239171dfad1fa7716,numeric,FROZEN_TIMECREATE_AGGREGATE_PASS
2022-06-05,B5,49,0.9122137404580153,0.8661971830985915,262,284,59b061acbc3b6f4d8e0ea6890d206c1daad12b8fc85e7784f4367cc9ffc9001d,numeric,FROZEN_TIMECREATE_AGGREGATE_PASS
2022-06-05,B6,62,0.9526315789473684,0.9002433090024331,380,411,240d2aba18a41e2f8d7989a1b5345dcf9054bb520eebde6c156a88f0aa9579f0,numeric,FROZEN_TIMECREATE_AGGREGATE_PASS
2022-06-05,B7,48,0.8884758364312267,0.8986486486486487,269,296,8e899039ba8d7f40241d083417a7f6bf605b111c54580fedf56d6e65d8364d69,numeric,FROZEN_TIMECREATE_AGGREGATE_PASS
2022-06-05,B8,72,0.925531914893617,0.9519832985386222,376,479,57825ff756843d9a7690396b9ff53471cc69650cc95dcfe57d1164841e32cd34,numeric,FROZEN_TIMECREATE_AGGREGATE_PASS
2022-06-05,B9,53,0.8807017543859649,0.886685552407932,285,353,919916647e1dac478551b7dd6a9c14316accdee2f44dcf3a2c1a5c7432c33b6d,numeric,FROZEN_TIMECREATE_AGGREGATE_PASS
2022-06-05,B10,66,0.9312977099236641,0.9349240780911063,393,461,d3661135e8fb0a4f7ff0f3c6a39635feba8b284bde41ef6c225724b94ce47131,numeric,FROZEN_TIMECREATE_AGGREGATE_PASS
2022-06-12,B1,48,0.859375,0.8710801393728222,256,287,aecd4d97b42ed59826ee52c650764c068754412eab05799e331e75f5d0888a18,numeric,FROZEN_TIMECREATE_AGGREGATE_PASS
2022-06-12,B2,63,0.9064171122994652,0.9481481481481482,374,405,e203374208694ce0770b8d155d19d5968bd31a077a7f846d20ae1b728a1af8c4,numeric,FROZEN_TIMECREATE_AGGREGATE_PASS
2022-06-12,B3,46,0.8493150684931506,0.8443579766536965,292,257,50d819e0b9b1a968f4806f3823324993ad861ca225da354b1523336cd40a66e6,numeric,FROZEN_TIMECREATE_AGGREGATE_PASS
2022-06-12,B4,58,0.8729792147806005,0.9138381201044387,433,383,a8737bcc9bb130944a550d4454341401c6dd5c1e421f3eaf508a89eb588c20ec,numeric,FROZEN_TIMECREATE_AGGREGATE_PASS
2022-06-12,B5,47,0.8538461538461538,0.8931297709923665,260,262,e852fd5bd0ac03a4e5d48873b3bcb263f6812947f1ea87adf6dd183ee6a5314a,numeric,FROZEN_TIMECREATE_AGGREGATE_PASS
2022-06-12,B6,60,0.8840970350404312,0.9210526315789473,371,380,bac9946e6cc3bf88514385ed56a9b0ed2115da12cdfab687098ab31526654f80,numeric,FROZEN_TIMECREATE_AGGREGATE_PASS
2022-06-12,B7,43,0.7890295358649789,0.8587360594795539,237,269,0735219d945053f62a9eed762f0a9948e3138e8043e50a4d4421ec73510e720a,numeric,FROZEN_TIMECREATE_AGGREGATE_PASS
2022-06-12,B8,66,0.9202279202279202,0.8962765957446809,351,376,b54c7d5642899e78397afd85e3c719c0455034b5db3a6a90d25ca53b3fe60ea6,numeric,FROZEN_TIMECREATE_AGGREGATE_PASS
2022-06-12,B9,48,0.8451327433628318,0.8456140350877193,226,285,0ee0753ca867d91580c76f91d3c380d0cb6029c301a7a6fe5dfffb7d628ecabc,numeric,FROZEN_TIMECREATE_AGGREGATE_PASS
2022-06-12,B10,58,0.9576271186440678,0.8753180661577609,354,393,1f97b76d2fa01486c0521019718d905392123324cdcdcdd1f9ebbe74f5751d5f,numeric,FROZEN_TIMECREATE_AGGREGATE_PASS
2022-06-19,B1,53,0.8885135135135135,0.90625,296,256,253b2277c6002a09de7a0415d0ea4fd4e204d63592a277022d3d2eff052376cf,numeric,FROZEN_TIMECREATE_AGGREGATE_PASS
2022-06-19,B2,69,0.948509485094851,0.9438502673796791,369,374,237e5a90f3b1b971826f61dbf19bea02f67e7445f0599ab5a278d1e4a823674b,numeric,FROZEN_TIMECREATE_AGGREGATE_PASS
2022-06-19,B3,52,0.8631578947368421,0.8493150684931506,285,292,ce3d07d38a9f35bff74167665db13fa641d2229119b6f51bf58884c91acaf8be,numeric,FROZEN_TIMECREATE_AGGREGATE_PASS
2022-06-19,B4,64,0.9333333333333333,0.9030023094688222,360,433,c6e1f99b6a921f1bd1cb406dc860cc1abdc1b0f39ab2eb71235ac20efe349ffd,numeric,FROZEN_TIMECREATE_AGGREGATE_PASS
2022-06-19,B5,51,0.9024390243902439,0.8653846153846154,246,260,9f2b9c81ff1f606353be77260b938bb18e07fb87f7dea7089deb9555fa21ba85,numeric,FROZEN_TIMECREATE_AGGREGATE_PASS
2022-06-19,B6,64,0.9220055710306406,0.9164420485175202,359,371,093ba221891ebd1f3be4d270fe52f0f6d9b9dfefd818b7caf322a45051fd1372,numeric,FROZEN_TIMECREATE_AGGREGATE_PASS
2022-06-19,B7,48,0.8896797153024911,0.8607594936708861,281,237,0ba33ae88f387d9ea759778dd791bb3bb513e3cb6015e6f814f8e28de325e094,numeric,FROZEN_TIMECREATE_AGGREGATE_PASS
2022-06-19,B8,65,0.8640350877192983,0.8974358974358975,456,351,3a7bbc1dfe98f51e6450238be1c70d07d07d986a9e559651c28c83f97b83e9bc,numeric,FROZEN_TIMECREATE_AGGREGATE_PASS
2022-06-19,B9,42,0.7937062937062938,0.8230088495575221,286,226,800b5bdcb77905f12a58819a18e1b8f88fc90fc206b00889f52e3f50d874e3d9,numeric,FROZEN_TIMECREATE_AGGREGATE_PASS
2022-06-19,B10,55,0.9073033707865169,0.9519774011299436,356,354,d9f5bc76e2052a216d0e296b0ca1fb2d3b4037d42b2bd0db022f587c4bd9e7e6,numeric,FROZEN_TIMECREATE_AGGREGATE_PASS
2022-06-26,B1,57,0.92,0.9121621621621622,325,296,c95c27992d250a12e785a7659d031cd7d3ec082d25e14dcca7411983eee6ce52,numeric,FROZEN_TIMECREATE_AGGREGATE_PASS
2022-06-26,B2,62,0.946236559139785,0.9051490514905149,372,369,bf3deda567d105435a319a26a09a0188619f410a1e1e13cd613e69d2ec0fd378,numeric,FROZEN_TIMECREATE_AGGREGATE_PASS
2022-06-26,B3,51,0.8237547892720306,0.8701754385964913,261,285,4f41da7e4b9f9a264370ec0380584e97f110e21ae66511a55d9e64c804159c62,numeric,FROZEN_TIMECREATE_AGGREGATE_PASS
2022-06-26,B4,62,0.8975609756097561,0.9222222222222223,410,360,b12b47026d8ef01aef9ea6372a024aa3e320b288a4413a9d1411d1a275150571,numeric,FROZEN_TIMECREATE_AGGREGATE_PASS
2022-06-26,B5,51,0.8587786259541985,0.9024390243902439,262,246,36795e34f368b3ba8de3388361cdd1933fbe2528acfe85836956658d37663601,numeric,FROZEN_TIMECREATE_AGGREGATE_PASS
2022-06-26,B6,64,0.9081885856079405,0.9164345403899722,403,359,f91753898d1cae05b3e6887d0390a18256cd80cd81b07a726a4195d64a337549,numeric,FROZEN_TIMECREATE_AGGREGATE_PASS
2022-06-26,B7,50,0.8825622775800712,0.8932384341637011,281,281,ad8c73cb13b2af4a7c585006a8e4852c3735a8b85897cfa6b0e911f5b4b4a608,numeric,FROZEN_TIMECREATE_AGGREGATE_PASS
2022-06-26,B8,63,0.9512195121951219,0.881578947368421,369,456,e066ffcef05ee5e0c00a2d841ca0a0157d72c5b6d6a1cd4eddb5cb7ffc96ec93,numeric,FROZEN_TIMECREATE_AGGREGATE_PASS
2022-06-26,B9,45,0.85546875,0.8286713286713286,256,286,acf635b61cd1b2522d445e41d88488659e3b84ffdea917bf3515f50e4423b69a,numeric,FROZEN_TIMECREATE_AGGREGATE_PASS
2022-06-26,B10,59,0.8980099502487562,0.901685393258427,402,356,10a9cd7fcf33404b4886ffc3dad63cdcaf0c7034bebd18ea32cf2af5dc85295f,numeric,FROZEN_TIMECREATE_AGGREGATE_PASS
2022-07-10,B1,51,0.897119341563786,0.8762886597938144,243,291,7557bfc5c4d7d1ac3f4f104b6cc5d81b8007d89870e76f746b91b4786afa251a,numeric,FROZEN_TIMECREATE_AGGREGATE_PASS
2022-07-10,B2,61,0.9451219512195121,0.8725,328,400,922e11c80e73bf8bc4c406bd8ec68f971791114ffe14a0565d4fa20ad35f24bc,numeric,FROZEN_TIMECREATE_AGGREGATE_PASS
2022-07-10,B3,49,0.9144736842105263,0.8662613981762918,304,329,c25f15ea601ba90cc43686d489d340dc71a3e940196311a8155ff274e36b2dcd,numeric,FROZEN_TIMECREATE_AGGREGATE_PASS
2022-07-10,B4,56,0.8995098039215687,0.8349056603773585,408,424,55ba2f6c7fd23a6ec4f791d295fc10fc22fa70c69b93b0292c53fde132172b63,numeric,FROZEN_TIMECREATE_AGGREGATE_PASS
2022-07-10,B5,52,0.8704318936877077,0.8501529051987767,301,327,ad49493fa1cdbc670a8f9f94ee0999d67f686abe2ea31e9d4d9cfaf62af048c2,numeric,FROZEN_TIMECREATE_AGGREGATE_PASS
2022-07-10,B6,62,0.9093023255813953,0.9388888888888889,430,360,68295c9304d407defd54d738ef178462c87980f21035c11b9bdf7215e9604aaa,numeric,FROZEN_TIMECREATE_AGGREGATE_PASS
2022-07-10,B7,50,0.8802816901408451,0.9128787878787878,284,264,366e8b9da21002b25825825884e6ed324ad901efbb92e4894abcf8f03cac93e7,numeric,FROZEN_TIMECREATE_AGGREGATE_PASS
2022-07-10,B8,63,0.8936170212765957,0.9129287598944591,376,379,ae925178298dde4d48a216f0011d831d31f6baa873f360c3cc130a31021c5623,numeric,FROZEN_TIMECREATE_AGGREGATE_PASS
2022-07-10,B9,43,0.8210116731517509,0.8875968992248062,257,258,4b49e097a7006affdc2922e0fb8a3d56e806907f648d0b043fcdf6971b63d944,numeric,FROZEN_TIMECREATE_AGGREGATE_PASS
2022-07-10,B10,73,0.952513966480447,0.8688524590163934,358,427,f6a92917c65b685c8a6cbad43ccfd0a09be6a8ac69f6cf4af2da5a554ed7434a,numeric,FROZEN_TIMECREATE_AGGREGATE_PASS
2022-07-17,B1,48,0.8391608391608392,0.8724279835390947,286,243,a4c397221e6602a9f5862787c920a754f7b553b89b412756cd2e18a2754759b3,numeric,FROZEN_TIMECREATE_AGGREGATE_PASS
2022-07-17,B2,62,0.8535353535353535,0.948170731707317,396,328,b040e9e298637b6b1a77dc8fe927b50a1c3b581a7e50d3a40f2c475219271ff2,numeric,FROZEN_TIMECREATE_AGGREGATE_PASS
2022-07-17,B3,48,0.8768656716417911,0.8782894736842105,268,304,d8e13f1cbc3a413736afdb8aac070f2d24a1b04f28277ca49a892a12b2dec4b8,numeric,FROZEN_TIMECREATE_AGGREGATE_PASS
2022-07-17,B4,54,0.9220430107526881,0.8700980392156863,372,408,9828dd85f82dd1de5609acf90a06b9fcbbd5da10fc3fb747b8c8e168cfc88b21,numeric,FROZEN_TIMECREATE_AGGREGATE_PASS
2022-07-17,B5,48,0.9330855018587361,0.8205980066445183,269,301,11d23a0937ecefa107b1da8f24306c10edebbd21fa9462ad960d17fec4471c66,numeric,FROZEN_TIMECREATE_AGGREGATE_PASS
2022-07-17,B6,65,0.9216216216216216,0.9162790697674419,370,430,e37261bdb0ce70e4076746ecc682d726fb8a2dc4f81f622aac57b76f62745d3c,numeric,FROZEN_TIMECREATE_AGGREGATE_PASS
2022-07-17,B7,54,0.9399141630901288,0.9119718309859155,233,284,0bea05e650d57a1728027e5a659916be0bf0301e60dcb0c114c7488dabca4634,numeric,FROZEN_TIMECREATE_AGGREGATE_PASS
2022-07-17,B8,63,0.9391534391534392,0.9175531914893617,378,376,220bc20ad9aa745d66a426f6c1e0e0bae06339f127caed23c8e8d21a084674ab,numeric,FROZEN_TIMECREATE_AGGREGATE_PASS
2022-07-17,B9,51,0.9130434782608695,0.8988326848249028,276,257,7bb6bf009475f165bb4b410c20b8d7e225eaceb490be5b06f19968ff01620420,numeric,FROZEN_TIMECREATE_AGGREGATE_PASS
2022-07-17,B10,60,0.8961424332344213,0.8910614525139665,337,358,3dbd4c1782cb4a7f5ee84cea0dd74649cb4a02d82f975e60c4a6a717a8135784,numeric,FROZEN_TIMECREATE_AGGREGATE_PASS
2022-07-24,B1,55,0.8761061946902655,0.8496503496503497,226,286,713417975e60dd616e42bd8d59f5edf96dbdee367380530d1c0dffed1d8a9e51,numeric,FROZEN_TIMECREATE_AGGREGATE_PASS
2022-07-24,B2,63,0.9391304347826087,0.898989898989899,345,396,973d4c32d23038daebc9dc72552df9024f61ab2939f3fe42bbff0dc24a19697a,numeric,FROZEN_TIMECREATE_AGGREGATE_PASS
2022-07-24,B3,49,0.8694029850746269,0.8992537313432836,268,268,208292eaca918219555322f390bb5edc265aa19e16ce890f1c7e273ad2c64c09,numeric,FROZEN_TIMECREATE_AGGREGATE_PASS
2022-07-24,B4,60,0.9043478260869565,0.9489247311827957,345,372,d57d9c3304bd98cb4b82df6e3e878cfbbd41eb8d24393a094c89d42988b24692,numeric,FROZEN_TIMECREATE_AGGREGATE_PASS
2022-07-24,B5,44,0.8819875776397516,0.8884758364312267,322,269,029af20fc1db91cfca7c25f0e6df1bd999efc66ab85aa3c97c18581603820add,numeric,FROZEN_TIMECREATE_AGGREGATE_PASS
2022-07-24,B6,65,0.9436274509803921,0.9297297297297298,408,370,82455d05d0e668a13250f82a22b219bfd0df3a949461c6ab93399da9a1c3acff,numeric,FROZEN_TIMECREATE_AGGREGATE_PASS
2022-07-24,B7,48,0.8859315589353612,0.9141630901287554,263,233,3c83a89067c04aa5c4f95cf39e44249860d1a3afc839dfc70159dd40fc978c80,numeric,FROZEN_TIMECREATE_AGGREGATE_PASS
2022-07-24,B8,63,0.8954802259887006,0.9417989417989417,354,378,629ed957788866171a989ffb01c29f63a6b562573813213b769ff70086297a6e,numeric,FROZEN_TIMECREATE_AGGREGATE_PASS
2022-07-24,B9,45,0.895397489539749,0.8514492753623188,239,276,fee7b9dc5e0676b357dfe71135981c573a6ca0b1bc6f580381d662e9d2e4ad43,numeric,FROZEN_TIMECREATE_AGGREGATE_PASS
2022-07-24,B10,57,0.905982905982906,0.8813056379821959,351,337,283b75950a8a50251dbf39d6dcc2b2775134f528d8b9d5df657c06d189ac3ff6,numeric,FROZEN_TIMECREATE_AGGREGATE_PASS
2022-07-31,B1,50,0.896414342629482,0.8716814159292036,251,226,26f7cb5651e8d62305bad290e15c9a1ae147538c8e1f5bd0a63299f0c6a06d53,numeric,FROZEN_TIMECREATE_AGGREGATE_PASS
2022-07-31,B2,62,0.9080459770114943,0.9246376811594202,348,345,a3bb272b845dcee2904c8998b07f28cd603e4be86ae774d37993bf9311a42686,numeric,FROZEN_TIMECREATE_AGGREGATE_PASS
2022-07-31,B3,48,0.9058823529411765,0.8731343283582089,255,268,fabc678c9c57a31254d190ffc4e32b5b2b97920e44e549a142371ff0a3876109,numeric,FROZEN_TIMECREATE_AGGREGATE_PASS
2022-07-31,B4,61,0.9329446064139941,0.9043478260869565,343,345,4c8ae6c94c084c1189941f819eadfcdb9be0c3695199dddfd53a85029b9f3192,numeric,FROZEN_TIMECREATE_AGGREGATE_PASS
2022-07-31,B5,43,0.8825757575757576,0.8664596273291926,264,322,919b715d821124164cd3e3579784181b225b8bbeb842246082448f97bcc71df4,numeric,FROZEN_TIMECREATE_AGGREGATE_PASS
2022-07-31,B6,62,0.9441340782122905,0.9362745098039216,358,408,b37dd7f66be2cd026fed9050251113dbdb8bb052ea96728730425ca6ee64ed87,numeric,FROZEN_TIMECREATE_AGGREGATE_PASS
2022-07-31,B7,41,0.8379446640316206,0.8060836501901141,253,263,883a17c66f16f6703d5a7e634a668c0ffc02ce4ecc31efb52d5086667d87eb27,numeric,FROZEN_TIMECREATE_AGGREGATE_PASS
2022-07-31,B8,63,0.9359756097560976,0.884180790960452,328,354,8127996ff3bea729c9656a329074c2594d9240e479486e1fa30a75a52f03508e,numeric,FROZEN_TIMECREATE_AGGREGATE_PASS
2022-07-31,B9,45,0.7985347985347986,0.899581589958159,273,239,70f3d8f836a32b26fa31af38488bf4e9f364cfbab4b1ed2b2910e864ab42d705,numeric,FROZEN_TIMECREATE_AGGREGATE_PASS
2022-07-31,B10,60,0.9054726368159204,0.9373219373219374,402,351,20bf4b975209e2c948bbfa28169afb67ca8af7bd12a676dca1e949cd8fe0db40,numeric,FROZEN_TIMECREATE_AGGREGATE_PASS
2022-08-07,B1,48,0.892,0.900398406374502,250,251,bfc4598efc042e152287f5acc507d5b7a93180434949b9c5c9c5d71fbb5ac55b,numeric,FROZEN_TIMECREATE_AGGREGATE_PASS
2022-08-07,B2,60,0.9269005847953217,0.8735632183908046,342,348,2564d34ee6f908a8aa7009c779baa3f62060045c8214e4b32e18ef0985ebba52,numeric,FROZEN_TIMECREATE_AGGREGATE_PASS
2022-08-07,B3,49,0.8731884057971014,0.8980392156862745,276,255,afc0dbcf0af98e2e5f7d3c434b4ae0914cd7732c56323691a4a437f459a79ef7,numeric,FROZEN_TIMECREATE_AGGREGATE_PASS
2022-08-07,B4,67,0.8962536023054755,0.9446064139941691,347,343,9c6e67f941d808326533ce41ce397629b175d1be45b256732a1e3760d89c0bce,numeric,FROZEN_TIMECREATE_AGGREGATE_PASS
2022-08-07,B5,47,0.7868217054263565,0.8825757575757576,258,264,df7f3fa05dac01d256c768a4e782edf14dd91a3455a3b2153317d9d8b6fe7be8,numeric,FROZEN_TIMECREATE_AGGREGATE_PASS
2022-08-07,B6,63,0.9137931034482759,0.9385474860335196,348,358,edf86c54e2c9a45170bcae26cffcf8963635d85c9c34153a3ef2a7d68436c926,numeric,FROZEN_TIMECREATE_AGGREGATE_PASS
2022-08-07,B7,47,0.8132295719844358,0.8814229249011858,257,253,6291e011967bacf36b36eb22f111366c4d6b4533b060b5666728afff1bde201f,numeric,FROZEN_TIMECREATE_AGGREGATE_PASS
2022-08-07,B8,58,0.9234972677595629,0.9054878048780488,366,328,fd135fb423c9bfc66fe25b43d6db122e0fdfe7983daad4c5935e0ca860597c58,numeric,FROZEN_TIMECREATE_AGGREGATE_PASS
2022-08-07,B9,56,0.9051383399209486,0.9084249084249084,253,273,f820cd58042797d7a10f8031a442a70ea2ab6ef687f5c315472a6fcbea3266d4,numeric,FROZEN_TIMECREATE_AGGREGATE_PASS
2022-08-07,B10,60,0.9181818181818182,0.8905472636815921,330,402,7c941eb3a9f750c38a5150d46925b5b6f9c45ae322217d2bdab02bb08b82c187,numeric,FROZEN_TIMECREATE_AGGREGATE_PASS
2022-08-14,B1,51,0.8875968992248062,0.888,258,250,f61905cfdeaecbccf342c3f75af12da189ccf067eff2c60e7df49d89ab4e99bb,numeric,FROZEN_TIMECREATE_AGGREGATE_PASS
2022-08-14,B2,60,0.8724637681159421,0.9035087719298246,345,342,817640b97f9ce120fee08b4b1313f41886c5b429ad42fa349003d062a02f2108,numeric,FROZEN_TIMECREATE_AGGREGATE_PASS
2022-08-14,B3,55,0.9018867924528302,0.9347826086956522,265,276,192b7db597e97e419c2269da0fc87062c81b9975b9ffb6a4d01e89019e8ac4e3,numeric,FROZEN_TIMECREATE_AGGREGATE_PASS
2022-08-14,B4,68,0.934010152284264,0.8962536023054755,394,347,b4078ffc2bbf433214565453d45b5120db7b1ad8e3a98b9287bc53d7fa302433,numeric,FROZEN_TIMECREATE_AGGREGATE_PASS
2022-08-14,B5,47,0.8896551724137931,0.875968992248062,290,258,82736056c00aea048a67134eb68a1abd15fcb4d8a68868c3ed699cb5ede0ecda,numeric,FROZEN_TIMECREATE_AGGREGATE_PASS
2022-08-14,B6,61,0.9065656565656566,0.9022988505747126,396,348,37520eb249e9b04ecb9c988632159df402515ba738470a46e8766dc1b8596e25,numeric,FROZEN_TIMECREATE_AGGREGATE_PASS
2022-08-14,B7,51,0.900398406374502,0.8754863813229572,251,257,f2ee119adde89065bdb845778e8f0c20e315b9f93ac44cb8726fdbbb035b5918,numeric,FROZEN_TIMECREATE_AGGREGATE_PASS
2022-08-14,B8,61,0.8768844221105527,0.9262295081967213,398,366,7e0126c622de2bea04bcdcb0521a4eafc5924a285e7f574ead382f4060254eaa,numeric,FROZEN_TIMECREATE_AGGREGATE_PASS
2022-08-14,B9,52,0.8970588235294118,0.841897233201581,272,253,38ba0f2bc89807c80b617f5a150099f3c96e1a78d68c8ed0d45bedf65845f826,numeric,FROZEN_TIMECREATE_AGGREGATE_PASS
2022-08-14,B10,58,0.8785942492012779,0.9090909090909091,313,330,76651489efe68b54287ea2e888d7e77ad5caab416891815be9e2b223d67427f2,numeric,FROZEN_TIMECREATE_AGGREGATE_PASS
2022-08-21,B1,50,0.8973509933774835,0.8643410852713178,302,258,7955987aeefdbe43b89a63fa0826fe4ccac11d9ac511c0953ea75cfc04134886,numeric,FROZEN_TIMECREATE_AGGREGATE_PASS
2022-08-21,B2,61,0.8925373134328358,0.8898550724637682,335,345,de3731342684dc90e58f5267fd3a1c6fce9303653175b311bc67943ef7ca1e1c,numeric,FROZEN_TIMECREATE_AGGREGATE_PASS
2022-08-21,B3,51,0.9137931034482759,0.879245283018868,290,265,67d6e06feb2871f220d933e2e6f6b7b6e3c109f041fab651b97748bcfca01e34,numeric,FROZEN_TIMECREATE_AGGREGATE_PASS
2022-08-21,B4,66,0.9256410256410257,0.9137055837563451,390,394,d59d713394ca685173bd6f22355788f61d13a3751a828d9950819fc09e935f4a,numeric,FROZEN_TIMECREATE_AGGREGATE_PASS
2022-08-21,B5,51,0.8859315589353612,0.9,263,290,758a9c22ead91fea190403264a6601f2c08e989acba4cd99ef16a25cd299c5be,numeric,FROZEN_TIMECREATE_AGGREGATE_PASS
2022-08-21,B6,58,0.9292035398230089,0.898989898989899,339,396,a34ba839473f4e459cd839b953a22d125cd8bfa14bbb657f34f448e06285edbd,numeric,FROZEN_TIMECREATE_AGGREGATE_PASS
2022-08-21,B7,49,0.8647540983606558,0.8804780876494024,244,251,ca6b4265ba29d2a82c7c09ee91a87fb24b5740b59020dfe92294a3d42cc3b5bd,numeric,FROZEN_TIMECREATE_AGGREGATE_PASS
2022-08-21,B8,64,0.9221556886227545,0.9195979899497487,334,398,16d381fc83b1635ce1ddf6ed98dc9f3fd0df9e8ded19d1e64b424c2f679443ac,numeric,FROZEN_TIMECREATE_AGGREGATE_PASS
2022-08-21,B9,46,0.8929889298892989,0.9007352941176471,271,272,f78f0c81658d4fb6b0dc6ddfefa42dd0e78a141a11842764bde00fd8a1b9eb9c,numeric,FROZEN_TIMECREATE_AGGREGATE_PASS
2022-08-21,B10,64,0.9276485788113695,0.9105431309904153,387,313,ac93c8a706c0d5b5e1dcfd11aa5a28a7c34c910fa5de046b2dc4c6f5a087d6aa,numeric,FROZEN_TIMECREATE_AGGREGATE_PASS
2022-08-28,B1,48,0.8737201365187713,0.9139072847682119,293,302,d529afd4eea635ad8b610869ce1bcc4215bc983251627587a6d4e384ba6b730a,numeric,FROZEN_TIMECREATE_AGGREGATE_PASS
2022-08-28,B2,64,0.9009009009009009,0.9223880597014925,333,335,52f4b245cd1b829bc211a12350841a5568ac71b256950e28ae868aac1e8402f8,numeric,FROZEN_TIMECREATE_AGGREGATE_PASS
2022-08-28,B3,51,0.875,0.9172413793103448,288,290,0706ab8cd31998281f83e72b11a5ef37aff2e06aaf7ebd46dcb7e549193165aa,numeric,FROZEN_TIMECREATE_AGGREGATE_PASS
2022-08-28,B4,68,0.9168831168831169,0.9435897435897436,385,390,10518a56ba4ee1fa6edbac0a0e58db5be66a212fbadf106a813caca908a040a5,numeric,FROZEN_TIMECREATE_AGGREGATE_PASS
2022-08-28,B5,51,0.888030888030888,0.8821292775665399,259,263,b73ad8a12304318fe34e914dadf11ea474a7e1444cb5bac1a623b8eda5556599,numeric,FROZEN_TIMECREATE_AGGREGATE_PASS
2022-08-28,B6,61,0.9150141643059491,0.9321533923303835,353,339,2b6d027b6386a9b1125bf73070a80f421a527fb7dda53a275893a0c40f6a2e2e,numeric,FROZEN_TIMECREATE_AGGREGATE_PASS
2022-08-28,B7,45,0.897887323943662,0.889344262295082,284,244,ef4324c8d549090eed5bc8b082d2a1e2f5f9e438c082736b0ba7680a81cd5b34,numeric,FROZEN_TIMECREATE_AGGREGATE_PASS
2022-08-28,B8,61,0.8798076923076923,0.8682634730538922,416,334,5ca282fa39a8918b144d22f1ef86ad95e91812ff0e4a478802770df2c9c4cd37,numeric,FROZEN_TIMECREATE_AGGREGATE_PASS
2022-08-28,B9,48,0.9084507042253521,0.9114391143911439,284,271,3fd60391bd0ac29c0333d596e6476b18514e642acb927696db4fbf8d84d6f0a5,numeric,FROZEN_TIMECREATE_AGGREGATE_PASS
2022-08-28,B10,61,0.9181585677749361,0.917312661498708,391,387,440bc3f8601fc91368f2e4480b4cd36db58528f02a1037ab8c55b4aeeb82af97,numeric,FROZEN_TIMECREATE_AGGREGATE_PASS
2022-09-11,B1,54,0.9098360655737705,0.870253164556962,244,316,f668f1ee8f8e4cab5f9528d0e769cae2436cccaf5dfc8accf836b29ee5d00bbf,numeric,FROZEN_TIMECREATE_AGGREGATE_PASS
2022-09-11,B2,62,0.9319727891156463,0.8976377952755905,294,381,ae80b36a5f01569bf94ef7af96f7bc504e2e439a3503ed0a7c7ea6fe3a609d10,numeric,FROZEN_TIMECREATE_AGGREGATE_PASS
2022-09-11,B3,51,0.84251968503937,0.8710801393728222,254,287,0f20f431725b9cd02823bacc338548ab46bad9cd8de4183c320d96e1db221c00,numeric,FROZEN_TIMECREATE_AGGREGATE_PASS
2022-09-11,B4,61,0.941025641025641,0.8494623655913979,390,372,3c2fed6521b3d7a17929c04dbeaff958041264f98f7cb4fa0e46ff1dfd8453ba,numeric,FROZEN_TIMECREATE_AGGREGATE_PASS
2022-09-11,B5,52,0.9100346020761245,0.92578125,289,256,06bcd7339f7d1e40de090c73c58150f6172c7aa2992a0c6a8cc2b3f776f5f748,numeric,FROZEN_TIMECREATE_AGGREGATE_PASS
2022-09-11,B6,67,0.9326683291770573,0.900804289544236,401,373,8d0205b8886d45f0f4042ffb251f88191ef703bb75556c462788e84747be5431,numeric,FROZEN_TIMECREATE_AGGREGATE_PASS
2022-09-11,B7,53,0.8850574712643678,0.9114391143911439,261,271,7b9495756dd40090b0cfdd759fbb9f1db9b55885c3c6118de7c6d5fb502ba8f5,numeric,FROZEN_TIMECREATE_AGGREGATE_PASS
2022-09-11,B8,61,0.9166666666666666,0.8772321428571429,360,448,4bf37573a7d2157851ca15b68d4be88c207ac642feee2647473b611ab78a2250,numeric,FROZEN_TIMECREATE_AGGREGATE_PASS
2022-09-11,B9,52,0.8785425101214575,0.8552631578947368,247,304,a7e420d86a98c0f6f0f490b1696db765847da6ef02a9b568c4037c154093578a,numeric,FROZEN_TIMECREATE_AGGREGATE_PASS
2022-09-11,B10,64,0.904891304347826,0.8953168044077136,368,363,f5a3fe5df223fe26edb4151bfe068593fd7e8adfab3c081ba75db6756262d74d,numeric,FROZEN_TIMECREATE_AGGREGATE_PASS
2022-09-18,B1,51,0.8548387096774194,0.860655737704918,248,244,dc7f1dcdccde46a0716a2821bfa7a801b55d6deb638870ae88aa96ad12246c5e,numeric,FROZEN_TIMECREATE_AGGREGATE_PASS
2022-09-18,B2,58,0.8739946380697051,0.8979591836734694,373,294,2b6a53c829ce381e877f5d348f537c55f5757c2315d2dbc71846e84a3154d182,numeric,FROZEN_TIMECREATE_AGGREGATE_PASS
2022-09-18,B3,55,0.9083969465648855,0.9015748031496063,262,254,aed7bf9fb17b55b3a8cfca0ad81324e958f82278e29ca375d67d1eccd925eb38,numeric,FROZEN_TIMECREATE_AGGREGATE_PASS
2022-09-18,B4,54,0.8742690058479532,0.8769230769230769,342,390,a327b36a7523ee532a1a268f843cffa7c17441c581d18e19da89cc4282051e87,numeric,FROZEN_TIMECREATE_AGGREGATE_PASS
2022-09-18,B5,44,0.8807692307692307,0.8235294117647058,260,289,783928d692b49033936cf96b5f54cc66958fe3273b068910fb00ca2ad97fcd1d,numeric,FROZEN_TIMECREATE_AGGREGATE_PASS
2022-09-18,B6,61,0.8831908831908832,0.8902743142144638,351,401,f4e902a9f4563a4f68e6da698c003017ebf907e0922cf05fff61aa7345a28647,numeric,FROZEN_TIMECREATE_AGGREGATE_PASS
2022-09-18,B7,49,0.9024390243902439,0.896551724137931,246,261,7a99d4d8ed65eb321608c5cd13ac4bdc037bb2e70eef1ab1279b301c73cbdb4e,numeric,FROZEN_TIMECREATE_AGGREGATE_PASS
2022-09-18,B8,62,0.8936781609195402,0.9083333333333333,348,360,b359a2cdb76b7b777391b4e07db731039b1a0e023df28be082b4ddb165195576,numeric,FROZEN_TIMECREATE_AGGREGATE_PASS
2022-09-18,B9,47,0.8938053097345132,0.8421052631578947,226,247,48e93c63347cc57285998ece1b2c02dce921c47901fd33ea7575478509875646,numeric,FROZEN_TIMECREATE_AGGREGATE_PASS
2022-09-18,B10,60,0.927170868347339,0.8804347826086957,357,368,11251ed2691199afd8cf287bb31b2d17fc8bb172def76fe7bb2cb80ab81ab391,numeric,FROZEN_TIMECREATE_AGGREGATE_PASS
2022-10-02,B1,64,0.8693693693693694,0.8283582089552238,222,268,05020ef02bda299eb069da4e857ffcf0a4c71065c92236247bfb1586735ae69f,numeric,FROZEN_TIMECREATE_AGGREGATE_PASS
2022-10-02,B2,79,0.9132653061224489,0.8289855072463768,392,345,f050ee78613b4c5f12c3448581152f408a2d01ee638808b089d442392c7c39fc,numeric,FROZEN_TIMECREATE_AGGREGATE_PASS
2022-10-02,B3,61,0.84765625,0.7854406130268199,256,261,bccf92b9cc3c110523a70e00262b3a5bfe14fcdaaf0a6187d49cbe421acb5e5c,numeric,FROZEN_TIMECREATE_AGGREGATE_PASS
2022-10-02,B4,83,0.9090909090909091,0.8788598574821853,352,421,0d30f76a772fd33f9681256ee5d60546e5a40e87fd396e4391c4325236134068,numeric,FROZEN_TIMECREATE_AGGREGATE_PASS
2022-10-02,B5,52,0.8235294117647058,0.7761194029850746,221,268,e2db69e2580ecea273e540333febc6d7e415bbd3c55fa3316393c0d6d19f0ef3,numeric,FROZEN_TIMECREATE_AGGREGATE_PASS
2022-10-02,B6,84,0.945054945054945,0.8809523809523809,364,462,8dcb10959e9f88e96638b06c865b1870bcb0d7de45f36d6b63e070a4e604c8b2,numeric,FROZEN_TIMECREATE_AGGREGATE_PASS
2022-10-02,B7,61,0.7534722222222222,0.8181818181818182,288,286,c5f412c0bf8dc82181df82d1b6ac1f9dc582b1ff4e118b6554261752d11908b2,numeric,FROZEN_TIMECREATE_AGGREGATE_PASS
2022-10-02,B8,77,0.8863636363636364,0.9064748201438849,352,417,2201d87306032608966ad2cd0118f77c37dc81488a7a094f2f46646ea719502e,numeric,FROZEN_TIMECREATE_AGGREGATE_PASS
2022-10-02,B9,63,0.8169014084507042,0.7888446215139442,284,251,206ad46ae166734e2e3934c81b91c025194bce81e438575eee6e07e550fa8147,numeric,FROZEN_TIMECREATE_AGGREGATE_PASS
2022-10-02,B10,76,0.9060773480662984,0.8877005347593583,362,374,3dd2bb739247e0a67fc9b6f2f8a7172bcb22e7e848a4b9971d5a0f5a97b8d320,numeric,FROZEN_TIMECREATE_AGGREGATE_PASS
2022-10-09,B1,61,0.8297872340425532,0.8603603603603603,235,222,22e0db4d6826bc5fb3b17e5b348feb7ee7e42e7a770624350bfed65be71ab127,numeric,FROZEN_TIMECREATE_AGGREGATE_PASS
2022-10-09,B2,73,0.887905604719764,0.8954081632653061,339,392,b9f20e472d5fa4ccedebaf0aba5f70e1b0bbe6256eea284a152f98d98b36b73a,numeric,FROZEN_TIMECREATE_AGGREGATE_PASS
2022-10-09,B3,58,0.8550185873605948,0.7890625,269,256,c4d21bcde6868a3b41ba1ffa5e9419cfcdc70f0684a7e94fc378ddfb03a215ee,numeric,FROZEN_TIMECREATE_AGGREGATE_PASS
2022-10-09,B4,73,0.9161676646706587,0.8352272727272727,334,352,e934cfaf52c65443a4c31db35efc907a30139eacfda9bc91118b76d95a611c43,numeric,FROZEN_TIMECREATE_AGGREGATE_PASS
2022-10-09,B5,53,0.7736625514403292,0.8687782805429864,243,221,85a438f5032a53eab5af072fe71b5debf93577a8659ed1f42bbce940936d12b9,numeric,FROZEN_TIMECREATE_AGGREGATE_PASS
2022-10-09,B6,71,0.8543417366946778,0.8983516483516484,357,364,fe76a3ed9accd8fdea05299f143d0b8d94c52efa7dee8a1d0ee1212391924eaf,numeric,FROZEN_TIMECREATE_AGGREGATE_PASS
2022-10-09,B7,56,0.857707509881423,0.8298611111111112,253,288,99c5acc5d2e9b0c6354682ae3c3cb479aa5fbe72e26a836ec64aac8fd7636b94,numeric,FROZEN_TIMECREATE_AGGREGATE_PASS
2022-10-09,B8,75,0.861271676300578,0.8806818181818182,346,352,7310ad889cb4d2c920399ea0c506e57de691b77681b265d56c4b1a43c49428c1,numeric,FROZEN_TIMECREATE_AGGREGATE_PASS
2022-10-09,B9,62,0.8605769230769231,0.8098591549295775,208,284,be1090b6761ccfacba4a6be913d05fdbc9aebc49312caa4f56a37d2ba692b5e3,numeric,FROZEN_TIMECREATE_AGGREGATE_PASS
2022-10-09,B10,72,0.8129251700680272,0.8397790055248618,294,362,5f9894bbacb1aea3aab3a21f224b5089f80eabdf0d5694d1b7a17ca58b15597e,numeric,FROZEN_TIMECREATE_AGGREGATE_PASS
2022-10-16,B1,63,0.8648648648648649,0.851063829787234,259,235,196a353178023f03cf08ecb6c993f2aba5d92818e530b9715f86c99ca507a077,numeric,FROZEN_TIMECREATE_AGGREGATE_PASS
2022-10-16,B2,73,0.9029411764705882,0.887905604719764,340,339,f039e32a7de488d12435cd8bebe54d8d767b9b5fd1cb09e7de3ae03954622484,numeric,FROZEN_TIMECREATE_AGGREGATE_PASS
2022-10-16,B3,59,0.7949790794979079,0.8438661710037175,239,269,57f6e84e5bd1694bc3b9ca8ff48136e8f465c6ba3994352f64a5dad58ffdfccc,numeric,FROZEN_TIMECREATE_AGGREGATE_PASS
2022-10-16,B4,64,0.8518518518518519,0.781437125748503,297,334,8f59a410ee405564e70eb97484878193ba82ce8196c1ccfbada20a9d05778689,numeric,FROZEN_TIMECREATE_AGGREGATE_PASS
2022-10-16,B5,58,0.8599221789883269,0.8518518518518519,257,243,a0f83eea7fa9086b35602d3edb3ab036dc6b82c251b18d63218cdb706422cd10,numeric,FROZEN_TIMECREATE_AGGREGATE_PASS
2022-10-16,B6,67,0.8941176470588236,0.8543417366946778,340,357,e463975d8bfd69931d0fddafc30d165ea57dbc4abaeb2e9ae542b2ce4e9d3106,numeric,FROZEN_TIMECREATE_AGGREGATE_PASS
2022-10-16,B7,56,0.8411552346570397,0.8695652173913043,277,253,7b28d72728aeff7567b5dc38fee272a7c07c7fe25d06c67deee1b02b53491eff,numeric,FROZEN_TIMECREATE_AGGREGATE_PASS
2022-10-16,B8,79,0.8567415730337079,0.8930635838150289,356,346,7fe1011781f786756a1aaeb3b201aaced745b8c7c1f4bd8430e2859815a92290,numeric,FROZEN_TIMECREATE_AGGREGATE_PASS
2022-10-16,B9,57,0.8565400843881856,0.8461538461538461,237,208,b43d89b185b01d97c7f8dc4938d375202fa181d78e0ed4e2314f8f614820cdb1,numeric,FROZEN_TIMECREATE_AGGREGATE_PASS
2022-10-16,B10,75,0.8743589743589744,0.8503401360544217,390,294,f4867d0ddb31865823ac3af4fa943b064863d825a07b3ffb341ce736661a88c5,numeric,FROZEN_TIMECREATE_AGGREGATE_PASS
2022-10-23,B1,62,0.8719723183391004,0.8455598455598455,289,259,4fc4a14f4fedbc915a3c0e46d64c8f577267722ef596f5c7c300ba50ceedf0e1,numeric,FROZEN_TIMECREATE_AGGREGATE_PASS
2022-10-23,B2,70,0.8886075949367088,0.8911764705882353,395,340,efb9015e4bb75872452571c3b4f8a57d21a1c8f6d33c8316f5d4e3ebab73e382,numeric,FROZEN_TIMECREATE_AGGREGATE_PASS
2022-10-23,B3,65,0.8859934853420195,0.8744769874476988,307,239,06ce41bd679b3830595700ffd58fc16906f5e90d3562bbb30a32b9fc33145321,numeric,FROZEN_TIMECREATE_AGGREGATE_PASS
2022-10-23,B4,68,0.8308157099697885,0.8552188552188552,331,297,1b6e1bbabbc757ad32666c40244f3602c7f0efb0d7fc80ab6adb688875d2bc94,numeric,FROZEN_TIMECREATE_AGGREGATE_PASS
2022-10-23,B5,58,0.8007662835249042,0.8793774319066148,261,257,257eaa361d1a01f1e410a743b78487921bf067b414580b5370fcc3f7d1ad3ad4,numeric,FROZEN_TIMECREATE_AGGREGATE_PASS
2022-10-23,B6,66,0.8554913294797688,0.8941176470588236,346,340,72a5721dad64a425b570e2394e844d6b6b8145dfc7bd31c531f96db55d8b0e81,numeric,FROZEN_TIMECREATE_AGGREGATE_PASS
2022-10-23,B7,57,0.8724279835390947,0.851985559566787,243,277,215094ffc736dbaef276edcbd834138b3544a8b5aec371ab1272ac150fcc57a7,numeric,FROZEN_TIMECREATE_AGGREGATE_PASS
2022-10-23,B8,64,0.8895705521472392,0.7668539325842697,326,356,3d0657e6614686e873370a3a4af254d4643089c76a13327fc0d5ad58b9c96d99,numeric,FROZEN_TIMECREATE_AGGREGATE_PASS
2022-10-23,B9,48,0.8638297872340426,0.8016877637130801,235,237,c65566a9eeba3e61f57f6741915c49eddf86df6437bce382d41732dc1c87d082,numeric,FROZEN_TIMECREATE_AGGREGATE_PASS
2022-10-23,B10,75,0.9148936170212766,0.8487179487179487,329,390,4cc7045b607119ff9d1b883e0f78ad6fcea992ffc3e1a8ff94f8e14898dde356,numeric,FROZEN_TIMECREATE_AGGREGATE_PASS
2022-10-30,B1,61,0.8537313432835821,0.8373702422145328,335,289,82a8aaab339e5d0914486651a1f5e3965bf31dc409ccc090c3f9ef03db8ee2e3,numeric,FROZEN_TIMECREATE_AGGREGATE_PASS
2022-10-30,B2,73,0.8803418803418803,0.9037974683544304,351,395,26f8a3b7c720b4ea8fc0513afbc71fb5cc7eacd2805115aef21100128f7e8318,numeric,FROZEN_TIMECREATE_AGGREGATE_PASS
2022-10-30,B3,62,0.8521400778210116,0.8436482084690554,257,307,362e783e52877e36063ad2d2b8b1e12b3f2335098c9d14b5f0fced3af678defd,numeric,FROZEN_TIMECREATE_AGGREGATE_PASS
2022-10-30,B4,71,0.8274932614555256,0.8338368580060423,371,331,741cc11049b3c52920e8ff6cc7e1817eabf7e9bd05729b8db5a5f7104a6be424,numeric,FROZEN_TIMECREATE_AGGREGATE_PASS
2022-10-30,B5,62,0.8327759197324415,0.789272030651341,299,261,44aa9bd04f44ddd64c147b50362c0a7c5fb769186d9efb0ed2afdc4cf5f9c9e3,numeric,FROZEN_TIMECREATE_AGGREGATE_PASS
2022-10-30,B6,70,0.8715846994535519,0.838150289017341,366,346,40c19e429cd524c8cf9bc46379ccaf2fc85d697b53047acacc901488b26f4b37,numeric,FROZEN_TIMECREATE_AGGREGATE_PASS
2022-10-30,B7,62,0.84765625,0.8930041152263375,256,243,b499c7bc0d4fd50f9eaec154ad4a4a6f0f4749a116b97cc25c140d2bf306faba,numeric,FROZEN_TIMECREATE_AGGREGATE_PASS
2022-10-30,B8,71,0.8502824858757062,0.9355828220858896,354,326,2ebbc79b485f5f0ad86717ea64b332db9fb44873eedbbe0235ac1aafa47377b1,numeric,FROZEN_TIMECREATE_AGGREGATE_PASS
2022-10-30,B9,43,0.7615062761506276,0.7787234042553192,239,235,247f086bb045da70222c1052f0465ba2e812fac5b7e2e4228bf21a10665d8e61,numeric,FROZEN_TIMECREATE_AGGREGATE_PASS
2022-10-30,B10,73,0.8545454545454545,0.8996960486322189,385,329,289738f9eda9a23eca82573a7d9e53a5c6615f695c36a54a12d094a1346b8898,numeric,FROZEN_TIMECREATE_AGGREGATE_PASS
2022-11-06,B1,60,0.8181818181818182,0.8597014925373134,319,335,b972c4ff7199cbbbb2f792b105ff0c4f1f9fff0db7c4a2adc54c9690c5100b98,numeric,FROZEN_TIMECREATE_AGGREGATE_PASS
2022-11-06,B2,73,0.9107142857142857,0.8888888888888888,336,351,c153cbaccc286257f868cdfddd018255bc18fd5ade924e2838fc70436e8b137f,numeric,FROZEN_TIMECREATE_AGGREGATE_PASS
2022-11-06,B3,56,0.7773851590106007,0.8249027237354085,283,257,009a17829ebca1a9576f9a123d6fdb19a40c2931d411122cfe03063761be934c,numeric,FROZEN_TIMECREATE_AGGREGATE_PASS
2022-11-06,B4,67,0.863517060367454,0.8194070080862533,381,371,b2294c5578fc6bcd1b8f0d8fdc4e8aa78f83b36cd1f69209aba2dd5dc7a9190f,numeric,FROZEN_TIMECREATE_AGGREGATE_PASS
2022-11-06,B5,63,0.8796992481203008,0.842809364548495,266,299,858b03cf374a74e745da7a2ae877c675021e8b0730d8063b907a1fb51251db49,numeric,FROZEN_TIMECREATE_AGGREGATE_PASS
2022-11-06,B6,73,0.88125,0.8961748633879781,320,366,1c3ef16d17eb15438c3ed3d585c29532e068116c7e47696ffd5ed56d8ab057ca,numeric,FROZEN_TIMECREATE_AGGREGATE_PASS
2022-11-06,B7,61,0.8523985239852399,0.84765625,271,256,96e3322e25ff4ffc923a61fce6ee2483346a9cc32738c3eba5886ac53f72899b,numeric,FROZEN_TIMECREATE_AGGREGATE_PASS
2022-11-06,B8,74,0.8342391304347826,0.867231638418079,368,354,c390f043b4a7fbacec5add6e2b65822ef23955f2ea47064c5f840062890b8a7f,numeric,FROZEN_TIMECREATE_AGGREGATE_PASS
2022-11-06,B9,50,0.76,0.8284518828451883,250,239,149bf590f5a6c626096b14db3f903f30f0aafe2895766778de58dcf337df0cde,numeric,FROZEN_TIMECREATE_AGGREGATE_PASS
2022-11-06,B10,77,0.8704225352112676,0.8883116883116883,355,385,0bfc16b4f6ca1443dc7f75fae82ec8fd13b0b6a46a2f9475f9a74afbd6acd134,numeric,FROZEN_TIMECREATE_AGGREGATE_PASS
2022-11-13,B1,59,0.867595818815331,0.8495297805642633,287,319,dfb82c16858cfb5bfefcab1c2cae40c6e99afc3b7b128e212947dc66a0dee858,numeric,FROZEN_TIMECREATE_AGGREGATE_PASS
2022-11-13,B2,66,0.8791208791208791,0.8184523809523809,273,336,690481c0472ca57e8d942fe7e7ca5d3372aa1a3590b4902ce0f8b88931c04444,numeric,FROZEN_TIMECREATE_AGGREGATE_PASS
2022-11-13,B3,59,0.7894736842105263,0.7879858657243817,228,283,684698328412c544119e3497a2860882385928752c0b41f8bf6b38745bfc6a32,numeric,FROZEN_TIMECREATE_AGGREGATE_PASS
2022-11-13,B4,64,0.8895522388059701,0.8713910761154856,335,381,3b72799ec236928a4514f925c9869384ca615d29546aa23e90cbda4a9e6fd0e7,numeric,FROZEN_TIMECREATE_AGGREGATE_PASS
2022-11-13,B5,56,0.8571428571428571,0.8308270676691729,252,266,f7fee7167f8648c513642348c16d5bd8da988dac3bf9d7853fa464e5f6f5b888,numeric,FROZEN_TIMECREATE_AGGREGATE_PASS
2022-11-13,B6,66,0.8614864864864865,0.84375,296,320,ef3b2d5385276672a76d99992d6fbfec76c0463cee0166bfbcc77a0618cb7c50,numeric,FROZEN_TIMECREATE_AGGREGATE_PASS
2022-11-13,B7,59,0.8275862068965517,0.8376383763837638,232,271,60743950bd68d9b44921799ffafca65fe87c182f20f78006b1a20368dd8061cc,numeric,FROZEN_TIMECREATE_AGGREGATE_PASS
2022-11-13,B8,74,0.8928571428571429,0.8233695652173914,308,368,158b503519d3f177ce4750cb6fbad2d4032d2b196d049be534461787729e71b7,numeric,FROZEN_TIMECREATE_AGGREGATE_PASS
2022-11-13,B9,54,0.8497652582159625,0.82,213,250,9c3da5821f83b62a792bc6cc978c29ee87ce86a7b8489761105099842bb94560,numeric,FROZEN_TIMECREATE_AGGREGATE_PASS
2022-11-13,B10,71,0.9149659863945578,0.8394366197183099,294,355,768f9ae0ff39a78e3082bffad46524a78a8f6b03149a43afa89e48ee7152492d,numeric,FROZEN_TIMECREATE_AGGREGATE_PASS
2022-11-27,B1,58,0.8194945848375451,0.8744939271255061,277,247,4e7cd3c6c817dfd5fb853ba8136da5b34eeaf7e77a620932fe7857eb1028c124,numeric,FROZEN_TIMECREATE_AGGREGATE_PASS
2022-11-27,B2,68,0.8629032258064516,0.8622589531680441,372,363,ccec554d046dce157f038949a2c075499a1c744b1074cccfcbf444caa630ad98,numeric,FROZEN_TIMECREATE_AGGREGATE_PASS
2022-11-27,B3,49,0.8347457627118644,0.759825327510917,236,229,b78416348eff01fddc6016db6c9b2e3bef9cf6c62c6b332be24d515462e54356,numeric,FROZEN_TIMECREATE_AGGREGATE_PASS
2022-11-27,B4,68,0.8260869565217391,0.8869047619047619,391,336,31996ab8c186d3a07a3185a421c34949cd4e26f3d5a3fcc176d1fce1d23b3560,numeric,FROZEN_TIMECREATE_AGGREGATE_PASS
2022-11-27,B5,62,0.8644688644688645,0.8764478764478765,273,259,947dcd70acec71f41918d233c35836d32311fa2821c789104698f1e14d8b6fc0,numeric,FROZEN_TIMECREATE_AGGREGATE_PASS
2022-11-27,B6,75,0.9014925373134328,0.9023668639053254,335,338,e34b611bb732f92765c01f10427d4e61f0633a6fd9591adfd6c1c3a63cf8676f,numeric,FROZEN_TIMECREATE_AGGREGATE_PASS
2022-11-27,B7,53,0.8372093023255814,0.8546255506607929,301,227,40f86bc9a3ab7045d85c618f35dd9a706c84a094fa4d82bef68a733c24911b8d,numeric,FROZEN_TIMECREATE_AGGREGATE_PASS
2022-11-27,B8,75,0.8405405405405405,0.911042944785276,370,326,50ad1a69437690456f3175a85bca2baae7186dbb1e4a1d1bb648c3ca2a49361c,numeric,FROZEN_TIMECREATE_AGGREGATE_PASS
2022-11-27,B9,53,0.8061224489795918,0.8333333333333334,294,222,7aa6da300c9bbd749fea6fdc4666766f2a822a22661e65e6f3298478c3678b9e,numeric,FROZEN_TIMECREATE_AGGREGATE_PASS
2022-11-27,B10,68,0.7783375314861462,0.8865248226950354,397,282,16503ba21556a8c92b6a02904771304e33df2aada8bbeec609a0dda83b968ba4,numeric,FROZEN_TIMECREATE_AGGREGATE_PASS
2022-12-04,B1,59,0.8566978193146417,0.8194945848375451,321,277,572e3c22b0f9d239e826c6cefd3f77ccd77bb10b442a0268d72e5f1d26297634,numeric,FROZEN_TIMECREATE_AGGREGATE_PASS
2022-12-04,B2,71,0.88,0.9059139784946236,350,372,12ae831b6808f50e66cfaa704797818a61ed78855424a0512c1e18fec2f67a1d,numeric,FROZEN_TIMECREATE_AGGREGATE_PASS
2022-12-04,B3,55,0.8571428571428571,0.8686440677966102,294,236,ff04de9841506d81b0764a52ee89d30208079a3aecde61c523f7ef56b0176ab4,numeric,FROZEN_TIMECREATE_AGGREGATE_PASS
2022-12-04,B4,75,0.8564102564102564,0.907928388746803,390,391,638fe6f1945127853df5c131ce2938954c48ae5e453141051cd9697f56c53bdd,numeric,FROZEN_TIMECREATE_AGGREGATE_PASS
2022-12-04,B5,63,0.8606271777003485,0.8461538461538461,287,273,40db3274dad8caa6930ccf73cff798120810c5c4278dcbda8dcb768ef220ead5,numeric,FROZEN_TIMECREATE_AGGREGATE_PASS
2022-12-04,B6,72,0.8991596638655462,0.8388059701492537,357,335,c8a80df94d96e47433b8056b0bf3185812d4dfde15002e84d9ec1cab0e11b3dc,numeric,FROZEN_TIMECREATE_AGGREGATE_PASS
2022-12-04,B7,59,0.8517110266159695,0.8504983388704319,263,301,bb6749d4ee11c0a69ef5f22f5ab75c4c2b2be37fb0ede6912fa66fc957efd5ec,numeric,FROZEN_TIMECREATE_AGGREGATE_PASS
2022-12-04,B8,75,0.9269005847953217,0.8621621621621621,342,370,7bc246d2707b3dd9e0061db742b4d45259665f7865e3e80222c4869eede30271,numeric,FROZEN_TIMECREATE_AGGREGATE_PASS
2022-12-04,B9,63,0.8401639344262295,0.8809523809523809,244,294,fa89c28470dc571bf7fdb6421f116f3c3bbe4b81e3301a73563aeb2fc49a8b93,numeric,FROZEN_TIMECREATE_AGGREGATE_PASS
2022-12-04,B10,74,0.9183006535947712,0.8589420654911839,306,397,ec104f6a503153e383c06b918ce16bc50f35b3663d0e109160497d51890f2160,numeric,FROZEN_TIMECREATE_AGGREGATE_PASS
2022-12-11,B1,66,0.8943661971830986,0.8722741433021807,284,321,36b70c2b27f5583acb4a3a9c0bdcd6c198f7312ac3e75a31a2f07c42a9fcb0da,numeric,FROZEN_TIMECREATE_AGGREGATE_PASS
2022-12-11,B2,65,0.8865671641791045,0.8485714285714285,335,350,b569b9c01c7f3469ac66f379d09c7d2c18d6c8e0e608fae59125608d2d319fe2,numeric,FROZEN_TIMECREATE_AGGREGATE_PASS
2022-12-11,B3,58,0.8669201520912547,0.8809523809523809,263,294,ba13160fe16664bd714d35ef84064700a7a1a253184e5e3dbf9a618f5135b8c4,numeric,FROZEN_TIMECREATE_AGGREGATE_PASS
2022-12-11,B4,82,0.8928571428571429,0.9307692307692308,392,390,2025c6ee31913f58fd3d25ae2ac3f9e36665292af7e045f4e8b0b0af424c4a03,numeric,FROZEN_TIMECREATE_AGGREGATE_PASS
2022-12-11,B5,61,0.8947368421052632,0.8780487804878049,247,287,6cec676aecc27eecae0166c74eb77d766ed5e31a10eaf9cfe3efa537420d585c,numeric,FROZEN_TIMECREATE_AGGREGATE_PASS
2022-12-11,B6,70,0.7932816537467701,0.8571428571428571,387,357,5bfa8679c6c443af7c02d7d68d2e4e057b42107636422b2b897e354a37c1b743,numeric,FROZEN_TIMECREATE_AGGREGATE_PASS
2022-12-11,B7,61,0.8283582089552238,0.8821292775665399,268,263,e657618baa7ce3de89406b8bd1bdb5f44b8cdee2a75ff5e172b985d880c605d1,numeric,FROZEN_TIMECREATE_AGGREGATE_PASS
2022-12-11,B8,70,0.8191489361702128,0.8976608187134503,376,342,b2dd8568fb60ade75b4921495365b32cecf400bba69eb1ede638eebcb21f1b1a,numeric,FROZEN_TIMECREATE_AGGREGATE_PASS
2022-12-11,B9,57,0.8164794007490637,0.8114754098360656,267,244,1a54525e1d74b2fccadbc19134fe4c529cd4d54609598004b7c0a7107b5a31bd,numeric,FROZEN_TIMECREATE_AGGREGATE_PASS
2022-12-11,B10,72,0.8712871287128713,0.8921568627450981,404,306,e814f0a6d3f38cac26c30d3669f13626b2099335cf31c7ac87e0c16aef34e554,numeric,FROZEN_TIMECREATE_AGGREGATE_PASS
2022-12-18,B1,63,0.8885135135135135,0.8274647887323944,296,284,e3eedf2474747d0123a3cf3afe455d0ce17d954918e9082b4314cda5da65a9c5,numeric,FROZEN_TIMECREATE_AGGREGATE_PASS
2022-12-18,B2,68,0.8461538461538461,0.9134328358208955,325,335,fc7488e845ef85844ed4ca804534ca8dddaa204083cf3dceb77fe3a4382af290,numeric,FROZEN_TIMECREATE_AGGREGATE_PASS
2022-12-18,B3,53,0.7654723127035831,0.8136882129277566,307,263,8ca6fd4bd7acf0b71f61d11c78d81becd679d79922bd3c7f54314974447ddbf4,numeric,FROZEN_TIMECREATE_AGGREGATE_PASS
2022-12-18,B4,80,0.9183098591549296,0.8443877551020408,355,392,4c198d8fcb63cd3765c11407ea1545451ca43dd138775bdb76eaaed0505c5c33,numeric,FROZEN_TIMECREATE_AGGREGATE_PASS
2022-12-18,B5,56,0.868,0.8663967611336032,250,247,1d5621aafbc48be7e9240113a624584fe893f7a04188070bb441291698c9f91a,numeric,FROZEN_TIMECREATE_AGGREGATE_PASS
2022-12-18,B6,79,0.8394736842105263,0.8785529715762274,380,387,f4ad95e7f1fd852fa9bffa5af2cb6162f8df510e4e39ab1881ae97d3bfdc3a4e,numeric,FROZEN_TIMECREATE_AGGREGATE_PASS
2022-12-18,B7,57,0.8645418326693227,0.8022388059701493,251,268,aeb3d8a74d422676ead1aae36b58773a3b21a8a21216fda7dc712175a8988ec7,numeric,FROZEN_TIMECREATE_AGGREGATE_PASS
2022-12-18,B8,76,0.8978978978978979,0.8058510638297872,333,376,18721d53a0bbfbe342ade4b17a36f55c2d65bfcd6bd55c9ef8e5d0c25b28c4f2,numeric,FROZEN_TIMECREATE_AGGREGATE_PASS
2022-12-18,B9,56,0.8565400843881856,0.8089887640449438,237,267,493a57d79e857cabd388abddcbf267ae75a24328f42c220e2f6365f7f6798630,numeric,FROZEN_TIMECREATE_AGGREGATE_PASS
2022-12-18,B10,77,0.903954802259887,0.8935643564356436,354,404,fbb2c4b699fd4b97c350f466fb03542db11279b3b8b256dc3ad3ffbee837c1cd,numeric,FROZEN_TIMECREATE_AGGREGATE_PASS
2023-01-08,B1,62,0.8787878787878788,0.8220140515222483,264,427,1a43259282dae58675510d568f61087b3a443299f5cf302c5162c19eb5940857,text,FROZEN_TIMECREATE_AGGREGATE_PASS
2023-01-08,B2,70,0.9088235294117647,0.8103448275862069,340,348,da11777eefcfa33a05f6b8ac894cc0cf609a0f943a9211896396bda9ce74140a,text,FROZEN_TIMECREATE_AGGREGATE_PASS
2023-01-08,B3,61,0.892128279883382,0.863905325443787,343,338,062e71c1e6249032d877446d98530313b3254418feaaccb946044f5abcc1c30a,text,FROZEN_TIMECREATE_AGGREGATE_PASS
2023-01-08,B4,75,0.8814016172506739,0.8592964824120602,371,398,67dd4d95a86bc1a7463932dfef1c543459c9632fb75878af0830cb3294ba59fd,text,FROZEN_TIMECREATE_AGGREGATE_PASS
2023-01-08,B5,61,0.9027355623100304,0.8625429553264605,329,291,362084764e19c7dea048a82905a859eb2aa7c325329104a662ff29e413fa55e0,text,FROZEN_TIMECREATE_AGGREGATE_PASS
2023-01-08,B6,77,0.9037900874635568,0.8815426997245179,343,363,c08fa95dc9410554325ac18073eea5907e0333013114cc551c82e81f6009b918,text,FROZEN_TIMECREATE_AGGREGATE_PASS
2023-01-08,B7,52,0.8024691358024691,0.8045112781954887,324,266,613d08ee088f2af9fe31ce587ea9046d25c94f53a91d2b99cee5198edc7c7b9a,text,FROZEN_TIMECREATE_AGGREGATE_PASS
2023-01-08,B8,77,0.8783783783783784,0.8985148514851485,370,404,720d60f6ea72350028bc10f4ebf603aa7485a4e3e692c997da72a6e8c8db1004,text,FROZEN_TIMECREATE_AGGREGATE_PASS
2023-01-08,B9,60,0.8712121212121212,0.868421052631579,264,266,f4a3ced5f29a726552f243edc8419d4cc1fc62c2fd03a280eea6c5feff5c3041,text,FROZEN_TIMECREATE_AGGREGATE_PASS
2023-01-08,B10,76,0.9156976744186046,0.9134860050890585,344,393,3915b177b09303e004b76096d90428fdf6e74c7fd4c739e39ab30961f88f5e6c,text,FROZEN_TIMECREATE_AGGREGATE_PASS
2023-01-22,B1,58,0.85,0.8313253012048193,240,249,30f161a6438c413088e35787c8bb2d1d06fc03eb5d9adcc867d3bc632e223d1b,text,FROZEN_TIMECREATE_AGGREGATE_PASS
2023-01-22,B2,66,0.8517241379310345,0.8594771241830066,290,306,3673adc6f76467571b1338ee5704e4fa79c296b228e77411f719f89829e756bb,text,FROZEN_TIMECREATE_AGGREGATE_PASS
2023-01-22,B3,48,0.864,0.7434782608695653,250,230,579ccad579f4e4ceec9ad2e645d653ab7d43a2392877aaba978b685766406320,text,FROZEN_TIMECREATE_AGGREGATE_PASS
2023-01-22,B4,68,0.8713450292397661,0.8715596330275229,342,327,465362ca4a5e5e143791417133a0e6b3f31a2f6d9809276e7c76d2d3853c6922,text,FROZEN_TIMECREATE_AGGREGATE_PASS
2023-01-22,B5,59,0.7769230769230769,0.8893129770992366,260,262,ebeb77a3da9955660b54bc1f6fe119b3da94882d8603a689540bc5e63b6f62ef,text,FROZEN_TIMECREATE_AGGREGATE_PASS
2023-01-22,B6,71,0.8591954022988506,0.8885869565217391,348,368,4bb72d653fff5cf123c0e3bc7d7a089853aa8b53cff6c6f15c582edc1e5b3a9c,text,FROZEN_TIMECREATE_AGGREGATE_PASS
2023-01-22,B7,52,0.8614718614718615,0.8377358490566038,231,265,2eff84b60d5f5c3120451bf7cacaf646abfb4acc9c6200cbef1334d32c4e5f0c,text,FROZEN_TIMECREATE_AGGREGATE_PASS
2023-01-22,B8,68,0.8637532133676092,0.8784530386740331,389,362,14dcfa669f17db7d3d0b69e5875c08cb15bc0f973abab0bc310d7e94d6a80502,text,FROZEN_TIMECREATE_AGGREGATE_PASS
2023-01-22,B9,60,0.8478260869565217,0.8804347826086957,276,276,a0ceafef9d4eb7c215ef8ba230d450aefb8878da4c7dd16bc69cf1a71eb3b690,text,FROZEN_TIMECREATE_AGGREGATE_PASS
2023-01-22,B10,83,0.8996539792387543,0.9050131926121372,289,379,8299d7024db62ca1ea7ac8112415a2d8d25d6af6ec88ad74e72cf20033494be5,text,FROZEN_TIMECREATE_AGGREGATE_PASS
2023-01-29,B1,51,0.868995633187773,0.7958333333333333,229,240,1f4ad8fbee18f626902184ea8d6c953d7d4b67612b040d0104f6ec5a9e4d9da6,text,FROZEN_TIMECREATE_AGGREGATE_PASS
2023-01-29,B2,67,0.8707482993197279,0.8551724137931035,294,290,7d7fb3d1dfc3fe27560a264fd5169aed76ecc3c29b63ec31e81252ed2ab2c491,text,FROZEN_TIMECREATE_AGGREGATE_PASS
2023-01-29,B3,48,0.7706766917293233,0.812,266,250,c158d2163a61bdbb6e38eee1810ba495d52ed592f8206f40f9d3c5b9681e02c0,text,FROZEN_TIMECREATE_AGGREGATE_PASS
2023-01-29,B4,72,0.8415584415584415,0.8801169590643275,385,342,1dec6b5fcdbbf6da5605b18feb2430afc1ba3e3a0e7c81aa69898b8c56b9dbd4,text,FROZEN_TIMECREATE_AGGREGATE_PASS
2023-01-29,B5,65,0.8848920863309353,0.8692307692307693,278,260,bf0ca41cd458b2399e0a55efe6e0965209ca1d7b345fb84856ca60c7f423c221,text,FROZEN_TIMECREATE_AGGREGATE_PASS
2023-01-29,B6,77,0.9054441260744985,0.9051724137931034,349,348,53b061ffe712dd1ae0b39456a6d4d7dc6157f8e1024890e752d3a31dc9be04e4,text,FROZEN_TIMECREATE_AGGREGATE_PASS
2023-01-29,B7,44,0.8028169014084507,0.8225108225108225,213,231,3866cc5bdfe4d917c23e6f97f66e622282c70d1bb349117c59bd89e71e4bb29f,text,FROZEN_TIMECREATE_AGGREGATE_PASS
2023-01-29,B8,65,0.8384146341463414,0.8303341902313625,328,389,bb4ba48d998be4047df7a0f680f0147f8b77ed8d038e073b24917d5b719a8f4e,text,FROZEN_TIMECREATE_AGGREGATE_PASS
2023-01-29,B9,63,0.8467432950191571,0.8586956521739131,261,276,7bc8074a59053d8a7d435d1d61aee8c275ff740ff32bea16dd0e3f6cbf5c8fc9,text,FROZEN_TIMECREATE_AGGREGATE_PASS
2023-01-29,B10,77,0.8895184135977338,0.8581314878892734,353,289,4c710d50e7ff561b8aea0e57bc4e7bbc873f7e07a03ff8f95334ba1893b7dd67,text,FROZEN_TIMECREATE_AGGREGATE_PASS
2023-02-05,B1,50,0.7194719471947195,0.8995633187772926,303,229,28766ed43a19addbc0fefbc52b935d6007010898558e4488a803eefdf05461b4,text,FROZEN_TIMECREATE_AGGREGATE_PASS
2023-02-05,B2,71,0.8337662337662337,0.9047619047619048,385,294,b512e5ea922b5bb7525eaa1df8ee22adbc0f8bad953f498c41311d2dfbf183ea,text,FROZEN_TIMECREATE_AGGREGATE_PASS
2023-02-05,B3,57,0.842911877394636,0.8421052631578947,261,266,ea40f69e38b67caca4ec0265d0fe581ee2269f3926d3bb48cc19cd53da93df25,text,FROZEN_TIMECREATE_AGGREGATE_PASS
2023-02-05,B4,71,0.8599439775910365,0.8597402597402597,357,385,7d9591b590bfc0ccb2e2fe39f0398e75bf3b9323ab88f41c6bc8b3756490132d,text,FROZEN_TIMECREATE_AGGREGATE_PASS
2023-02-05,B5,58,0.8778625954198473,0.8309352517985612,262,278,ec71ecd97aedea04008b679800140575177cbdba6d9503560344b05a0f039743,text,FROZEN_TIMECREATE_AGGREGATE_PASS
2023-02-05,B6,77,0.8908045977011494,0.9312320916905444,348,349,0d6e5fc582bee312c4055a951965a5993c69425e891e042ab2648e8146415b63,text,FROZEN_TIMECREATE_AGGREGATE_PASS
2023-02-05,B7,51,0.8185328185328186,0.8544600938967136,259,213,abe98788c499298e08e6740c33590d35a74f8054da380b186c34791f278cecfe,text,FROZEN_TIMECREATE_AGGREGATE_PASS
2023-02-05,B8,68,0.829971181556196,0.8932926829268293,347,328,264d9baa71b70b668cf74a0d7366f51940429b5162ae5cc02176446bebec0ec9,text,FROZEN_TIMECREATE_AGGREGATE_PASS
2023-02-05,B9,60,0.8185328185328186,0.8007662835249042,259,261,1832714e75d0678af63b7b92977dfcbe47ce9c1e6bc31534e273b09ce09abd15,text,FROZEN_TIMECREATE_AGGREGATE_PASS
2023-02-05,B10,78,0.8771929824561403,0.9065155807365439,342,353,359ac027201eaaa0584da48df4436b902ecf5c89b0a0be79d81175ec4520a843,text,FROZEN_TIMECREATE_AGGREGATE_PASS
2023-02-12,B1,63,0.8782287822878229,0.8448844884488449,271,303,ff5d2bda9ce18de9dfe4c0b93e51ccf2a9db62dcd1dc483663cf628a39d66442,text,FROZEN_TIMECREATE_AGGREGATE_PASS
2023-02-12,B2,79,0.9438202247191011,0.9012987012987013,356,385,3ffb02e883dad6614ef2a72b37108ddf329326e7e2c6e56d9d7f1f278cf3906c,text,FROZEN_TIMECREATE_AGGREGATE_PASS
2023-02-12,B3,52,0.7824561403508772,0.8160919540229885,285,261,8770261e9d334d6000fa35495067255520388f6c33b61d50ecf9e7389d1a8344,text,FROZEN_TIMECREATE_AGGREGATE_PASS
2023-02-12,B4,75,0.9035087719298246,0.876750700280112,342,357,8c6f33cbf19ace6cf0793e6570140c087e7722acc153881c954d61805b4a04be,text,FROZEN_TIMECREATE_AGGREGATE_PASS
2023-02-12,B5,48,0.7878787878787878,0.7824427480916031,231,262,5db08c2816dcc2cfe2dc865e1750201c1a892aa3ff9423d89955e28220be98ca,text,FROZEN_TIMECREATE_AGGREGATE_PASS
2023-02-12,B6,79,0.9209039548022598,0.8994252873563219,354,348,4f3ecbf86699db119d95634dc2a97b799ad5cfd3c1270c7797e3352c405da2bd,text,FROZEN_TIMECREATE_AGGREGATE_PASS
2023-02-12,B7,59,0.821875,0.8764478764478765,320,259,5e8a14044e58026e5f0ad281e198f9caace82dae347bec39007e001b09b455b8,text,FROZEN_TIMECREATE_AGGREGATE_PASS
2023-02-12,B8,81,0.8954869358669834,0.9020172910662824,421,347,452ba4e680266c986f6da4ade85d2f2a24845305e0dae96b2313052f35596c6f,text,FROZEN_TIMECREATE_AGGREGATE_PASS
2023-02-12,B9,65,0.8425925925925926,0.8648648648648649,324,259,cac7b87cc8048fffa36381fc8f8e20798ee4915aa2f5df0b37e1f0c2954a89b6,text,FROZEN_TIMECREATE_AGGREGATE_PASS
2023-02-12,B10,79,0.8946015424164524,0.8830409356725146,389,342,37f75ea0ad70cc88ad16d7d98033784a34ed42eb0edbae87a771ca6db0a05eb7,text,FROZEN_TIMECREATE_AGGREGATE_PASS
2023-02-26,B1,76,0.8854166666666666,0.8984198645598194,288,443,873d6316a0ded212df20896e4be5f9a0bb48ac5689f198b993429bb12347e183,text,FROZEN_TIMECREATE_AGGREGATE_PASS
2023-02-26,B2,88,0.9232876712328767,0.9238578680203046,365,591,fc646096c593a219ad699965473c4fe43b2d84323882d95e5b0bdf7e59e8d411,text,FROZEN_TIMECREATE_AGGREGATE_PASS
2023-02-26,B3,67,0.9084745762711864,0.8452914798206278,295,446,437066c818b93283744671177675a4c0ca035eaacd2ca3f98e2f63ded022281d,text,FROZEN_TIMECREATE_AGGREGATE_PASS
2023-02-26,B4,84,0.9213197969543148,0.8946280991735537,394,484,2759e9678320d30d97ff17591f4a2444fe31a4d82640265044a7fd4fe1f4c0a2,text,FROZEN_TIMECREATE_AGGREGATE_PASS
2023-02-26,B5,56,0.8390804597701149,0.7676470588235295,261,340,f080a75e04638a80ead8fcedebd671803481929167ee0f300147b1cc81298ada,text,FROZEN_TIMECREATE_AGGREGATE_PASS
2023-02-26,B6,83,0.9242819843342036,0.895,383,600,0a235089a0b25b1ff2d4bddd67bc1cd08c407633ad328ef219db2219007caaee,text,FROZEN_TIMECREATE_AGGREGATE_PASS
2023-02-26,B7,67,0.8484848484848485,0.8341708542713567,264,398,d2a1f37610e47cc79f852debe860bba7a501bfaef02257fb69aa1295ee37b76b,text,FROZEN_TIMECREATE_AGGREGATE_PASS
2023-02-26,B8,78,0.896551724137931,0.900709219858156,406,423,f75e5b659ab0d4b8fc3e11f596336b1f1aad5a60cab646f52542d02ada55d863,text,FROZEN_TIMECREATE_AGGREGATE_PASS
2023-02-26,B9,59,0.8284671532846716,0.9185667752442996,274,307,5e2a4f764c711f7d25e6607c930ed090a2797a01343c56c3c06940a395798aa3,text,FROZEN_TIMECREATE_AGGREGATE_PASS
2023-02-26,B10,76,0.898936170212766,0.9136690647482014,376,417,2e26cbe39a345f5b7fcbf60b088269f6e597c461310fd302be37275b879e9408,text,FROZEN_TIMECREATE_AGGREGATE_PASS
2023-03-05,B1,65,0.8516949152542372,0.8680555555555556,236,288,9d586989d6a3d98c3878b70352478d6d70b68d8eaa82b064ae45d4534d858c54,text,FROZEN_TIMECREATE_AGGREGATE_PASS
2023-03-05,B2,74,0.8632478632478633,0.8657534246575342,351,365,38057274ea96d7d46a2a1578697840acf91672aa6c169d547432ba1d962a376f,text,FROZEN_TIMECREATE_AGGREGATE_PASS
2023-03-05,B3,55,0.8888888888888888,0.8169491525423729,252,295,845decfc642af5aeb0fece8bcdab132df99e61bce849b370186a26735b78945e,text,FROZEN_TIMECREATE_AGGREGATE_PASS
2023-03-05,B4,76,0.9125364431486881,0.8730964467005076,343,394,cf72903bacb351f1688fdedf5bd48bef91ea92760bad444f4f7aee8407fc3579,text,FROZEN_TIMECREATE_AGGREGATE_PASS
2023-03-05,B5,59,0.8340425531914893,0.8697318007662835,235,261,a3b7acdd39cd6a3633a24c54b999bfc635640f5e071b95b1345fa46ed00f8be8,text,FROZEN_TIMECREATE_AGGREGATE_PASS
2023-03-05,B6,75,0.9047619047619048,0.8825065274151436,357,383,3b0e2cf3ca955afa88d03eccac9ef3a031be799c811e97aa77cb8ea3bfb4d641,text,FROZEN_TIMECREATE_AGGREGATE_PASS
2023-03-05,B7,59,0.8194444444444444,0.7992424242424242,216,264,b4f7f4f164fddb5f889863b094d3999f2d3cacef80f1d5da47cc06b8cbb410cc,text,FROZEN_TIMECREATE_AGGREGATE_PASS
2023-03-05,B8,72,0.8620689655172413,0.8694581280788177,348,406,93f82965ed84f6e4e2570d9a7f6c0044ef75d7c1a09b43257f5875fd49e30bbc,text,FROZEN_TIMECREATE_AGGREGATE_PASS
2023-03-05,B9,62,0.8884462151394422,0.8211678832116789,251,274,fee8b5b2b4d2024a6608f9dade25e5cea1a9dfea5d533c4c97ee7176dc374fa1,text,FROZEN_TIMECREATE_AGGREGATE_PASS
2023-03-05,B10,76,0.8762626262626263,0.8829787234042553,396,376,b7a7f9694f93b81c28b8bcd5074d1565d6f50de2d19fd97188b0f8df7378ad27,text,FROZEN_TIMECREATE_AGGREGATE_PASS
2023-03-12,B1,63,0.8521739130434782,0.864406779661017,230,236,bcb7188c9f661e34a7cf31e1ebeae0f68303b55e880be0efdba286c0a65b7473,text,FROZEN_TIMECREATE_AGGREGATE_PASS
2023-03-12,B2,78,0.930835734870317,0.8689458689458689,347,351,ee44f46a14947d74be0ba5d5a08f9b4fb17f2896a55681e84d1e9e15460c7544,text,FROZEN_TIMECREATE_AGGREGATE_PASS
2023-03-12,B3,51,0.7797202797202797,0.8611111111111112,286,252,d1788a7bcb78d7ed5c6692b6dead1210c066bf33c51a131ef8e544981131b931,text,FROZEN_TIMECREATE_AGGREGATE_PASS
2023-03-12,B4,79,0.9088471849865952,0.924198250728863,373,343,fae8c0067400a363c5cb5c7cc1ada32eea9c12f0a0fa2119043398ffbc26a3dd,text,FROZEN_TIMECREATE_AGGREGATE_PASS
2023-03-12,B5,53,0.8388429752066116,0.8170212765957446,242,235,0a1b3c9d9b35784a5b5aaba4c2fb25b09d8b3eac4949672e615a5e67c52c68a8,text,FROZEN_TIMECREATE_AGGREGATE_PASS
2023-03-12,B6,69,0.8823529411764706,0.9187675070028011,340,357,1408896f6f516a2ac01292f1b45636adb3589fc91b7f3e5eead281f624259723,text,FROZEN_TIMECREATE_AGGREGATE_PASS
2023-03-12,B7,49,0.8675213675213675,0.7731481481481481,234,216,758b6c9441d2a86584440f6b274b224cc116edb9aa026c5c525e4e50480941b2,text,FROZEN_TIMECREATE_AGGREGATE_PASS
2023-03-12,B8,74,0.9008498583569405,0.8735632183908046,353,348,91ae72381eed8a6d36ce76da7e49ae814f258a2701f0812c673e36855e84c3b9,text,FROZEN_TIMECREATE_AGGREGATE_PASS
2023-03-12,B9,49,0.8396624472573839,0.7729083665338645,237,251,547353c07feac6ad55740ac59c44f5d4cd8ca2dc69285bda9d7bebd0acbbabab,text,FROZEN_TIMECREATE_AGGREGATE_PASS
2023-03-12,B10,77,0.895,0.8863636363636364,400,396,79f683e016e05d9057a89c73f11860a4fc350716636e84287e4dc92038c89dd3,text,FROZEN_TIMECREATE_AGGREGATE_PASS
2023-03-19,B1,56,0.8782287822878229,0.8304347826086956,271,230,f2ad42495d4f3b48ce312f33677f98ad67f4a49ee13869a3fd1b0adcb483c8df,text,FROZEN_TIMECREATE_AGGREGATE_PASS
2023-03-19,B2,69,0.894878706199461,0.8703170028818443,371,347,f246d5fce822d0fa3fe9fa3c49ee880d148d509b1cc3da5ced551eac67182d2d,text,FROZEN_TIMECREATE_AGGREGATE_PASS
2023-03-19,B3,62,0.9003322259136213,0.8426573426573427,301,286,7c2e10c1d2de43ab320f2a098c03dd1e5c3b131bb3905c47088c6beb34d8689f,text,FROZEN_TIMECREATE_AGGREGATE_PASS
2023-03-19,B4,77,0.8984771573604061,0.900804289544236,394,373,27037409cd354b12cc7c42dbfb0675cef46992cb3d1ff9917ba00affb2576d7d,text,FROZEN_TIMECREATE_AGGREGATE_PASS
2023-03-19,B5,55,0.84,0.8471074380165289,250,242,831f276df5fa610877c30b40b6d6d3be4b6724fd32d3d3c40f014da8c319d7bd,text,FROZEN_TIMECREATE_AGGREGATE_PASS
2023-03-19,B6,69,0.9023809523809524,0.8970588235294118,420,340,918d6a0d401c1943313d35d1259242dc846418278a73cbc98e5b8c6bd133faff,text,FROZEN_TIMECREATE_AGGREGATE_PASS
2023-03-19,B7,50,0.8125,0.8461538461538461,272,234,2d6cd5fd0ae7fdb462301deccb3bb9a435bdc15d1c97e6779e877967daffb61a,text,FROZEN_TIMECREATE_AGGREGATE_PASS
2023-03-19,B8,76,0.8799019607843137,0.9150141643059491,408,353,76ff541a2438f0c2731741e1c422b3b20437054813ac8fcbaeebf54def2c2243,text,FROZEN_TIMECREATE_AGGREGATE_PASS
2023-03-19,B9,48,0.8362989323843416,0.8143459915611815,281,237,285f8ab8b15c2818e9ad3d3167ccd9af642b26c6cb9afd91d93d2280e4f8714e,text,FROZEN_TIMECREATE_AGGREGATE_PASS
2023-03-19,B10,73,0.8717948717948718,0.8825,429,400,4e5e41a45e5a8ede4b4bc7b39a96fb8788a56f0a47fdfed7242a1baabde56d7e,text,FROZEN_TIMECREATE_AGGREGATE_PASS
2023-03-26,B1,59,0.8448844884488449,0.8856088560885609,303,271,f9ba71e3b4d1c0c17685cb64a0041f3863fda55af6aa53876b240e4ca6608deb,text,FROZEN_TIMECREATE_AGGREGATE_PASS
2023-03-26,B2,68,0.8517520215633423,0.8867924528301887,371,371,632efd0292f6702afd71ee7fc6c46103f98278eda1f0ee9c19869fc23215b3ad,text,FROZEN_TIMECREATE_AGGREGATE_PASS
2023-03-26,B3,57,0.8639705882352942,0.8637873754152824,272,301,d6fc168c9bf1c6847b0537af28e1a93822fed2dd92a63334cd1ba5e7febfc6d9,text,FROZEN_TIMECREATE_AGGREGATE_PASS
2023-03-26,B4,75,0.8717948717948718,0.8857868020304569,390,394,bd9268d8bc4f2e7719ec9b5a5d1662c6d4ef1c46dea45e01cceb1bb0df97354b,text,FROZEN_TIMECREATE_AGGREGATE_PASS
2023-03-26,B5,57,0.8406779661016949,0.844,295,250,4c8ca1397c9a4c4f26b18ba90cc95ce335ad333fe19fba29b8d1b4e9e65989e3,text,FROZEN_TIMECREATE_AGGREGATE_PASS
2023-03-26,B6,79,0.8733153638814016,0.9428571428571428,371,420,4647d9732981b6d75bcf4fe7fb721890a48f0aed5bdbc84a8bb00aa7e1580564,text,FROZEN_TIMECREATE_AGGREGATE_PASS
2023-03-26,B7,62,0.831081081081081,0.9080882352941176,296,272,469d5322b5583ab5715a196671bebd4956acf672b94bb5ef6ca98c9b6f83abf4,text,FROZEN_TIMECREATE_AGGREGATE_PASS
2023-03-26,B8,73,0.8992443324937027,0.9166666666666666,397,408,ed9370c99df81efa68eb3e4e97a02a067ee2df59b59ff949aeccdfb3fcd7c074,text,FROZEN_TIMECREATE_AGGREGATE_PASS
2023-03-26,B9,53,0.8027681660899654,0.8896797153024911,289,281,75046744bd2a63d29fceda75207e20095113fdc33ff17db272003514609eaebe,text,FROZEN_TIMECREATE_AGGREGATE_PASS
2023-03-26,B10,75,0.865979381443299,0.9137529137529138,388,429,d4b7c38eb464a53af61ee5c39b61cd99b7b113feaad8626d92f433ba5aa41248,text,FROZEN_TIMECREATE_AGGREGATE_PASS
2023-04-02,B1,69,0.8823529411764706,0.9207920792079208,289,303,2772aa62b06e82537093ac8e716e5548159948ee083f1eaafa4ba41ae584b833,text,FROZEN_TIMECREATE_AGGREGATE_PASS
2023-04-02,B2,74,0.8883928571428571,0.8733153638814016,448,371,b2dcedde0de3b6533f01a5be2614e2cb86c80dfd00aff0fecd7e1402c885def1,text,FROZEN_TIMECREATE_AGGREGATE_PASS
2023-04-02,B3,60,0.8860759493670886,0.8970588235294118,316,272,cc717ce64658c2a0f32979cea37e74d4b4dc6721c54673a0b419583a7084598b,text,FROZEN_TIMECREATE_AGGREGATE_PASS
2023-04-02,B4,80,0.9232804232804233,0.8717948717948718,378,390,52ae5a99d508bf77f32873b4ace249f2504d243312cf9df50554006da8af2ac9,text,FROZEN_TIMECREATE_AGGREGATE_PASS
2023-04-02,B5,54,0.8778625954198473,0.823728813559322,262,295,ca3f063ccb8080c05a349359cbf8e67a97acf17176e18cf5e3f3ef400b6c6c57,text,FROZEN_TIMECREATE_AGGREGATE_PASS
2023-04-02,B6,81,0.9319899244332494,0.8679245283018868,397,371,a7b4686e735546ef34c7a9205a06760a6d258cec0a45f949e92e6812935b2dfd,text,FROZEN_TIMECREATE_AGGREGATE_PASS
2023-04-02,B7,62,0.8984962406015038,0.831081081081081,266,296,84de952f8da6c7f3b35acfa0b7aae70e9a1a2e01f03162ed958926ab326496a7,text,FROZEN_TIMECREATE_AGGREGATE_PASS
2023-04-02,B8,76,0.8815165876777251,0.8942065491183879,422,397,d928bf7cc5cc72f8a0b8df4e59b64b71f0e6f4c860fd2b7b333f656a08b89446,text,FROZEN_TIMECREATE_AGGREGATE_PASS
2023-04-02,B9,63,0.8697183098591549,0.8719723183391004,284,289,db43b84debf2f6c38f03337d3dd8abcb0bc3dbb67c26ac689a2ae85476df9d14,text,FROZEN_TIMECREATE_AGGREGATE_PASS
2023-04-02,B10,83,0.8871681415929203,0.9226804123711341,452,388,3c4bfa4b7e736e99f047d5d47d5911300ef7438a47307fc8c4cb97915f571d23,text,FROZEN_TIMECREATE_AGGREGATE_PASS
2023-04-16,B1,58,0.7580174927113703,0.9306569343065694,343,274,af6f6fffe8c26b50c5f5cbcdd3a00d134923eae85cfeee1a26bc8c2963df29ae,text,FROZEN_TIMECREATE_AGGREGATE_PASS
2023-04-16,B2,70,0.8626506024096385,0.9173333333333333,415,375,9d5a6a72b351083a0c918ce951dc1548f7c571724bb028b7457e675df68b043f,text,FROZEN_TIMECREATE_AGGREGATE_PASS
2023-04-16,B3,63,0.8636363636363636,0.8779527559055118,286,254,5d15ff25bde36bcda4a290a7421063e10ca9793886a0360123deb44f6eefe5b8,text,FROZEN_TIMECREATE_AGGREGATE_PASS
2023-04-16,B4,71,0.8776595744680851,0.899736147757256,376,379,34933a2beef11849e1a0180ba801650c7b52ac615cf6e4f65030eb31c0ab8edd,text,FROZEN_TIMECREATE_AGGREGATE_PASS
2023-04-16,B5,58,0.8339622641509434,0.8565737051792829,265,251,c734f8b98ddef4eb9706f896aeaa7ac7970585446060dd0fdcb85e9f423e7355,text,FROZEN_TIMECREATE_AGGREGATE_PASS
2023-04-16,B6,73,0.8935064935064935,0.8805555555555555,385,360,e6884729a0d5eef49f3f31d36c3da69039381e35523317b45acae71962ff1855,text,FROZEN_TIMECREATE_AGGREGATE_PASS
2023-04-16,B7,52,0.7697841726618705,0.8819444444444444,278,288,2bc1c57c29eb38ef93bc008269eb9d3fba727f510575cb0dddebbc58575fb373,text,FROZEN_TIMECREATE_AGGREGATE_PASS
2023-04-16,B8,72,0.8991825613079019,0.8935643564356436,367,404,a48b3fcff06d0c978641456dd3d58b3af08f10b42bde956d330615a48d5e6297,text,FROZEN_TIMECREATE_AGGREGATE_PASS
2023-04-16,B9,54,0.8245614035087719,0.8623481781376519,228,247,f504e9439a08410ee0293de42a0cbabb79e30c19c128d551c2b4c13f0798a34b,text,FROZEN_TIMECREATE_AGGREGATE_PASS
2023-04-16,B10,79,0.9232804232804233,0.8642659279778393,378,361,9c09dcad997852617de2ad1dbfed636c72dd73a21b7c588c91934206398b1e03,text,FROZEN_TIMECREATE_AGGREGATE_PASS
2023-04-23,B1,72,0.8941176470588236,0.8775510204081632,255,343,7ce2f7649321e8836ff497d1e3881cd482c1b17a28384bdc9b6738f80148d4e5,text,FROZEN_TIMECREATE_AGGREGATE_PASS
2023-04-23,B2,71,0.9036458333333334,0.8722891566265061,384,415,43e809b83eb9b315b8714250be522d3ef154a9ac5bee7aac2c53ae2a82d60f38,text,FROZEN_TIMECREATE_AGGREGATE_PASS
2023-04-23,B3,67,0.8641114982578397,0.8601398601398601,287,286,75a95bbdb90901b94b1c9666e10e1dc4c4c44dcc1a0a793f31a0dc22bdc8e937,text,FROZEN_TIMECREATE_AGGREGATE_PASS
2023-04-23,B4,74,0.8978494623655914,0.9069148936170213,372,376,a9df388db1c1245938d6bce0a6d142c940a7a844c766e45d31090d7cefe28bfc,text,FROZEN_TIMECREATE_AGGREGATE_PASS
2023-04-23,B5,58,0.8755020080321285,0.8603773584905661,249,265,a54b284e19ec4652099e7fbe4fd94b55e90724d0f424815e931bfdcaa1072589,text,FROZEN_TIMECREATE_AGGREGATE_PASS
2023-04-23,B6,73,0.9151193633952255,0.8909090909090909,377,385,b7812b0d88da2ac580d6dbd22fc0b5b43750c88ae884e0a5b6c9c7a7c39aabea,text,FROZEN_TIMECREATE_AGGREGATE_PASS
2023-04-23,B7,56,0.8143939393939394,0.8165467625899281,264,278,776fecdff1439edc80200a987a659a568c642baa78002a5d95823a0e3f1927de,text,FROZEN_TIMECREATE_AGGREGATE_PASS
2023-04-23,B8,72,0.8924731182795699,0.888283378746594,372,367,8eb381c1694fbd92b30a50fe61055aa21bcc4cfeaf7a5287dc526770640a09c5,text,FROZEN_TIMECREATE_AGGREGATE_PASS
2023-04-23,B9,56,0.8548387096774194,0.7982456140350878,248,228,c075d7613597f754881d586749d790ce77ca83e394ebe1ed4489c72820989b20,text,FROZEN_TIMECREATE_AGGREGATE_PASS
2023-04-23,B10,74,0.8766404199475065,0.8703703703703703,381,378,95fffdeb24ed8f63766bf7a1a52d3c7ecbea128d6207a0739c911329ce56076c,text,FROZEN_TIMECREATE_AGGREGATE_PASS
2023-04-30,B1,60,0.8821656050955414,0.8627450980392157,314,255,5de1e3f31f4af1d351ad6a9f93e190342ecb8eade02344fa0b9f96fc04b623de,text,FROZEN_TIMECREATE_AGGREGATE_PASS
2023-04-30,B2,70,0.84593837535014,0.8880208333333334,357,384,604c9891fda1c20428ae0d395dc9e8078107019118e23009030f30cbe1b0a3d9,text,FROZEN_TIMECREATE_AGGREGATE_PASS
2023-04-30,B3,61,0.8952702702702703,0.8292682926829268,296,287,1ecf9a5a5111af421fd56031cc981eb7f459af0e329d08cbfde53de1a9f1eead,text,FROZEN_TIMECREATE_AGGREGATE_PASS
2023-04-30,B4,76,0.9093198992443325,0.9166666666666666,397,372,168e1f77c3453871ea1c9e6ed96029e1ad214540b52f66f7bd636ce2be0f98c8,text,FROZEN_TIMECREATE_AGGREGATE_PASS
2023-04-30,B5,61,0.9236363636363636,0.9116465863453815,275,249,cf71d8b37b57cc365d21fab8bb7d59de607809fb19f175f2506caa0452be9055,text,FROZEN_TIMECREATE_AGGREGATE_PASS
2023-04-30,B6,67,0.8497536945812808,0.9018567639257294,406,377,52a0e05e91a34282544c276d65b53ecc8f6c8717e33d565a6ff55b179a08e37d,text,FROZEN_TIMECREATE_AGGREGATE_PASS
2023-04-30,B7,55,0.8040540540540541,0.8257575757575758,296,264,733ed55b923e928dc675ad3c8533130dc7c6e33cb178ff86b5af86455b8c229e,text,FROZEN_TIMECREATE_AGGREGATE_PASS
2023-04-30,B8,80,0.9260204081632653,0.9220430107526881,392,372,7401291db3626c87cde8924c7d4ac3bfb69b2201f26f1a6fe02f46f62f2f1d11,text,FROZEN_TIMECREATE_AGGREGATE_PASS
2023-04-30,B9,54,0.81,0.8709677419354839,300,248,8702280f59d0e8d0c3b333f59cf60549f81302f1bad875d81e59758bb4061ce7,text,FROZEN_TIMECREATE_AGGREGATE_PASS
2023-04-30,B10,80,0.8920863309352518,0.9186351706036745,417,381,d2d2d570e8daa12e8b9bec25982bdd28ddf602820c62b3cc3238d1fb3e889d4a,text,FROZEN_TIMECREATE_AGGREGATE_PASS
2023-05-07,B1,62,0.9093851132686084,0.8853503184713376,309,314,a0b90c9f21373abdad9f9d5bd7bbd735604e5627cff9a72dd7699745602d6175,text,FROZEN_TIMECREATE_AGGREGATE_PASS
2023-05-07,B2,75,0.9020044543429844,0.9131652661064426,449,357,0290a60a8efc88bd826fcb12076266305975794361fcdfec121d0cbed50f591a,text,FROZEN_TIMECREATE_AGGREGATE_PASS
2023-05-07,B3,60,0.8089887640449438,0.9121621621621622,267,296,646b0751b52985ec4cdba06e63f8afce33823c82566ddd54b248b8e57130b25b,text,FROZEN_TIMECREATE_AGGREGATE_PASS
2023-05-07,B4,77,0.9164420485175202,0.9017632241813602,371,397,aff4f825475dc277105e1c63f1d2f5f40f6251638a6e95c2b7bbb7c018c5c3cd,text,FROZEN_TIMECREATE_AGGREGATE_PASS
2023-05-07,B5,61,0.8595317725752508,0.8618181818181818,299,275,c1d4dc4a659a3643bb1156f76781506fa49bc74f6d406f46d14e154c176bb896,text,FROZEN_TIMECREATE_AGGREGATE_PASS
2023-05-07,B6,77,0.8228438228438228,0.8916256157635468,429,406,1852707aa5564cb0b411762e302d6b84d86c4af6ebce44e77cabca08adf8aada,text,FROZEN_TIMECREATE_AGGREGATE_PASS
2023-05-07,B7,65,0.8713826366559485,0.8918918918918919,311,296,fd2dd4cd31f09f29e871ee30070e98bb572c2e457412e41d8ba485ae9afdf726,text,FROZEN_TIMECREATE_AGGREGATE_PASS
2023-05-07,B8,79,0.921760391198044,0.9056122448979592,409,392,d7722991034388dee5fceda2044a6433e41a1589941837511d32f070ae90d150,text,FROZEN_TIMECREATE_AGGREGATE_PASS
2023-05-07,B9,63,0.8349514563106796,0.8966666666666666,309,300,dfce41f210e05327e12bce6ad90a85e51b1d38d8608ad5620703275ded444a72,text,FROZEN_TIMECREATE_AGGREGATE_PASS
2023-05-07,B10,82,0.927360774818402,0.9304556354916067,413,417,f82f3350f7718ea87c212447631bde118bc67e5f08d7d9be170d4622a47703bd,text,FROZEN_TIMECREATE_AGGREGATE_PASS
2023-05-14,B1,63,0.8766233766233766,0.8802588996763754,308,309,9a7090c2c30342f4653470f17def823071c44b9c3f9d7abb1cc02ef692ff711a,text,FROZEN_TIMECREATE_AGGREGATE_PASS
2023-05-14,B2,79,0.9040404040404041,0.8574610244988864,396,449,b8ab763227e13ee59c210dd8bca5dbf6c370d4fae4bda772d300bbdf7f2ddaec,text,FROZEN_TIMECREATE_AGGREGATE_PASS
2023-05-14,B3,67,0.8805460750853242,0.8838951310861424,293,267,a7a795c2ace559c747b18bef758cc4fd4508c8fec3e65e28002a9d8b085701f3,text,FROZEN_TIMECREATE_AGGREGATE_PASS
2023-05-14,B4,73,0.9187817258883249,0.889487870619946,394,371,a25968e50264db286bccac9f26d5af1d4b691b4cfde6b32c57b333c1afd5d0d1,text,FROZEN_TIMECREATE_AGGREGATE_PASS
2023-05-14,B5,64,0.9036144578313253,0.8862876254180602,332,299,59ddc8a7e936b02a41d3af4abbfca5d0216d82ac89abbb4b9d8027be20083050,text,FROZEN_TIMECREATE_AGGREGATE_PASS
2023-05-14,B6,82,0.9250645994832042,0.8624708624708625,387,429,922b9ce7ac2e394da486316beb057ba58434a1dfaa96e03293e297e299e1397d,text,FROZEN_TIMECREATE_AGGREGATE_PASS
2023-05-14,B7,65,0.8909657320872274,0.8778135048231511,321,311,3c609c03a1a9ac38558faf5949bcddb0f2815fb7d615df69e2909585dbaa8ff0,text,FROZEN_TIMECREATE_AGGREGATE_PASS
2023-05-14,B8,74,0.8350515463917526,0.8924205378973105,388,409,8e81ae7befc722847e2cbab4ed015d0263153accce51dd8be3b703ef6946f0d5,text,FROZEN_TIMECREATE_AGGREGATE_PASS
2023-05-14,B9,64,0.8884892086330936,0.8511326860841424,278,309,3614aa5a9f3f8270e7a5219ddcf63e20bb133c9830ae17a12e783c300dcc688b,text,FROZEN_TIMECREATE_AGGREGATE_PASS
2023-05-14,B10,74,0.8984771573604061,0.8692493946731235,394,413,081916f07df781b8bd71f0d50206c23232fcf8e759c5862bb07a9649cca9b528,text,FROZEN_TIMECREATE_AGGREGATE_PASS
2023-05-21,B1,64,0.8326180257510729,0.8571428571428571,233,308,db4b548eb2b8443b98753f85a13048c58714d5ebd4a0dc3b849ed27c957888c9,text,FROZEN_TIMECREATE_AGGREGATE_PASS
2023-05-21,B2,79,0.9253333333333333,0.9015151515151515,375,396,d57f70d4b0676bd83d5b525482eb8ed71d2c9c0b01881c497e2c5cf62f30901f,text,FROZEN_TIMECREATE_AGGREGATE_PASS
2023-05-21,B3,66,0.8825396825396825,0.8873720136518771,315,293,a9f662dea8b8d40908e66eb85bdcda2780f19049080e365621cb62d9bc3b0913,text,FROZEN_TIMECREATE_AGGREGATE_PASS
2023-05-21,B4,77,0.9015151515151515,0.9416243654822335,396,394,eee89188033a9eae5697880876cbef9dac957cd752f72b4887db7e68e3544c0c,text,FROZEN_TIMECREATE_AGGREGATE_PASS
2023-05-21,B5,61,0.8586956521739131,0.8975903614457831,276,332,6e932b183f76d99cd4cae90c77801a4123afb443e9cf41141da1909215436967,text,FROZEN_TIMECREATE_AGGREGATE_PASS
2023-05-21,B6,80,0.852803738317757,0.9121447028423773,428,387,e7938293293072317f8dfcf367c7d85d73904f54681bec12526ca3f97549f103,text,FROZEN_TIMECREATE_AGGREGATE_PASS
2023-05-21,B7,64,0.8753993610223643,0.881619937694704,313,321,21d58efb2065d14abc02e6c0d0db095dd86d8cf25b3bd50794c00d71890cd6ba,text,FROZEN_TIMECREATE_AGGREGATE_PASS
2023-05-21,B8,75,0.8958333333333334,0.9175257731958762,384,388,ad032be7e0191e9d4154a027c061a8465f4b4b7d74a4e299a00bbebbe448d2cf,text,FROZEN_TIMECREATE_AGGREGATE_PASS
2023-05-21,B9,63,0.8714859437751004,0.8848920863309353,249,278,0b3b6170ac21c7841eb6f949e49517c1d212355f8a81751fbfdaf8a7dbb972f7,text,FROZEN_TIMECREATE_AGGREGATE_PASS
2023-05-21,B10,62,0.8412698412698413,0.8807106598984772,378,394,13dd3849964144c1f4c6d37d59d0788b118eb7c001f33bdc9c381a407fa0dc22,text,FROZEN_TIMECREATE_AGGREGATE_PASS
2023-05-28,B1,61,0.8871595330739299,0.7982832618025751,257,233,ce6f86e51a42cc5911a4e2c60b9503cbf93f05fdac5051e4425c1b33c4a9f860,text,FROZEN_TIMECREATE_AGGREGATE_PASS
2023-05-28,B2,76,0.8753387533875339,0.912,369,375,5cc42820ebb7c7f23b07ec9b09582ae2d78f4b5bb9111c6c02fd2d2a54496ed2,text,FROZEN_TIMECREATE_AGGREGATE_PASS
2023-05-28,B3,62,0.9063829787234042,0.8412698412698413,235,315,b1086238ee91f613c3eccd822cec17b33fae153442707c2c32491c47820ab145,text,FROZEN_TIMECREATE_AGGREGATE_PASS
2023-05-28,B4,79,0.9142091152815014,0.8939393939393939,373,396,1a22ee031c2d8b653055c99e26ab0d6dbd4ccdaef4724c56270430f1f7906e6f,text,FROZEN_TIMECREATE_AGGREGATE_PASS
2023-05-28,B5,55,0.8865546218487395,0.7898550724637681,238,276,256d568d7b1eab47be938f1b2dc3e020400dbf6c013270eb5811db425979ee77,text,FROZEN_TIMECREATE_AGGREGATE_PASS
2023-05-28,B6,76,0.9481268011527377,0.8387850467289719,347,428,0944dd1f07a0182a35d8c396c1e3032f314aadbacf5d07a0abf70a92d6633028,text,FROZEN_TIMECREATE_AGGREGATE_PASS
2023-05-28,B7,61,0.8933823529411765,0.8626198083067093,272,313,98deeece977498b8a3d493abf66aa6f03f4e2a636a0fab6e84899e0ea9ad1c02,text,FROZEN_TIMECREATE_AGGREGATE_PASS
2023-05-28,B8,82,0.8875,0.8984375,400,384,87895e9150ff5b999292c6575a79e662e3743fb45d08502b8e96f61ade1a662c,text,FROZEN_TIMECREATE_AGGREGATE_PASS
2023-05-28,B9,57,0.8647540983606558,0.8273092369477911,244,249,bc91b4481b12e30646830570513d08387df42ac7ca39ef888bb14dd352b032ea,text,FROZEN_TIMECREATE_AGGREGATE_PASS
2023-05-28,B10,71,0.8695652173913043,0.8862433862433863,368,378,cadc5d4e7211a1c0b678112cb994b1046dad3390139aa64fd3e1d720785816d5,text,FROZEN_TIMECREATE_AGGREGATE_PASS
2023-06-04,B1,55,0.8489208633093526,0.8132295719844358,278,257,5f6e3e31603077456084ba6d3478fd324fd3239c8b707c01c50fbbfb56c3809f,text,FROZEN_TIMECREATE_AGGREGATE_PASS
2023-06-04,B2,73,0.8687350835322196,0.8807588075880759,419,369,adc2735dd5b4bca4ca7e1e6f861e5575480f5e7afa742dc3ed41ea26c460a13b,text,FROZEN_TIMECREATE_AGGREGATE_PASS
2023-06-04,B3,60,0.8626760563380281,0.8127659574468085,284,235,2749053e0e37d5b4d3cbd7ba31df0ac5b4f1836fe14b946b44dbf812a63395d7,text,FROZEN_TIMECREATE_AGGREGATE_PASS
2023-06-04,B4,72,0.8990384615384616,0.8364611260053619,416,373,7ff2e7f6cad80f5eb88b9f3716d7dd4b78a22308f4c74187dbfcf0ba412a922d,text,FROZEN_TIMECREATE_AGGREGATE_PASS
2023-06-04,B5,51,0.8550185873605948,0.8613445378151261,269,238,460eabd7082b6612f784d5d53a3704abe1f8404f74df7a929c00e271cad36fe1,text,FROZEN_TIMECREATE_AGGREGATE_PASS
2023-06-04,B6,65,0.8753623188405797,0.8760806916426513,345,347,a2fddc295e064914ac4037ede976cf19068507bd2265e60846d494a4bc42bd36,text,FROZEN_TIMECREATE_AGGREGATE_PASS
2023-06-04,B7,55,0.8546099290780141,0.8492647058823529,282,272,f10ed3820f57d0d452d94b49da5fd18db563087ff18502ff5fc25013cbd235d8,text,FROZEN_TIMECREATE_AGGREGATE_PASS
2023-06-04,B8,71,0.9044776119402985,0.8375,335,400,ef030fd2446f397cd14332e0fe8640edadef449b98f2a1b1f8a0382463c9bb08,text,FROZEN_TIMECREATE_AGGREGATE_PASS
2023-06-04,B9,61,0.8609271523178808,0.8934426229508197,302,244,38e05de18647d93f5c95fc1831fe6031a530a6e0c1bd52eada93f1b9b4cbfb38,text,FROZEN_TIMECREATE_AGGREGATE_PASS
2023-06-04,B10,75,0.8986301369863013,0.8804347826086957,365,368,44599923df700cabb299e22947625fc55f9b6317fcd425680b5f3e04ec2534b0,text,FROZEN_TIMECREATE_AGGREGATE_PASS
2023-06-11,B1,60,0.8484848484848485,0.89568345323741,264,278,b26f82a1faa9e7ce40abbbe9eb536190dbe02ccb65069171ae2d5ce935b66541,text,FROZEN_TIMECREATE_AGGREGATE_PASS
2023-06-11,B2,71,0.9008746355685131,0.8591885441527446,343,419,7404fe583436f1001fce376cb48dac755fed65b14bbedd19056204e321afca81,text,FROZEN_TIMECREATE_AGGREGATE_PASS
2023-06-11,B3,59,0.8690476190476191,0.8028169014084507,252,284,1a94af77e73279cb3d0af3321612543cee1f44105efa4d94f1c7db8148fb542b,text,FROZEN_TIMECREATE_AGGREGATE_PASS
2023-06-11,B4,81,0.9006024096385542,0.9230769230769231,332,416,31b32b4bc8d5413d5ae28f697924f13eb99d996893b9757df256d2e56992a2b2,text,FROZEN_TIMECREATE_AGGREGATE_PASS
2023-06-11,B5,56,0.847457627118644,0.8810408921933085,295,269,26565fc42a80e396e8162e3f36ce2f7cbe71cc7bb6095d3e7bcb210333a912a7,text,FROZEN_TIMECREATE_AGGREGATE_PASS
2023-06-11,B6,70,0.8070652173913043,0.8695652173913043,368,345,8f0123aea5386b30fa0f4a8502c6d25963b026cc182f1ae533f1c95e11429e7e,text,FROZEN_TIMECREATE_AGGREGATE_PASS
2023-06-11,B7,59,0.8759124087591241,0.875886524822695,274,282,31339f422a0c507b4ebcb8f0068e8e419e86f111f3ec235b6068da5ca8253e7d,text,FROZEN_TIMECREATE_AGGREGATE_PASS
2023-06-11,B8,76,0.8656716417910447,0.9104477611940298,402,335,898b8ae95f6a4c27d671411a910389ca67ebaf20ab52b6152338449495dbd130,text,FROZEN_TIMECREATE_AGGREGATE_PASS
2023-06-11,B9,66,0.8719512195121951,0.8609271523178808,328,302,327929540288208fcaad05ed4305f9e5abd990727c46f056c81ec06580da63e0,text,FROZEN_TIMECREATE_AGGREGATE_PASS
2023-06-11,B10,77,0.8524173027989822,0.8849315068493151,393,365,ffb21ebaf48ab4ffa1de101b4366b93f89fd2ac62fe095b7940ff0c36971a297,text,FROZEN_TIMECREATE_AGGREGATE_PASS
2023-06-18,B1,64,0.9198473282442748,0.8863636363636364,262,264,0ef9fe8a0a0f21a1e312c665913e562ca53b9bd0a76736e2874eb022687eeefb,text,FROZEN_TIMECREATE_AGGREGATE_PASS
2023-06-18,B2,69,0.8808864265927978,0.8688046647230321,361,343,3ecd33b901fd957ba230148beca5226d2af816074c52780756ba9f03fcdd78d7,text,FROZEN_TIMECREATE_AGGREGATE_PASS
2023-06-18,B3,56,0.84375,0.873015873015873,256,252,72bc8cbffdc36ef6b0d71ee79d156c18769a0a252b123a176887496c09adda32,text,FROZEN_TIMECREATE_AGGREGATE_PASS
2023-06-18,B4,81,0.9032258064516129,0.8885542168674698,403,332,ea7b17463bea7814fa3c9e43b9b20560e18c929f42227dc59da190c8594e3434,text,FROZEN_TIMECREATE_AGGREGATE_PASS
2023-06-18,B5,60,0.8405797101449275,0.8677966101694915,276,295,7377889717bbed5efebf80781b53050840cdfea9fbbeaaab61d0f9ee052daf38,text,FROZEN_TIMECREATE_AGGREGATE_PASS
2023-06-18,B6,80,0.8937329700272479,0.8858695652173914,367,368,6d748c31cf4f086f32fa68f672b94c940d80606ee14392889158ffba8d78232c,text,FROZEN_TIMECREATE_AGGREGATE_PASS
2023-06-18,B7,59,0.8549019607843137,0.8941605839416058,255,274,5632c1625687a4b35289a28cc4a7f71a544c0998596868f3aab9b2d449212b87,text,FROZEN_TIMECREATE_AGGREGATE_PASS
2023-06-18,B8,76,0.8914956011730205,0.8582089552238806,341,402,245cc179bbbe55a56f07aa050bc61210d083cc99883b95ecaa4cfcdefe46cb6e,text,FROZEN_TIMECREATE_AGGREGATE_PASS
2023-06-18,B9,60,0.8841201716738197,0.8414634146341463,233,328,c2423cc2b93386983f2afdb56108de1a75c01178088f0ce54b8163655c578136,text,FROZEN_TIMECREATE_AGGREGATE_PASS
2023-06-18,B10,83,0.9320652173913043,0.8880407124681934,368,393,1a785628ded2ff8d0dfb748794e1498df38e5018254f2d0dc6f8a2fca7d63f02,text,FROZEN_TIMECREATE_AGGREGATE_PASS
2023-06-25,B1,57,0.8125,0.8587786259541985,256,262,640ab63c5945c98574a6afedf708001ef5d990451856ec273ca04cd72502c9b0,text,FROZEN_TIMECREATE_AGGREGATE_PASS
2023-06-25,B2,72,0.8724035608308606,0.9113573407202216,337,361,b58cb36bfa6b22898fffff03a54e17922021c3e5cc0386cc4afd6f4cc50336df,text,FROZEN_TIMECREATE_AGGREGATE_PASS
2023-06-25,B3,59,0.8888888888888888,0.84765625,261,256,935f2563a54bb15762c07ff55e245159fc7dfdad9244a3bd98d57bd3765c3cdd,text,FROZEN_TIMECREATE_AGGREGATE_PASS
2023-06-25,B4,72,0.8652694610778443,0.8684863523573201,334,403,e78ccfc63b70353086e7f11777bdbca3b118fd263b0fa377f92baf53377fb6d6,text,FROZEN_TIMECREATE_AGGREGATE_PASS
2023-06-25,B5,62,0.9120879120879121,0.8478260869565217,273,276,0d1d00a39353effed9c005d1845c09934de31ad58f221c9218b59047004e6841,text,FROZEN_TIMECREATE_AGGREGATE_PASS
2023-06-25,B6,71,0.8674351585014409,0.8692098092643051,347,367,82d8fce428ee5fd1b36808f17dac0dc59402f7b538fb863c0babb2b9ee4d10e6,text,FROZEN_TIMECREATE_AGGREGATE_PASS
2023-06-25,B7,62,0.875,0.9019607843137255,280,255,3d1bccede6c9ed2cba38b7b3d03a79f5cd82f01d699f65e79b855653a5095652,text,FROZEN_TIMECREATE_AGGREGATE_PASS
2023-06-25,B8,70,0.8628571428571429,0.8914956011730205,350,341,78e139bfad7c6fd25f13c941cc5054c44fd05d4e09b9ef8a2af894a55e4ce0a9,text,FROZEN_TIMECREATE_AGGREGATE_PASS
2023-06-25,B9,59,0.8884615384615384,0.8841201716738197,260,233,5cd1177489b0d1575b73cef1b92505d0ba8fa1d5ba723b3d362cd3ce0fda5156,text,FROZEN_TIMECREATE_AGGREGATE_PASS
2023-06-25,B10,71,0.8935574229691877,0.8668478260869565,357,368,b2f4f6aaebbd2762145cca6311ec0c51a41ce71bb3c0c7171c4883a5f0c06c01,text,FROZEN_TIMECREATE_AGGREGATE_PASS
2023-07-09,B1,51,0.8601694915254238,0.816793893129771,236,262,b901586270ce9d72c55d76607c96ff530d335e79209d8e49f32b3fa8e4869d83,text,FROZEN_TIMECREATE_AGGREGATE_PASS
2023-07-09,B2,67,0.8656716417910447,0.8732394366197183,335,355,00a4daef904e3271b37ff476c4c8be7677393e8b4e461ee66fb3f0073d95bb8a,text,FROZEN_TIMECREATE_AGGREGATE_PASS
2023-07-09,B3,52,0.8272727272727273,0.839041095890411,220,292,d574ee28b4add2b490b6ca75fa8ff716b6d638c141099dec29d3a45b602598db,text,FROZEN_TIMECREATE_AGGREGATE_PASS
2023-07-09,B4,65,0.8607242339832869,0.8831908831908832,359,351,015139acb0f64fdef2221317728da8ef57d750f3865bc0f3508fadb17fafdedb,text,FROZEN_TIMECREATE_AGGREGATE_PASS
2023-07-09,B5,54,0.763265306122449,0.8634361233480177,245,227,fcfe34d49619ed1beb9227dcbe1499602f13183e45721a4be71e8d6c36d20376,text,FROZEN_TIMECREATE_AGGREGATE_PASS
2023-07-09,B6,69,0.861671469740634,0.8952879581151832,347,382,7e26dcbb22d9c768edf4422a03322957c1de34b7504cfecdab9d1ef6dcf1e291,text,FROZEN_TIMECREATE_AGGREGATE_PASS
2023-07-09,B7,50,0.7345132743362832,0.8470149253731343,226,268,3a69ff2be4bfac4a5656cc4af48cdc6f7955f0931ddf144b0e7b34260155712f,text,FROZEN_TIMECREATE_AGGREGATE_PASS
2023-07-09,B8,69,0.853448275862069,0.8575581395348837,348,344,2d943745d989139fa525269e460cb5697a0b5dd558bbfc6f985ecb7d236f736f,text,FROZEN_TIMECREATE_AGGREGATE_PASS
2023-07-09,B9,58,0.8695652173913043,0.8165938864628821,230,229,def0040f208a7b8421af5fa2ddcdf79f428745488bf11a032956c371f61ff79b,text,FROZEN_TIMECREATE_AGGREGATE_PASS
2023-07-09,B10,78,0.9077380952380952,0.8962536023054755,336,347,80c0dc9c1f2b60f01ef1bd190a34cf7e734a5ca6976b591f4bd37eda74781b7c,text,FROZEN_TIMECREATE_AGGREGATE_PASS
2023-07-16,B1,54,0.8857142857142857,0.8432203389830508,280,236,a24a7376608b3d3a8fba4e07be249a86508c9e46dc70925ccf65507dc3dc58ef,text,FROZEN_TIMECREATE_AGGREGATE_PASS
2023-07-16,B2,65,0.8776978417266187,0.8626865671641791,278,335,6ae79b0119b5db34bbb2775104d2c0e95cc57a4dc823712b4e3753b33a6e92b3,text,FROZEN_TIMECREATE_AGGREGATE_PASS
2023-07-16,B3,48,0.8516949152542372,0.8136363636363636,236,220,733d5e3a348f7c56286057a0c3cc210afdfa964d2ef3c7ec80658f4bbf2a3201,text,FROZEN_TIMECREATE_AGGREGATE_PASS
2023-07-16,B4,72,0.8627450980392157,0.8997214484679665,357,359,32319667409a74c7689b13e41c2ffe9c0e4ed1e65f19563653879b28e9773bd8,text,FROZEN_TIMECREATE_AGGREGATE_PASS
2023-07-16,B5,58,0.889795918367347,0.8,245,245,8d743098962b9d9c2fb47bb57bb6b252e6a8da94783b58a1e4873bc5d8206737,text,FROZEN_TIMECREATE_AGGREGATE_PASS
2023-07-16,B6,70,0.8787878787878788,0.8472622478386167,330,347,9171759f3a09ef5095db6de4a0b2fdd10bc6dd045a2853fc4e04b29ec92b7713,text,FROZEN_TIMECREATE_AGGREGATE_PASS
2023-07-16,B7,49,0.8641304347826086,0.7389380530973452,184,226,2bc331a0f5b23edd98e20f8065d4c801add071821443ec883a31f973e3232348,text,FROZEN_TIMECREATE_AGGREGATE_PASS
2023-07-16,B8,67,0.850909090909091,0.8304597701149425,275,348,23feabbdaf1374c10adafd27cea28478fd8fb092e7025a014cf0859226bedf84,text,FROZEN_TIMECREATE_AGGREGATE_PASS
2023-07-16,B9,63,0.8447488584474886,0.8304347826086956,219,230,6752a5b7e153b41dedd966c376907bfb4165ac0cb2b330795c3d9618e86990df,text,FROZEN_TIMECREATE_AGGREGATE_PASS
2023-07-16,B10,75,0.8542857142857143,0.8839285714285714,350,336,cc7c481e528ed36135c39dfd89aab4bdbf46676d1b0dee51cd018b9492fa04f8,text,FROZEN_TIMECREATE_AGGREGATE_PASS
2023-07-23,B1,52,0.8305084745762712,0.8678571428571429,295,280,b79d0b61cb4cb4e21446d34164ab0156df1be0f06097fc933b713992efad193f,text,FROZEN_TIMECREATE_AGGREGATE_PASS
2023-07-23,B2,64,0.8662613981762918,0.8848920863309353,329,278,f24bf0df6847d454c22b6c9ba3fd15748dffc8b0c524ab95f006aa06c923feda,text,FROZEN_TIMECREATE_AGGREGATE_PASS
2023-07-23,B3,53,0.7870722433460076,0.885593220338983,263,236,3cf6a887b9b614dfd60ec7d0e55205690df3cd7a9daad00eb9bcf99073e8ac4c,text,FROZEN_TIMECREATE_AGGREGATE_PASS
2023-07-23,B4,77,0.9055555555555556,0.8879551820728291,360,357,55719bde969811e41e6fcb9a51399aab9fbfc33870de4912811b561ba0294a2d,text,FROZEN_TIMECREATE_AGGREGATE_PASS
2023-07-23,B5,53,0.8393574297188755,0.8489795918367347,249,245,2b8be9e3f2e6dd7969fc7e664e118d746c9088a3fa31b3dd4116b77c6248e18a,text,FROZEN_TIMECREATE_AGGREGATE_PASS
2023-07-23,B6,68,0.836676217765043,0.8727272727272727,349,330,30d5b8529921faacd6e4a26052349b1810aac880848b4ceaff8441db8f192fc3,text,FROZEN_TIMECREATE_AGGREGATE_PASS
2023-07-23,B7,51,0.7480314960629921,0.8804347826086957,254,184,edc865b06c4054b5728fa59234611e088befd8c8a2c88bf1ca67409cc2b0207b,text,FROZEN_TIMECREATE_AGGREGATE_PASS
2023-07-23,B8,65,0.8801169590643275,0.88,342,275,172e437d273ba372dac72206d0390c28992013e14bc20c7369c052658737f827,text,FROZEN_TIMECREATE_AGGREGATE_PASS
2023-07-23,B9,53,0.8444444444444444,0.817351598173516,270,219,3eebf5141783b06c9a0dddd45ec3fd7bcfcf1dd75ad966a2c588abcb9bfa597b,text,FROZEN_TIMECREATE_AGGREGATE_PASS
2023-07-23,B10,68,0.8547854785478548,0.8057142857142857,303,350,13807a5d82837e9078db6c9ad650811ace90f5816cff5150e295999565d6ff67,text,FROZEN_TIMECREATE_AGGREGATE_PASS
2023-07-30,B1,57,0.8648648648648649,0.8779661016949153,259,295,3ade8ce13fd95e8c87b1042de12fe5dc831778c7c73c1359046eab911384190f,text,FROZEN_TIMECREATE_AGGREGATE_PASS
2023-07-30,B2,70,0.8695652173913043,0.8936170212765957,322,329,1eb3e6d30b394977df42d39a278733aecb827cd5e22d5b869cc9836d08ef2514,text,FROZEN_TIMECREATE_AGGREGATE_PASS
2023-07-30,B3,60,0.8326359832635983,0.8669201520912547,239,263,8a5c5a4d7018ddab3e6a54b8cd616a0415078183b0f5f5f43807a60b9c3da757,text,FROZEN_TIMECREATE_AGGREGATE_PASS
2023-07-30,B4,70,0.9233038348082596,0.8666666666666667,339,360,7370d553dc7086e2ea67a619c7069b4476c4f2c7db786af9dfdbfa7686983abd,text,FROZEN_TIMECREATE_AGGREGATE_PASS
2023-07-30,B5,56,0.8706896551724138,0.8594377510040161,232,249,72b1a82d911be03089942d0bb3cd6f75c83952aa1ea4da77b935df26b9b808d3,text,FROZEN_TIMECREATE_AGGREGATE_PASS
2023-07-30,B6,75,0.8679245283018868,0.8968481375358166,371,349,03e96d64c6517d9dac033eb51bd80c0a38eb2beed254ea3b2a7a8cf2f79f780b,text,FROZEN_TIMECREATE_AGGREGATE_PASS
2023-07-30,B7,54,0.8434782608695652,0.7913385826771654,230,254,c3e1c3332205e0412c23789b4f29723bcc422163f53e76f1612f8024c03e0d9f,text,FROZEN_TIMECREATE_AGGREGATE_PASS
2023-07-30,B8,72,0.8896103896103896,0.9005847953216374,308,342,1f638efb2cc044605e1e61a5d72bde6b0a576fdb0ddd3310c2f7933fa43301b7,text,FROZEN_TIMECREATE_AGGREGATE_PASS
2023-07-30,B9,55,0.8394495412844036,0.8481481481481481,218,270,20cdaae50474c25fe3f6d8b49091d21dcdd13a8f41072561e4605bbffda46801,text,FROZEN_TIMECREATE_AGGREGATE_PASS
2023-07-30,B10,76,0.884393063583815,0.8745874587458746,346,303,84af1b9c582a880ad729d6fee206cc709a33bb20413550e781ae771159e00173,text,FROZEN_TIMECREATE_AGGREGATE_PASS
2023-08-06,B1,59,0.8493723849372385,0.8223938223938224,239,259,a07fc38b0165af868425c8f090cced8d65e11d334bbe841502c07c8d87c2defd,text,FROZEN_TIMECREATE_AGGREGATE_PASS
2023-08-06,B2,71,0.9270833333333334,0.8664596273291926,288,322,e92f3367c55e63422f5c92168abd495288a65b87262ce28524fc45d1af49f985,text,FROZEN_TIMECREATE_AGGREGATE_PASS
2023-08-06,B3,61,0.8409090909090909,0.8661087866108786,264,239,a4eeea906d8f9db1010636c09909a4e8b1a4138c979108ba31bea21eeba2f909,text,FROZEN_TIMECREATE_AGGREGATE_PASS
2023-08-06,B4,70,0.8694267515923567,0.9056047197640118,314,339,fd770eca15227a47431deb39bb0ecf969fbbf9e84dcdd5fd73bba19070037f23,text,FROZEN_TIMECREATE_AGGREGATE_PASS
2023-08-06,B5,57,0.8649789029535865,0.8232758620689655,237,232,b07dfac308d1e3a2822ab76f7e167fff4f15372e74cf9b712cfe090a9c97576b,text,FROZEN_TIMECREATE_AGGREGATE_PASS
2023-08-06,B6,74,0.8932584269662921,0.8544474393530997,356,371,66c153d454d7b8ec1478b7b72ab0acc97e8dddc26d150f3940dc8f92947ac4d7,text,FROZEN_TIMECREATE_AGGREGATE_PASS
2023-08-06,B7,50,0.7695473251028807,0.7782608695652173,243,230,5513bbb22d335ad6bec060401f6fa774cac232dc40214d3a73e22e14d04032f8,text,FROZEN_TIMECREATE_AGGREGATE_PASS
2023-08-06,B8,68,0.9025069637883009,0.8603896103896104,359,308,16f8618f4eb039f2dea56cc61e248909d24ad32661ec7b29c75e4d279650514a,text,FROZEN_TIMECREATE_AGGREGATE_PASS
2023-08-06,B9,53,0.8333333333333334,0.8165137614678899,228,218,1b1cf4792a069f282d984c31d8be58e19ae1feebeee87f727095376f9bcfbad3,text,FROZEN_TIMECREATE_AGGREGATE_PASS
2023-08-06,B10,72,0.8852941176470588,0.8786127167630058,340,346,6d22dd471f5ab562d5f396c7d05d6ea3b0a742fa65eefb8c2f0ec7a10b5da408,text,FROZEN_TIMECREATE_AGGREGATE_PASS
2023-08-13,B1,57,0.8227848101265823,0.8200836820083682,237,239,5fbc82434540c344be08103c62933d1afe3ea6c3a2ca8c0b96e8568a3ca51430,text,FROZEN_TIMECREATE_AGGREGATE_PASS
2023-08-13,B2,60,0.8513513513513513,0.8333333333333334,296,288,14f5d7bdaa437ae44e939b53869dc517a276c6262a2b52fadf08e0286325c652,text,FROZEN_TIMECREATE_AGGREGATE_PASS
2023-08-13,B3,60,0.9262295081967213,0.8333333333333334,244,264,dc40f8bf7bfb87b0e78990efe811074915b32f9be66841994f022067e4d94074,text,FROZEN_TIMECREATE_AGGREGATE_PASS
2023-08-13,B4,68,0.839622641509434,0.8439490445859873,318,314,a1393bfe437bb135b4f519c198a5eb64f311fa2bdbc56a01835d400bea09ed32,text,FROZEN_TIMECREATE_AGGREGATE_PASS
2023-08-13,B5,53,0.7871485943775101,0.8649789029535865,249,237,c3608c01e8e8b88b3925ef505d743fb7be1eacc586381b07755a9267947b8ba6,text,FROZEN_TIMECREATE_AGGREGATE_PASS
2023-08-13,B6,67,0.8466666666666667,0.8398876404494382,300,356,a4a5cac8cce8490d206d0a184acfd2708e3c2d55b76dc3507bbf3a104e21fa59,text,FROZEN_TIMECREATE_AGGREGATE_PASS
2023-08-13,B7,49,0.8008849557522124,0.7489711934156379,226,243,a5ce486d0faf1d9460051673e83fc58774b7053d28841e82d272ab6da42ac779,text,FROZEN_TIMECREATE_AGGREGATE_PASS
2023-08-13,B8,64,0.8344370860927153,0.8356545961002786,302,359,415479e1edcf5e83e911619de9f12087c09b809bfe329acc22a9dda650e52b5e,text,FROZEN_TIMECREATE_AGGREGATE_PASS
2023-08-13,B9,54,0.8275862068965517,0.8464912280701754,232,228,6bc1101a0e7635072bf9e82db67ab2679a390c38223335a2692b75f903b586c2,text,FROZEN_TIMECREATE_AGGREGATE_PASS
2023-08-13,B10,64,0.8552631578947368,0.8147058823529412,304,340,1dc26603ee1ff64c897c970cefdcfa7b03132ab8151bfcce9001e9b6e54c160e,text,FROZEN_TIMECREATE_AGGREGATE_PASS
2023-08-20,B1,61,0.875,0.8565400843881856,264,237,346a02ac9b2bd0770fbe2303b47f52d376626052d066036f75940cb076e001ea,text,FROZEN_TIMECREATE_AGGREGATE_PASS
2023-08-20,B2,62,0.8153310104529616,0.8918918918918919,287,296,d6562d4a92de4fe84f76f7862604ede4c66f6d14e1d429538dbf45e50119514c,text,FROZEN_TIMECREATE_AGGREGATE_PASS
2023-08-20,B3,51,0.8318965517241379,0.8647540983606558,232,244,5f1583a96fbbb13443bb69434bf05f6e91137917c60600fdd1ae889c07f5f3dd,text,FROZEN_TIMECREATE_AGGREGATE_PASS
2023-08-20,B4,64,0.8501742160278746,0.8742138364779874,287,318,2eb945e8ba6207e5c9f6a1112dec7a933a63dd593faaa3d2a9ffde50c1705b94,text,FROZEN_TIMECREATE_AGGREGATE_PASS
2023-08-20,B5,58,0.8894009216589862,0.8433734939759037,217,249,f3cd83a3a0b1f1fe24a12cd5ef3351643e8e54a508ed19883b28a71a13fee6c3,text,FROZEN_TIMECREATE_AGGREGATE_PASS
2023-08-20,B6,61,0.865979381443299,0.8466666666666667,291,300,d884b8a5bf92c62b66156e68a4e1c4d18459ea890573e08e74b9c3d4601a9789,text,FROZEN_TIMECREATE_AGGREGATE_PASS
2023-08-20,B7,55,0.8043478260869565,0.8407079646017699,230,226,1f9fc0bfd4d3c6e5ae634e69084377ba1ee6440a198a2a7df2df9386d60d7a42,text,FROZEN_TIMECREATE_AGGREGATE_PASS
2023-08-20,B8,62,0.8601823708206687,0.8708609271523179,329,302,52b6ebce2e26f54fcd43f122570677730eee55db2e6ee20bab94b40ae181f856,text,FROZEN_TIMECREATE_AGGREGATE_PASS
2023-08-20,B9,56,0.8060836501901141,0.8879310344827587,263,232,889d7bc9fc99b2e638030782a21e7aa18700a44f04b4da5ffece2344211b16bb,text,FROZEN_TIMECREATE_AGGREGATE_PASS
2023-08-20,B10,66,0.8470254957507082,0.8519736842105263,353,304,c76345bf84e589f7b18bbedd9301f0ca20b961ee21306efb377ef5ce43b7b9aa,text,FROZEN_TIMECREATE_AGGREGATE_PASS
2023-08-27,B1,58,0.82421875,0.8484848484848485,256,264,0683174f637f60193dff0c85002a1e37ef774be064cd4f9759af770d386512a4,text,FROZEN_TIMECREATE_AGGREGATE_PASS
2023-08-27,B2,65,0.8650519031141869,0.8397212543554007,289,287,855116e155e95c97ba89e5abf0f1f5839e8769ef2f23707c81ab1657bf4ea3fe,text,FROZEN_TIMECREATE_AGGREGATE_PASS
2023-08-27,B3,56,0.8300395256916996,0.8491379310344828,253,232,46b24cf4d5662513e730b8eaff3f129ef4931d6ddf7ef35908626542933b8122,text,FROZEN_TIMECREATE_AGGREGATE_PASS
2023-08-27,B4,67,0.898876404494382,0.8850174216027874,356,287,61868ceb12011528a3f3d7d856ba45235e210e667447ef399b028be966cdeb02,text,FROZEN_TIMECREATE_AGGREGATE_PASS
2023-08-27,B5,50,0.8095238095238095,0.8341013824884793,273,217,f51c9e886f1d67de398d25224b53b84c072ceb32708f657f5939892427d7246e,text,FROZEN_TIMECREATE_AGGREGATE_PASS
2023-08-27,B6,64,0.8444444444444444,0.865979381443299,315,291,8fb23740773497d0eefa42f05afe435b85e8eb7e0a68d5dfdaf49a04fd7bb155,text,FROZEN_TIMECREATE_AGGREGATE_PASS
2023-08-27,B7,56,0.8725868725868726,0.8217391304347826,259,230,122f558e382c3882543426d65550ed8094c6df59a2d31a1d593084fdb3c18323,text,FROZEN_TIMECREATE_AGGREGATE_PASS
2023-08-27,B8,68,0.8633333333333333,0.8936170212765957,300,329,1fa47a9ae1482194a7c560ce12a6b7f8ff3b6b3136f94bd0d2f3ade3913d48b0,text,FROZEN_TIMECREATE_AGGREGATE_PASS
2023-08-27,B9,53,0.849624060150376,0.7946768060836502,266,263,771dd61a4fd75c4d9d8c167481838cb50dd58c38ef8c40fd3b1b713d4116d7d4,text,FROZEN_TIMECREATE_AGGREGATE_PASS
2023-08-27,B10,68,0.8942598187311178,0.8725212464589235,331,353,d4afdb86b98900bb4d903035507f3d2e2ef878e423e2681c129bb0b98d71e207,text,FROZEN_TIMECREATE_AGGREGATE_PASS
2023-09-10,B1,60,0.8438661710037175,0.8063241106719368,269,253,b8465947ce82a4e6e2bab50389f2ceae67bdc1462a01bd177a9bf02d19135291,text,FROZEN_TIMECREATE_AGGREGATE_PASS
2023-09-10,B2,67,0.8793650793650793,0.825,315,320,26bc7e0f93ff40d39761c2775b47687fd332f8c25c847a757718f228a185166e,text,FROZEN_TIMECREATE_AGGREGATE_PASS
2023-09-10,B3,54,0.8672199170124482,0.8473282442748091,241,262,0d3c84b2d66c0a93bd6654723b5bcb37ef14817a405376faa4a99849332097de,text,FROZEN_TIMECREATE_AGGREGATE_PASS
2023-09-10,B4,67,0.8760330578512396,0.7890410958904109,363,365,5d2a3cca21d4bf0eb1f4e8c02e61fe50fdf09fc9cade4822c99d65c3db3394c8,text,FROZEN_TIMECREATE_AGGREGATE_PASS
2023-09-10,B5,49,0.8325581395348837,0.8163265306122449,215,245,2c768aa1a6654b68f3fadd3f759839ee7216cb4ec72acd35e633c429998329d0,text,FROZEN_TIMECREATE_AGGREGATE_PASS
2023-09-10,B6,73,0.8364116094986808,0.8693181818181818,379,352,f87879e9da3900c16bbfe5847eb1b056875b6446d38bd08d3f1aa66825d23c09,text,FROZEN_TIMECREATE_AGGREGATE_PASS
2023-09-10,B7,50,0.8385826771653543,0.7419354838709677,254,248,d5e03763e745729ec82a8b414b13d1b804abf93200606acc4de34472d354b37d,text,FROZEN_TIMECREATE_AGGREGATE_PASS
2023-09-10,B8,70,0.8278145695364238,0.8632218844984803,302,329,77a38cf8a94a77ba31a6698eacc2a1998cf81e45fb60faa5122debefa434f177,text,FROZEN_TIMECREATE_AGGREGATE_PASS
2023-09-10,B9,56,0.8650793650793651,0.85,252,220,0083341330005e86389af2081bd2403327706210811015815fbfabd2f94a4e83,text,FROZEN_TIMECREATE_AGGREGATE_PASS
2023-09-10,B10,76,0.9030303030303031,0.9201183431952663,330,338,b0690bc4e59c1fc209ca102e9c0542e01c1475f0cc56a01c73bc286ef14f7a4d,text,FROZEN_TIMECREATE_AGGREGATE_PASS
2023-09-17,B1,59,0.8548387096774194,0.828996282527881,248,269,7164efd9b8b27e98adf778960a70c5b0028724fddcc617878180e5a5da0ff5e4,text,FROZEN_TIMECREATE_AGGREGATE_PASS
2023-09-17,B2,68,0.8239202657807309,0.8888888888888888,301,315,59f50c2da523977ef7ad4a09248ed95483a1a71649b6f50fb6989ab39efb6dd4,text,FROZEN_TIMECREATE_AGGREGATE_PASS
2023-09-17,B3,58,0.8135593220338984,0.8879668049792531,295,241,0077c39db4306dcbfab88bda2c39950373f87f7f2f2a6c00c9122949a16d6211,text,FROZEN_TIMECREATE_AGGREGATE_PASS
2023-09-17,B4,65,0.868766404199475,0.8842975206611571,381,363,abcd35f94633de87c7261a1f955dcbefae440cbee83ae183a3d00d287bf9c733,text,FROZEN_TIMECREATE_AGGREGATE_PASS
2023-09-17,B5,53,0.782051282051282,0.8976744186046511,234,215,d8e9910dbb53b6697f07b76c6a180b826f63166c58f7579f6b2fa8273ce4629c,text,FROZEN_TIMECREATE_AGGREGATE_PASS
2023-09-17,B6,71,0.8856304985337243,0.8258575197889182,341,379,5aeb396d954424a966c1285ce028e6359da13dcd06e71afd363ba3cb58be6bcf,text,FROZEN_TIMECREATE_AGGREGATE_PASS
2023-09-17,B7,58,0.823045267489712,0.8937007874015748,243,254,6693bccc7669c08dd1f17303cd5d51d1e736e913353c35a01f57c882ae544876,text,FROZEN_TIMECREATE_AGGREGATE_PASS
2023-09-17,B8,70,0.8647058823529412,0.8576158940397351,340,302,8032239cb5dc800c46e6836f456541b91c4defe463473e2b4f827ea64d9b7660,text,FROZEN_TIMECREATE_AGGREGATE_PASS
2023-09-17,B9,53,0.885593220338983,0.8650793650793651,236,252,7c792089390ce113f7d2de9f3546bb13c86c34f024359a8865a2e968f4cfb5d6,text,FROZEN_TIMECREATE_AGGREGATE_PASS
2023-09-17,B10,69,0.8918918918918919,0.8454545454545455,296,330,ede3120d83909fc3d0d2f3134159e4fcec0cebdb677da13b462102d6be4a6a44,text,FROZEN_TIMECREATE_AGGREGATE_PASS
2023-09-24,B1,61,0.7941176470588235,0.8508064516129032,272,248,5fe12700b3ffe876ef348ea28985ffb596ff94d6a91583140b73bc674f441b12,text,FROZEN_TIMECREATE_AGGREGATE_PASS
2023-09-24,B2,68,0.8774834437086093,0.8538205980066446,302,301,743161d6182ac26039584e0b5debd2ed6f6157695f77b49c228608b563d8a41e,text,FROZEN_TIMECREATE_AGGREGATE_PASS
2023-09-24,B3,55,0.8846153846153846,0.7728813559322034,234,295,6dbc0463dfddbb4bf7f44c75c803cd255c0c89c7202b728dc1badac6b6aa4a73,text,FROZEN_TIMECREATE_AGGREGATE_PASS
2023-09-24,B4,69,0.8544891640866873,0.905511811023622,323,381,bedc99448915a32bc3360124f4ef33e05b44a386bc50180ed717a327bacb6008,text,FROZEN_TIMECREATE_AGGREGATE_PASS
2023-09-24,B5,52,0.9043062200956937,0.811965811965812,209,234,c3ef89669dc0eba99e354f49f3c1ceaddb82da5789391225f4fd457ef6208e0f,text,FROZEN_TIMECREATE_AGGREGATE_PASS
2023-09-24,B6,63,0.8037974683544303,0.8533724340175953,316,341,4cd989c405a002509cce84bf22f9cb4e132b69ad934b1efe6cb547ee9aabf930,text,FROZEN_TIMECREATE_AGGREGATE_PASS
2023-09-24,B7,57,0.8589743589743589,0.8353909465020576,234,243,a7eb95bf4fdba7e592560d9f8b9ab332901ba8c56ea024b2aabf42595cc9a38f,text,FROZEN_TIMECREATE_AGGREGATE_PASS
2023-09-24,B8,65,0.8805031446540881,0.8735294117647059,318,340,5931002902b2b6bc7022fdf384251056e8f2b7c17abedc9e271e2c4b66dd988e,text,FROZEN_TIMECREATE_AGGREGATE_PASS
2023-09-24,B9,51,0.8241758241758241,0.8559322033898306,273,236,9075acc26ed4ec0410be84dab92a158150a3f01a0174ff5ef7c65025254e0480,text,FROZEN_TIMECREATE_AGGREGATE_PASS
2023-09-24,B10,69,0.8713450292397661,0.8851351351351351,342,296,52dd66becccf75d22ee9cc5130b899365931691a2740dfb34e18492d8f0fce05,text,FROZEN_TIMECREATE_AGGREGATE_PASS
2023-10-01,B1,61,0.8461538461538461,0.8345588235294118,299,272,026d39f323cda9fc72db25258b61e9b2d2137012eb891a26f16d20ab2f9c2b13,text,FROZEN_TIMECREATE_AGGREGATE_PASS
2023-10-01,B2,72,0.8417721518987342,0.9072847682119205,316,302,15854b081562612b86f9045f336434f1e8da1842ae1c598de58f9b18fb7bcc28,text,FROZEN_TIMECREATE_AGGREGATE_PASS
2023-10-01,B3,49,0.807843137254902,0.8247863247863247,255,234,0718dc858cbcf53f590e39042032ade14304160e3c80f118904e76fb090759ea,text,FROZEN_TIMECREATE_AGGREGATE_PASS
2023-10-01,B4,71,0.9126506024096386,0.8668730650154799,332,323,254490d1e621b4114d0ae9afbca7e06f46b3191bbb96b57e85eed43fa631a382,text,FROZEN_TIMECREATE_AGGREGATE_PASS
2023-10-01,B5,49,0.8076923076923077,0.8277511961722488,234,209,6678dccb3df82340310be31f21dd07b50dce4ce119ec62959a0d662a6ec7e5d3,text,FROZEN_TIMECREATE_AGGREGATE_PASS
2023-10-01,B6,67,0.8641975308641975,0.8037974683544303,324,316,e9057307666da607ff37de99f755227f2bfe0035fab62f5474343fcad7a8d479,text,FROZEN_TIMECREATE_AGGREGATE_PASS
2023-10-01,B7,56,0.8375,0.8376068376068376,240,234,913c9c0bb9207eff841a2a27584a5f0d07558fbe29cfea157d5a956189c83518,text,FROZEN_TIMECREATE_AGGREGATE_PASS
2023-10-01,B8,66,0.8480565371024735,0.8584905660377359,283,318,ad9b2a42184457994b2efe266cf2a6224d98f8b0b70e8ee3b6d2d02fda4ef1b7,text,FROZEN_TIMECREATE_AGGREGATE_PASS
2023-10-01,B9,54,0.8440366972477065,0.8278388278388278,218,273,3eede927b8841aaccfb0dcae127409d454f16205edbfde3bab4809f8a1dd5854,text,FROZEN_TIMECREATE_AGGREGATE_PASS
2023-10-01,B10,70,0.9029126213592233,0.8625730994152047,309,342,ceb2a1a23092cd4ac3afb52de93fa5492165ac5a5f932cc19424899c2626a4bd,text,FROZEN_TIMECREATE_AGGREGATE_PASS
2023-10-08,B1,59,0.8906882591093117,0.8260869565217391,247,299,ec68d3efc290fb128903681cb776da75954e93d4b301bafef2e26998d7bb824a,text,FROZEN_TIMECREATE_AGGREGATE_PASS
2023-10-08,B2,73,0.9093959731543624,0.8829113924050633,298,316,356df407d41891016a250e46d265610ba7a8cbdf4e3355b37de8883aeb79cb76,text,FROZEN_TIMECREATE_AGGREGATE_PASS
2023-10-08,B3,57,0.8947368421052632,0.8745098039215686,266,255,668cec884eba0ab7ca26bc7e2adbe5f32d53ad4450dc0afe8296bea3ee81aecf,text,FROZEN_TIMECREATE_AGGREGATE_PASS
2023-10-08,B4,65,0.8605898123324397,0.8734939759036144,373,332,b65c5486698757da0f93dca8df96b5d4755b9b451b11447352dcbfaa24d2d6b9,text,FROZEN_TIMECREATE_AGGREGATE_PASS
2023-10-08,B5,51,0.7942583732057417,0.8205128205128205,209,234,836029a35c6c0f9509bbef6ea0caab920eb080e9c626a88708c8632480194217,text,FROZEN_TIMECREATE_AGGREGATE_PASS
2023-10-08,B6,67,0.8742138364779874,0.8827160493827161,318,324,0449c004500be235d9f922f7e87eee6ebc4000b6e30a4be7974c37d50334d8d8,text,FROZEN_TIMECREATE_AGGREGATE_PASS
2023-10-08,B7,50,0.8634361233480177,0.7916666666666666,227,240,d890712dd0fcc7a31e53bd8ca70f7037d2292cebf815c59e2a28949bed136d99,text,FROZEN_TIMECREATE_AGGREGATE_PASS
2023-10-08,B8,67,0.879154078549849,0.8657243816254417,331,283,78296ef5a164f7026c0c3acb8ebba3d717d87fbf76f3c41be0833b86453335c3,text,FROZEN_TIMECREATE_AGGREGATE_PASS
2023-10-08,B9,53,0.7860262008733624,0.7981651376146789,229,218,cbac2cb8b3f56ad0c2841b44619ff95865058b1c7558446505d8f6fd1992e222,text,FROZEN_TIMECREATE_AGGREGATE_PASS
2023-10-08,B10,65,0.855457227138643,0.8737864077669902,339,309,e40cca6e6e3ce0eb1a2a1598eb800fe7310498f51120f2f87f273a7eb424b47a,text,FROZEN_TIMECREATE_AGGREGATE_PASS
2023-10-15,B1,53,0.8255813953488372,0.8340080971659919,258,247,174d5e90b1693c341f20b2b920e61e0a263fe7b680b9527ea7052dbf926842d5,text,FROZEN_TIMECREATE_AGGREGATE_PASS
2023-10-15,B2,63,0.89272030651341,0.8456375838926175,261,298,7eb1c7a9bdcaf01258c84c71cb68d359386de403025d4462549dd71921e76bd2,text,FROZEN_TIMECREATE_AGGREGATE_PASS
2023-10-15,B3,56,0.9118942731277533,0.8796992481203008,227,266,bba279313f0da3277b776ac5f0193caef92512de13784aa77b99356d544ade4e,text,FROZEN_TIMECREATE_AGGREGATE_PASS
2023-10-15,B4,62,0.8295819935691319,0.8257372654155496,311,373,2128c09feea8f6e15078707f34cc6f18d0f05a4af9db7f2da6714f6f119d27bb,text,FROZEN_TIMECREATE_AGGREGATE_PASS
2023-10-15,B5,52,0.8198198198198198,0.8325358851674641,222,209,9d0b1dae75924301af4907bc68430f352a08c340981b3ffac62cff2c5b09f165,text,FROZEN_TIMECREATE_AGGREGATE_PASS
2023-10-15,B6,67,0.8453947368421053,0.8490566037735849,304,318,dd88715a92c7e498ca292642047d53d8a9fd9cd8eddeade3ccbc6c78a89ec6b9,text,FROZEN_TIMECREATE_AGGREGATE_PASS
2023-10-15,B7,53,0.8287037037037037,0.801762114537445,216,227,3b3c2890fa5a772d575d510f2e0de7533afd9f07123e4ee811f3473578410ad6,text,FROZEN_TIMECREATE_AGGREGATE_PASS
2023-10-15,B8,68,0.8738461538461538,0.8640483383685801,325,331,0fb87d43cf51797c68b3e6144668f0e2a4c9c54068c61e9f984abc5a378c9764,text,FROZEN_TIMECREATE_AGGREGATE_PASS
2023-10-15,B9,55,0.8324873096446701,0.7860262008733624,197,229,f8d2f7f83e1307077d16777afa0ac42fafc3c5c57740fcafcac50ed3de05adf0,text,FROZEN_TIMECREATE_AGGREGATE_PASS
2023-10-15,B10,74,0.8373493975903614,0.9056047197640118,332,339,4eceba348fb1db8cdae71b3682ad4263a18b40f5fc03290b364ad0b474bee56b,text,FROZEN_TIMECREATE_AGGREGATE_PASS
2023-10-22,B1,51,0.7764705882352941,0.813953488372093,255,258,287289b94f1ea54a76fab58d59a0515c91a7e10608e948990c4e01522600ffff,text,FROZEN_TIMECREATE_AGGREGATE_PASS
2023-10-22,B2,57,0.8023255813953488,0.8505747126436781,344,261,7b7466be13ba481f9cd3371b03e3f901ac5ee7353f2f30d90092207972d3c5e8,text,FROZEN_TIMECREATE_AGGREGATE_PASS
2023-10-22,B3,47,0.8255813953488372,0.8590308370044053,258,227,d22b948129fde02927c69be950fafa39b37d588f2bf594b5149b3d0a0b1feb56,text,FROZEN_TIMECREATE_AGGREGATE_PASS
2023-10-22,B4,69,0.8488745980707395,0.8778135048231511,311,311,b70d8cb88662d962baab00c51861fccb654d08ee3dadf908ededeab6519e28a3,text,FROZEN_TIMECREATE_AGGREGATE_PASS
2023-10-22,B5,53,0.7854251012145749,0.8648648648648649,247,222,1f7721996b1c8a896e9df0103cb3bd0047c0959bfa549188c491894f6fc36759,text,FROZEN_TIMECREATE_AGGREGATE_PASS
2023-10-22,B6,67,0.8650306748466258,0.8388157894736842,326,304,c647a319fe08240fcb7ee6616e27efa4ba7b9cc78f52fb2fcb4cdb66b0c0487e,text,FROZEN_TIMECREATE_AGGREGATE_PASS
2023-10-22,B7,53,0.7838827838827839,0.8101851851851852,273,216,d0aab62e280dbed7c4e80f3874facafe980f18d7fbefb8c4d0b51f3d52699e3c,text,FROZEN_TIMECREATE_AGGREGATE_PASS
2023-10-22,B8,69,0.774869109947644,0.8984615384615384,382,325,44a48cf493e2595dc276dd88809e6ad53fe262917d56d8b1ed588a4661ae7bef,text,FROZEN_TIMECREATE_AGGREGATE_PASS
2023-10-22,B9,50,0.7944664031620553,0.8426395939086294,253,197,649d1a9b441b261049799eab0fb0daec72595b1081d8a0c97e965b2d2326ccc0,text,FROZEN_TIMECREATE_AGGREGATE_PASS
2023-10-22,B10,80,0.8814016172506739,0.8765060240963856,371,332,093c335d4331f9e52d8008be9d116eb43307aa3e9566e0ec209dd8ac21ab8f39,text,FROZEN_TIMECREATE_AGGREGATE_PASS
2023-10-29,B1,59,0.8401253918495298,0.8235294117647058,319,255,4ae035e2f0c092d082c22052125389b21ac84a1aab6c4c3a00c940341d251496,text,FROZEN_TIMECREATE_AGGREGATE_PASS
2023-10-29,B2,69,0.8450184501845018,0.8459302325581395,271,344,254ce901a09a723b68bef93503ce1c7befbc9c462f3671e2c9880d90008c9e8c,text,FROZEN_TIMECREATE_AGGREGATE_PASS
2023-10-29,B3,55,0.8029739776951673,0.8604651162790697,269,258,9789bf50223d75eee20796b18023bfdacd1ab1c7db759a8291f8d2adc6be7df6,text,FROZEN_TIMECREATE_AGGREGATE_PASS
2023-10-29,B4,66,0.8579710144927536,0.8520900321543409,345,311,6e95babb3e52f140ac9e26a46900e32c1d03ea59c49cc64b8cfb273f1f647ed2,text,FROZEN_TIMECREATE_AGGREGATE_PASS
2023-10-29,B5,64,0.8452380952380952,0.9068825910931174,252,247,1d81ef351446cf133f1942d31a299d230660ee6b6c23ad04c32e7130f3a96336,text,FROZEN_TIMECREATE_AGGREGATE_PASS
2023-10-29,B6,71,0.8093841642228738,0.8680981595092024,341,326,02a8b26d785764ad07fa7ff86ed4c6c550aa132c84290d52dd74701fc7726a58,text,FROZEN_TIMECREATE_AGGREGATE_PASS
2023-10-29,B7,61,0.8635014836795252,0.8864468864468864,337,273,48e334643fcd12973d00572984d7ce78b8f9bb71dc8f6e4c0cbc5ef315ba1fc1,text,FROZEN_TIMECREATE_AGGREGATE_PASS
2023-10-29,B8,77,0.9335347432024169,0.8350785340314136,331,382,52993de4535e6797399bba91c920868f03b5940823befbceaab3d4213b273f39,text,FROZEN_TIMECREATE_AGGREGATE_PASS
2023-10-29,B9,55,0.8661087866108786,0.8537549407114624,239,253,99c8624beac040566f6fce3f3fadda4a9bd69f222f091aff79f8de89d429a71f,text,FROZEN_TIMECREATE_AGGREGATE_PASS
2023-10-29,B10,75,0.8691860465116279,0.8652291105121294,344,371,c297b07ba373fa376b0e51ab3a6e8bff672031497e2622c26711c15854124519,text,FROZEN_TIMECREATE_AGGREGATE_PASS
2023-11-05,B1,59,0.8484848484848485,0.8369905956112853,297,319,593b004ac8075cb37943b5b2985f8d07cad03f4fa8fe31cbb0716ec5efb83df2,text,FROZEN_TIMECREATE_AGGREGATE_PASS
2023-11-05,B2,68,0.8757062146892656,0.8634686346863468,354,271,40a52fa530da8fa6a88ed0d4879e7beb5ce117bcd5aaf041016a972bed8e024d,text,FROZEN_TIMECREATE_AGGREGATE_PASS
2023-11-05,B3,59,0.8816793893129771,0.8215613382899628,262,269,6a0f54e738abbf7452893b2e8be80e07a59985029d938ade9102314b29918e1d,text,FROZEN_TIMECREATE_AGGREGATE_PASS
2023-11-05,B4,71,0.8693009118541033,0.9014492753623189,329,345,4bd87f20246e6ba47ae0542300baa64046b8f44f8682573aeada21109e8aaf56,text,FROZEN_TIMECREATE_AGGREGATE_PASS
2023-11-05,B5,58,0.9051383399209486,0.8253968253968254,253,252,4df29caeb6fa06f76fb965747e444703ea46bd21780e2505f94ce573c8c77bae,text,FROZEN_TIMECREATE_AGGREGATE_PASS
2023-11-05,B6,77,0.8217054263565892,0.8826979472140762,387,341,5f3b6197661949402448f1bf31d8ea92f0fb9758ac78e83bf7ebe646445db6a4,text,FROZEN_TIMECREATE_AGGREGATE_PASS
2023-11-05,B7,59,0.8621908127208481,0.7952522255192879,283,337,2f9f78420d548b551227b15f7332dfbe48b06d1041013dcddc381d7a3b7ac27d,text,FROZEN_TIMECREATE_AGGREGATE_PASS
2023-11-05,B8,73,0.875,0.9154078549848943,320,331,a7cccb9c82e72f002f4d95c9f638e3952348838bc6d0023de2ce8835d1058682,text,FROZEN_TIMECREATE_AGGREGATE_PASS
2023-11-05,B9,51,0.7934272300469484,0.7907949790794979,213,239,ebec86ab49aa79563cdaf19ea7890c9fa2f5e47bae251fb899b5579b58abc070,text,FROZEN_TIMECREATE_AGGREGATE_PASS
2023-11-05,B10,68,0.8734939759036144,0.8284883720930233,332,344,76393b3224891d185675c714871bd792549ce7fc8fc3be6ca197d621054f3270,text,FROZEN_TIMECREATE_AGGREGATE_PASS
2023-11-12,B1,56,0.8646288209606987,0.8215488215488216,229,297,ac81165d1febc68a71bd59cb6008c2de1e0a30824f635524f9498436cf2900ca,text,FROZEN_TIMECREATE_AGGREGATE_PASS
2023-11-12,B2,69,0.8702064896755162,0.9011299435028248,339,354,7f0157b0540077ba1def0b851f8c744b15ec08b726cbfdd89fb120ddb0ac3650,text,FROZEN_TIMECREATE_AGGREGATE_PASS
2023-11-12,B3,59,0.7984496124031008,0.8854961832061069,258,262,39b0af72517c3235400fccbe64c64fe2c9ff8d6c7c4e2c5150fab0450b48875f,text,FROZEN_TIMECREATE_AGGREGATE_PASS
2023-11-12,B4,68,0.8530259365994236,0.851063829787234,347,329,a5ff213f57d40feb72ce4b74270b4d3a4dc8759ea910bf9e226a65ff03889491,text,FROZEN_TIMECREATE_AGGREGATE_PASS
2023-11-12,B5,54,0.8491379310344828,0.8458498023715415,232,253,8fcdb9bbec4a39453bf0c572156d9013223e2a15894eb0f8e8d24354d54414ce,text,FROZEN_TIMECREATE_AGGREGATE_PASS
2023-11-12,B6,71,0.9201277955271565,0.8294573643410853,313,387,32fe2c9cb795d340d723287dfef0b4c1f704917f25b4617d601cc0eee212509f,text,FROZEN_TIMECREATE_AGGREGATE_PASS
2023-11-12,B7,52,0.8278688524590164,0.8162544169611308,244,283,0117623cda47b6fc321109e825c63ea0328ba91ddb99717d349a7be2089bac0f,text,FROZEN_TIMECREATE_AGGREGATE_PASS
2023-11-12,B8,70,0.9178082191780822,0.821875,292,320,f6d79767c34ea60a583adadbe545c002a5355073d520edf5f0229bcc2e68fc22,text,FROZEN_TIMECREATE_AGGREGATE_PASS
2023-11-12,B9,57,0.8365758754863813,0.8873239436619719,257,213,fe90b6e308794ac6edb3be2fa4f3979678effb513bf1b04f25c544d35843a941,text,FROZEN_TIMECREATE_AGGREGATE_PASS
2023-11-12,B10,71,0.8763157894736842,0.8825301204819277,380,332,6e94b8a472ae830977fb38c76195bdba532960043b69c424937a993293fea031,text,FROZEN_TIMECREATE_AGGREGATE_PASS
2023-11-26,B1,59,0.8778877887788779,0.8059701492537313,303,268,59ad08748775deb188e31aca344e6dd5f9c15ce19beff371a951014e94906fa8,text,FROZEN_TIMECREATE_AGGREGATE_PASS
2023-11-26,B2,69,0.9288256227758007,0.8788659793814433,281,388,3da70ac8090cbf04d6a5b1ec38826d51a40237f78e99ffb49d3b66973ce36bfd,text,FROZEN_TIMECREATE_AGGREGATE_PASS
2023-11-26,B3,56,0.8666666666666667,0.8604651162790697,255,258,eadf111ba7c3cb94f8b71c43e07e4a1d1456d8e0a9730917377ca3519b3a95ed,text,FROZEN_TIMECREATE_AGGREGATE_PASS
2023-11-26,B4,66,0.8567251461988304,0.8398692810457516,342,306,b2b2e40fd9ad96e7df33b79697b2a183d13ec00e5c3b409fbecfcd5d00494ab7,text,FROZEN_TIMECREATE_AGGREGATE_PASS
2023-11-26,B5,23,0.7916666666666666,0.6095617529880478,48,251,ada3ae3d9f8987c0017f2dc7d2898e496eed1d4748aa8f2fd024093df650fd54,text,FROZEN_TIMECREATE_AGGREGATE_PASS
2023-11-26,B6,0,0.0,0.0,0,344,4f53cda18c2baa0c0354bb5f9a3ecbe5ed12ab4d8e11ba873c2f11161202b945,text,FROZEN_TIMECREATE_AGGREGATE_PASS
2023-11-26,B7,12,0.9411764705882353,0.29596412556053814,17,223,5bcca32100d30fee8a4bb3c7cc8cf7bfb6f2ccc7e55e7c5f88d0312aa1f23a03,text,FROZEN_TIMECREATE_AGGREGATE_PASS
2023-11-26,B8,59,0.8087649402390438,0.8291814946619217,251,281,b4e49584784e6ae0b711c90610ab0b9240eb6f5dfd629050dcf7c94e5cde2e63,text,FROZEN_TIMECREATE_AGGREGATE_PASS
2023-11-26,B9,43,0.6923076923076923,0.8440860215053764,234,186,102490e6e7ddc1d7b1a1436ba21af198afcbf3b0c8b54bd2baea0b187dc1c842,text,FROZEN_TIMECREATE_AGGREGATE_PASS
2023-11-26,B10,60,0.8066666666666666,0.8378378378378378,300,259,f38b3d940db960ef8458e217df4020a85f14164a79f35861f3ae6e1972094907,text,FROZEN_TIMECREATE_AGGREGATE_PASS
2023-12-03,B1,49,0.73,0.8184818481848185,200,303,ce1ac35003c286d6166070218ec3d70f74801d7a3633b5479bd7b9009d7fe1d3,text,FROZEN_TIMECREATE_AGGREGATE_PASS
2023-12-03,B2,69,0.8710601719197708,0.9288256227758007,349,281,efd2042aa5955757255252da77cdb5267b25c3a644059983b79720e225a628c6,text,FROZEN_TIMECREATE_AGGREGATE_PASS
2023-12-03,B3,51,0.8430493273542601,0.8,223,255,523f9c536ee110812ddf801d95464bcede85b7498ac5166d4d2d8b1a79113001,text,FROZEN_TIMECREATE_AGGREGATE_PASS
2023-12-03,B4,69,0.8741721854304636,0.8830409356725146,302,342,339aafca630cae27b0468b79bc8b73e08f8c85c60bf3093e8799c69d737f474e,text,FROZEN_TIMECREATE_AGGREGATE_PASS
2023-12-03,B5,25,0.5317460317460317,0.8541666666666666,252,48,7dd0ae88967cc86d8a592f04bf61961187b2aab34eb57f3adcba44e5d46f3512,text,FROZEN_TIMECREATE_AGGREGATE_PASS
2023-12-03,B6,0,0.0,0.0,429,0,4f53cda18c2baa0c0354bb5f9a3ecbe5ed12ab4d8e11ba873c2f11161202b945,text,FROZEN_TIMECREATE_AGGREGATE_PASS
2023-12-03,B7,11,0.2610294117647059,0.8823529411764706,272,17,3434242e7a3b2490844469ec96a89e628e8e14c327c5dc504ce3175ad7ee76e8,text,FROZEN_TIMECREATE_AGGREGATE_PASS
2023-12-03,B8,69,0.8646153846153846,0.8884462151394422,325,251,489c4c231f980b8ca22a13bf69f3675dce8b0d2c56aa885d14ff62b80bec4e1e,text,FROZEN_TIMECREATE_AGGREGATE_PASS
2023-12-03,B9,48,0.7909836065573771,0.7863247863247863,244,234,c8659d946036164f58b49f9e3af43fd40168a2b3f90d0acb8eff2cf02d7397eb,text,FROZEN_TIMECREATE_AGGREGATE_PASS
2023-12-03,B10,65,0.8461538461538461,0.8333333333333334,299,300,8d91da61cece17b76465dc77a76dfe2e2d255022b05ab96a9a8301af4a62e96e,text,FROZEN_TIMECREATE_AGGREGATE_PASS
2023-12-10,B1,49,0.7471698113207547,0.75,265,200,620ca845b848a020fbd022ef8e4ba8b53394e9b56303d88d56771a92991e8fc7,text,FROZEN_TIMECREATE_AGGREGATE_PASS
2023-12-10,B2,69,0.8776223776223776,0.8538681948424068,286,349,8c023943aac65d4405c0e461db3bd8ba649811a8fbfd7eb78bd357c1bccf1b9b,text,FROZEN_TIMECREATE_AGGREGATE_PASS
2023-12-10,B3,55,0.7985074626865671,0.8654708520179372,268,223,2f083af894a2c0db0fdc87509ff9e8bc84be7dc93cb9e10c7ebdb60863540bd2,text,FROZEN_TIMECREATE_AGGREGATE_PASS
2023-12-10,B4,68,0.8866666666666667,0.8708609271523179,300,302,1b5727172c36a3e28799cf1be82d0b173ea455708f0fa85ee3b85f5d1bd0395e,text,FROZEN_TIMECREATE_AGGREGATE_PASS
2023-12-10,B5,50,0.8451327433628318,0.8055555555555556,226,252,12cf693dacc0d6d18d781f55da283526118e8e285822d1a2d159c6ef968d1a4a,text,FROZEN_TIMECREATE_AGGREGATE_PASS
2023-12-10,B6,76,0.9061662198391421,0.8671328671328671,373,429,2010baeb05152ec90c766d5fb0fe7493431159b7a99b4d30193c085ed106f862,text,FROZEN_TIMECREATE_AGGREGATE_PASS
2023-12-10,B7,55,0.8734693877551021,0.8272058823529411,245,272,053abae2d3bb8f1de8be6427ae855ba50cba5fda7e6f3b2ef6f50920365d76e3,text,FROZEN_TIMECREATE_AGGREGATE_PASS
2023-12-10,B8,73,0.8782894736842105,0.9076923076923077,304,325,aca1432e7ac0889b039577f2364a29dd7a8d7b3edcfeaf55015454a3dda7868a,text,FROZEN_TIMECREATE_AGGREGATE_PASS
2023-12-10,B9,55,0.7377049180327869,0.8565573770491803,244,244,c74af23b0d35b121381cb9bef420b618db93cd42f43616c8a928253c60155254,text,FROZEN_TIMECREATE_AGGREGATE_PASS
2023-12-10,B10,66,0.8550295857988166,0.8595317725752508,338,299,d83482ab134750ae9bfb44731a16eb9eef46ca6eb6a0e66bebff40916df1a245,text,FROZEN_TIMECREATE_AGGREGATE_PASS
2023-12-17,B1,57,0.842741935483871,0.8113207547169812,248,265,b4e6fb6490ec514061733541253de78ced9f288d1927d1d569bae6e4faefbdcb,text,FROZEN_TIMECREATE_AGGREGATE_PASS
2023-12-17,B2,69,0.8927536231884058,0.8601398601398601,345,286,c27ff782fde8d04ef06810fc0d3c575cfd76451950a561c67a407c009905333e,text,FROZEN_TIMECREATE_AGGREGATE_PASS
2023-12-17,B3,60,0.8443579766536965,0.832089552238806,257,268,4e528f8c5ee9db34457d573f8563ef2a1eaa5b7a9985bbc497df889199655507,text,FROZEN_TIMECREATE_AGGREGATE_PASS
2023-12-17,B4,75,0.9083333333333333,0.9233333333333333,360,300,f76b7e113659a264afc4ba78c4d8b5c966a0302e28068e35349436ba472caf4a,text,FROZEN_TIMECREATE_AGGREGATE_PASS
2023-12-17,B5,45,0.8253275109170306,0.7964601769911505,229,226,ebf118b5ddfea025441628615683502c534374493518c71738a382c8243253c7,text,FROZEN_TIMECREATE_AGGREGATE_PASS
2023-12-17,B6,72,0.8906752411575563,0.8579088471849866,311,373,912ac5b93a3df979784c47029fd82477a21b24af59828f3e77a4bd561a45139b,text,FROZEN_TIMECREATE_AGGREGATE_PASS
2023-12-17,B7,49,0.8125,0.8081632653061225,176,245,73d4b6bd991c98996e5c26354a2e8bef4fb140737992016d6ca3b36218e46095,text,FROZEN_TIMECREATE_AGGREGATE_PASS
2023-12-17,B8,64,0.8297872340425532,0.8289473684210527,282,304,8dd5073d01fcebb85c8037534582643080df22a82b20e859b608775f38a91a6e,text,FROZEN_TIMECREATE_AGGREGATE_PASS
2023-12-17,B9,53,0.8600823045267489,0.7663934426229508,243,244,afdfff341f59e2b89e6bba671cb542bb1c0632911e8ab90a535bec26c4feb76e,text,FROZEN_TIMECREATE_AGGREGATE_PASS
2023-12-17,B10,66,0.8585526315789473,0.8668639053254438,304,338,f7c5273b3bb9e2a20ea5bcb60989c5dcf05d3596cc83929b6f8f29f15cd5e8fb,text,FROZEN_TIMECREATE_AGGREGATE_PASS
2024-02-04,B1,50,0.8414634146341463,0.8494208494208494,246,259,8b6330a6d8264362f3bc49362d6564bbb1b7a214fd2535788343655c134da5aa,numeric,FROZEN_TIMECREATE_AGGREGATE_PASS
2024-02-04,B2,58,0.8651399491094147,0.89171974522293,393,314,65f1fc5d54a027ed3f740e93a009e3e068454951004813cb4fea7b536ca782bb,numeric,FROZEN_TIMECREATE_AGGREGATE_PASS
2024-02-04,B3,53,0.8531468531468531,0.9009009009009009,286,222,5279192cfa86b366046f04dd783f595f500aacf5e3dd8df8e6eb4708b7c4ed7a,numeric,FROZEN_TIMECREATE_AGGREGATE_PASS
2024-02-04,B4,51,0.8210862619808307,0.9,313,290,3916084e2c9690fc744045948b5d891dbb9a5042b1428b36275a364a434aeffd,numeric,FROZEN_TIMECREATE_AGGREGATE_PASS
2024-02-04,B5,41,0.88,0.8253275109170306,225,229,2fc288f60eea8d763844af8e53ac5c985b34bd0b405e87b01d08342f4626456b,numeric,FROZEN_TIMECREATE_AGGREGATE_PASS
2024-02-04,B6,57,0.8934426229508197,0.8604651162790697,366,301,4dee188610e918bd05b87cd018fe170afadeeaa7d7612bbc5425a5e959fb7b21,numeric,FROZEN_TIMECREATE_AGGREGATE_PASS
2024-02-04,B7,49,0.8564814814814815,0.8689138576779026,216,267,137a8dcda22f580298d3b8a21f661acf774d495e33ab7332a6cad2a342202058,numeric,FROZEN_TIMECREATE_AGGREGATE_PASS
2024-02-04,B8,63,0.9116809116809117,0.8979591836734694,351,343,a279b639c1c999d1ec8df0f2ff477c8f92a241d576705fc0aef94148d1d736b7,numeric,FROZEN_TIMECREATE_AGGREGATE_PASS
2024-02-04,B9,43,0.8728813559322034,0.7213740458015268,236,262,0215d64ff49ae50e4e17b67995e4b3edbf1bcfb7457518ef28f0ca75402dc9b1,numeric,FROZEN_TIMECREATE_AGGREGATE_PASS
2024-02-04,B10,65,0.8839506172839506,0.9148351648351648,405,364,33b8dbdb330dfd63393f358caab67fc8f6742d3725150145ca0127dde7c5cd14,numeric,FROZEN_TIMECREATE_AGGREGATE_PASS
2024-02-18,B1,51,0.9519650655021834,0.8220551378446115,229,399,a069cf2634996686e10c92750fd4b13fdc798e7d833663cdfcb04540f05bdca7,numeric,FROZEN_TIMECREATE_AGGREGATE_PASS
2024-02-18,B2,60,0.9176829268292683,0.8860510805500982,328,509,2829829365d3795998d17854a690975a61b892f809ecbf4dbf5d7d69fb237a8b,numeric,FROZEN_TIMECREATE_AGGREGATE_PASS
2024-02-18,B3,50,0.8844765342960289,0.8567639257294429,277,377,1796f26d13153df0b383143b89268b6f726821583be3ee0e1181d244e2fe7625,numeric,FROZEN_TIMECREATE_AGGREGATE_PASS
2024-02-18,B4,60,0.903125,0.8706140350877193,320,456,2b091c9614bf384feec57cb108fd77f04789a6b12a73723bf107197003e033e6,numeric,FROZEN_TIMECREATE_AGGREGATE_PASS
2024-02-18,B5,46,0.8793103448275862,0.8209459459459459,232,296,aff8a3797d55f2bf0ffb9533ef716ee2c78bf17ad3bab45ab4c9776a4f61d3f2,numeric,FROZEN_TIMECREATE_AGGREGATE_PASS
2024-02-18,B6,60,0.8761329305135952,0.8723776223776224,331,572,7c1360f2c43ba69c1a50e0422ba7a2326f4fda88637b1104135b250e65c1344e,numeric,FROZEN_TIMECREATE_AGGREGATE_PASS
2024-02-18,B7,46,0.9174757281553398,0.7542372881355932,206,354,a986547545b6c4eca9c91635bca3125d9f961d7deab4b43009fc4b609bde89cb,numeric,FROZEN_TIMECREATE_AGGREGATE_PASS
2024-02-18,B8,61,0.9239766081871345,0.8888888888888888,342,387,1fbe78eadcb62e99c6a4426ad980ea53d62415f74dca6f72b0bde39ba84d27ee,numeric,FROZEN_TIMECREATE_AGGREGATE_PASS
2024-02-18,B9,42,0.7714285714285715,0.8166666666666667,245,240,1b44dd2bea3bffb651f709fb86d26443a62b105785ff35c4a96430e094674d2d,numeric,FROZEN_TIMECREATE_AGGREGATE_PASS
2024-02-18,B10,50,0.9290322580645162,0.8305084745762712,310,354,586c8245f3ba5ed1acad82b3b7c9d4c890f767fc341c976361d03b0fc9106f28,numeric,FROZEN_TIMECREATE_AGGREGATE_PASS
2024-02-25,B1,40,0.812,0.8777292576419214,250,229,9bd4bb80126a8aebcd5a1843784a55805bb69910fec879a877cbd1fd69627104,numeric,FROZEN_TIMECREATE_AGGREGATE_PASS
2024-02-25,B2,59,0.877906976744186,0.9115853658536586,344,328,1bcc5e40dd0b34c8043724bd365bfb6401c86b46ad16b0d5c79bf62826ff9b56,numeric,FROZEN_TIMECREATE_AGGREGATE_PASS
2024-02-25,B3,43,0.8558951965065502,0.851985559566787,229,277,e0d3061a406f78d389ca9e5dce4a51b636a8f3b3a276c7034c9ada0e97a5069b,numeric,FROZEN_TIMECREATE_AGGREGATE_PASS
2024-02-25,B4,55,0.8515151515151516,0.865625,330,320,7df55b2e572ea1b47f773b52c746bc40cb358fe55478978c730b5cf905a0b866,numeric,FROZEN_TIMECREATE_AGGREGATE_PASS
2024-02-25,B5,46,0.8298755186721992,0.896551724137931,241,232,9f81f58300e15e2c21a2f61ec3146545e42b09b1ddabbd25dbcb674cef976f7e,numeric,FROZEN_TIMECREATE_AGGREGATE_PASS
2024-02-25,B6,56,0.9020771513353115,0.8851963746223565,337,331,5bb17782e378493e182978645e01d6efefb7fbcd704c1b352197c694710cc4b1,numeric,FROZEN_TIMECREATE_AGGREGATE_PASS
2024-02-25,B7,42,0.7533632286995515,0.8786407766990292,223,206,4d8e7b7cc21582c9a8c296e99074d6b92f610488525daf8011bac25c49196da9,numeric,FROZEN_TIMECREATE_AGGREGATE_PASS
2024-02-25,B8,56,0.907051282051282,0.9239766081871345,312,342,8cf7ff169d3d01c3c055264ee51c384796631639524df69b8ce1e671808bf569,numeric,FROZEN_TIMECREATE_AGGREGATE_PASS
2024-02-25,B9,38,0.8730964467005076,0.8122448979591836,197,245,55c6baf26fb172a7dabffb71d4e9184cdbce054fedcc3deca9be39f2b25ace14,numeric,FROZEN_TIMECREATE_AGGREGATE_PASS
2024-02-25,B10,50,0.8283828382838284,0.896774193548387,303,310,1c9b7d2219f28682d979e6d859707bd6b441a6e1f4f36185c4632ef1825826dd,numeric,FROZEN_TIMECREATE_AGGREGATE_PASS
2024-03-03,B1,50,0.8326848249027238,0.904,257,250,0ae3ecf369ebe77f4a77b652c6bcfd530fbfa64ed77ce796099b23a83e2d2e20,numeric,FROZEN_TIMECREATE_AGGREGATE_PASS
2024-03-03,B2,61,0.8921568627450981,0.877906976744186,306,344,81e7b21d10002466b432014abeca533ffec790e29eac86e45dc45b9f9aa8558d,numeric,FROZEN_TIMECREATE_AGGREGATE_PASS
2024-03-03,B3,48,0.8531746031746031,0.8951965065502183,252,229,74311944a0f626ba41871f6f75d29820637c846c8804f236aae3ff40a76ce996,numeric,FROZEN_TIMECREATE_AGGREGATE_PASS
2024-03-03,B4,54,0.8712121212121212,0.8636363636363636,396,330,bf52456166f4038f8492f3dbd5eb1fb4efcba3ef2ca572d4111684d00e40c9d0,numeric,FROZEN_TIMECREATE_AGGREGATE_PASS
2024-03-03,B5,42,0.8860759493670886,0.8174273858921162,237,241,ebe1f2faa9baa090f608c6cfd62b3231ff870c9571ce7f5d7dc191b1fcef4648,numeric,FROZEN_TIMECREATE_AGGREGATE_PASS
2024-03-03,B6,60,0.8654970760233918,0.9317507418397626,342,337,7ca19718fc1c55b980fa4daa23777fdbd695a1b5ae5a06d28a5c65da42afc7ea,numeric,FROZEN_TIMECREATE_AGGREGATE_PASS
2024-03-03,B7,48,0.8666666666666667,0.8475336322869955,225,223,122b8abfa798f513eea24001233f3f7e9f5558be6f4c01cb3d6954da5a2c8de2,numeric,FROZEN_TIMECREATE_AGGREGATE_PASS
2024-03-03,B8,61,0.912,0.8942307692307693,375,312,06c018f85951bb5a9fecdd6250522ea18b8966f6110c12dabfec557f2935476d,numeric,FROZEN_TIMECREATE_AGGREGATE_PASS
2024-03-03,B9,42,0.7839721254355401,0.949238578680203,287,197,8dd50bdd637831cdbbd538c57f6d7a9a0e2c36f35c629528d7dff581f9e676cf,numeric,FROZEN_TIMECREATE_AGGREGATE_PASS
2024-03-03,B10,58,0.873900293255132,0.8877887788778878,341,303,30144a9e6d53b00cc5d53ad514740cbb3799e60e08c493220019b620c48a24f7,numeric,FROZEN_TIMECREATE_AGGREGATE_PASS
2024-03-10,B1,46,0.8962655601659751,0.7626459143968871,241,257,cb0d593bbb41ba067ee98a01b8847a652b5df5559a04af2d712c3aa7f3e479aa,numeric,FROZEN_TIMECREATE_AGGREGATE_PASS
2024-03-10,B2,56,0.8674698795180723,0.8594771241830066,332,306,9198a6fa5ad45b979c87a7051670c9ef5d42c0d7de4ff88cd5e0ad7f1c937aea,numeric,FROZEN_TIMECREATE_AGGREGATE_PASS
2024-03-10,B3,50,0.8928571428571429,0.8333333333333334,224,252,1f09963370f49524bf03a41f61d0df375c0b4e76a6f8a47d0d35052519fa79bd,numeric,FROZEN_TIMECREATE_AGGREGATE_PASS
2024-03-10,B4,58,0.8997214484679665,0.8686868686868687,359,396,4367f1e4fc7abbe50c018d204fc8788b7b5e1c260f7b5c5aa75396340e0b5dc8,numeric,FROZEN_TIMECREATE_AGGREGATE_PASS
2024-03-10,B5,38,0.8376068376068376,0.8438818565400844,234,237,dde2d0da8d1286922b0156dfe2f3c1d88deb2d7fcd371f73bc74945db0d138e4,numeric,FROZEN_TIMECREATE_AGGREGATE_PASS
2024-03-10,B6,59,0.8766666666666667,0.8391812865497076,300,342,9a041165df51e4e061ef354247a825443a5f0264ac6b21087b05440024cd4d4a,numeric,FROZEN_TIMECREATE_AGGREGATE_PASS
2024-03-10,B7,45,0.8497409326424871,0.8311111111111111,193,225,77bda316905b90071034953ae48662292a993d2b3c45c263a9f7c8a5f7b46993,numeric,FROZEN_TIMECREATE_AGGREGATE_PASS
2024-03-10,B8,66,0.9019607843137255,0.9093333333333333,306,375,06017be72fe81a8640932ea6b3c0509065a1f452325bc3ab02e2372fb5f8a1e7,numeric,FROZEN_TIMECREATE_AGGREGATE_PASS
2024-03-10,B9,47,0.8591549295774648,0.8606271777003485,213,287,40e2efaf92dcd164814bf6747a86331e0b8989819c01bbe375ca2cf7540b779e,numeric,FROZEN_TIMECREATE_AGGREGATE_PASS
2024-03-10,B10,55,0.8879310344827587,0.8592375366568915,348,341,2dd7a2d096bd77318309a06fa5aceadb49a735520ce74c567302ec6fe2788287,numeric,FROZEN_TIMECREATE_AGGREGATE_PASS
2024-03-17,B1,45,0.7983870967741935,0.8838174273858921,248,241,fa0809fc51283094f28e6b459f284b30c13be041a8ef524d0cc3b034a0ac7046,numeric,FROZEN_TIMECREATE_AGGREGATE_PASS
2024-03-17,B2,57,0.8741496598639455,0.8945783132530121,294,332,a89fe901eb8f111a1e95a809076ea8f19bf705c980c32fd6454ff393d8511358,numeric,FROZEN_TIMECREATE_AGGREGATE_PASS
2024-03-17,B3,48,0.8203125,0.8794642857142857,256,224,9bc7225f26892db0c21f946e36d9feb3485bb2dd50519166e2f10b1bb0408d9c,numeric,FROZEN_TIMECREATE_AGGREGATE_PASS
2024-03-17,B4,58,0.8717277486910995,0.883008356545961,382,359,9844f395cf2397747e3e9307008972736a5c62912b70db017fdf1aab480d954d,numeric,FROZEN_TIMECREATE_AGGREGATE_PASS
2024-03-17,B5,39,0.8211382113821138,0.8290598290598291,246,234,cbddcf67c55b6055165279de43bbfdfd28e79d043793adbbf696aa5714daf3cc,numeric,FROZEN_TIMECREATE_AGGREGATE_PASS
2024-03-17,B6,56,0.8563685636856369,0.85,369,300,6a09c4a64935619dd6faa0cfdf01db650c93385531e6ceb17cd0944ae0b697f7,numeric,FROZEN_TIMECREATE_AGGREGATE_PASS
2024-03-17,B7,45,0.8760330578512396,0.8652849740932642,242,193,515997f5405fc0ba0b40224efd4214a0fc8c48574529ead5d59dd5ef9cea2fac,numeric,FROZEN_TIMECREATE_AGGREGATE_PASS
2024-03-17,B8,64,0.8727810650887574,0.8856209150326797,338,306,c9ef98f85e762aaecf45a8beaaeb5767ca9cbc143bdbe5a26fe341f5289251e5,numeric,FROZEN_TIMECREATE_AGGREGATE_PASS
2024-03-17,B9,44,0.8675213675213675,0.8403755868544601,234,213,80c5164acab6a4242fba20edd7a9d012aafd576543a249e2485964d4e36fca65,numeric,FROZEN_TIMECREATE_AGGREGATE_PASS
2024-03-17,B10,55,0.8841698841698842,0.8706896551724138,259,348,f3b66f9fd87f2490e27ddbca2a6ca02b4824a43686ad85439503989bd7783be7,numeric,FROZEN_TIMECREATE_AGGREGATE_PASS
2024-03-24,B1,54,0.8764044943820225,0.8548387096774194,267,248,bef4d5491dae8e57e8e9104d2e64c2adbad149fa6f913b015b758a78e3f82946,numeric,FROZEN_TIMECREATE_AGGREGATE_PASS
2024-03-24,B2,58,0.8873239436619719,0.9081632653061225,355,294,68dc87ab2e31366b87eecc05bf9465c12da40d40019931fc61d48131d37c15a0,numeric,FROZEN_TIMECREATE_AGGREGATE_PASS
2024-03-24,B3,44,0.8418803418803419,0.78515625,234,256,c78ac064c3439cd10cb3a50c3139af322d2e52330a6c2a0781d582435772a036,numeric,FROZEN_TIMECREATE_AGGREGATE_PASS
2024-03-24,B4,63,0.9101449275362319,0.9031413612565445,345,382,717778dfe9805969df54205c3ac16450ea9e958620c46e4fa045fd898cf718da,numeric,FROZEN_TIMECREATE_AGGREGATE_PASS
2024-03-24,B5,41,0.8484848484848485,0.8170731707317073,231,246,c752df5b5d7f892f0eedf9e96c9a5d99b7c63d8e2bbd042f95ba405879480575,numeric,FROZEN_TIMECREATE_AGGREGATE_PASS
2024-03-24,B6,63,0.8766404199475065,0.8970189701897019,381,369,7552f93c8eab8740f9d9f742b9c9fc54a9a6aafaeef2507034f2a82eeea8279f,numeric,FROZEN_TIMECREATE_AGGREGATE_PASS
2024-03-24,B7,49,0.88,0.8925619834710744,250,242,08697c5b51b7147a764cabceef64380c9c95dbd178d99b8d8886178beb48801f,numeric,FROZEN_TIMECREATE_AGGREGATE_PASS
2024-03-24,B8,66,0.8979591836734694,0.8668639053254438,392,338,371a62a0cf586c8693c16cc9ab5c99a22572789d15d95612b7e5d832984e8e28,numeric,FROZEN_TIMECREATE_AGGREGATE_PASS
2024-03-24,B9,42,0.7711864406779662,0.8675213675213675,236,234,57c66c536d22c94aff5a16441ff6ea2339282c0ae5a3622948ae697e920e3cc6,numeric,FROZEN_TIMECREATE_AGGREGATE_PASS
2024-03-24,B10,56,0.8354978354978355,0.915057915057915,462,259,0ccdce3e4120273c595f37da0ebc13a89557d1d6d88459af2ff35da488ad88d7,numeric,FROZEN_TIMECREATE_AGGREGATE_PASS
2024-03-31,B1,54,0.8318181818181818,0.8651685393258427,220,267,f43330da0f8de0adf6f7fe720c107a17762199b585920d6210bb024d86cee92c,numeric,FROZEN_TIMECREATE_AGGREGATE_PASS
2024-03-31,B2,58,0.9050445103857567,0.8929577464788733,337,355,9475f9159890002b203b4d84cd4cbb83beedee0f539432ad5778d0cafe9707ea,numeric,FROZEN_TIMECREATE_AGGREGATE_PASS
2024-03-31,B3,48,0.8222222222222222,0.9017094017094017,225,234,37cbb8fea2d4eb878f75ff0ac15fc9f363b4064d7b07874db9918c881ec578de,numeric,FROZEN_TIMECREATE_AGGREGATE_PASS
2024-03-31,B4,64,0.9090909090909091,0.9043478260869565,363,345,80d02626ecf868372187fa3a0bca6733a7fb8959b10fbb707936fe01b3a0e0b0,numeric,FROZEN_TIMECREATE_AGGREGATE_PASS
2024-03-31,B5,38,0.7280701754385965,0.8398268398268398,228,231,d91c17e092306810b43a0b0d45c05a9a3c2ac89773ff5961059ede258b603d41,numeric,FROZEN_TIMECREATE_AGGREGATE_PASS
2024-03-31,B6,68,0.8928571428571429,0.931758530183727,364,381,222c718cd65649db1a280ca5e3f4af406b37280636a04f0a7d662509277b8d8c,numeric,FROZEN_TIMECREATE_AGGREGATE_PASS
2024-03-31,B7,40,0.8538812785388128,0.812,219,250,5cee75d4cec0dd5cd926baa11ccd91b2279a900cb36dfa956b9b951ac009a6d8,numeric,FROZEN_TIMECREATE_AGGREGATE_PASS
2024-03-31,B8,67,0.9021479713603818,0.9158163265306123,419,392,30addd7f1142df5db841a3fe7540a8a6cf9ca5ce40b8c9b9eaa5dab18f80f0f8,numeric,FROZEN_TIMECREATE_AGGREGATE_PASS
2024-03-31,B9,48,0.85,0.8220338983050848,220,236,130ec7c4dbb1b1ebff0193d180f6a0e02b6fa3841e29dc720d784d32de8459e3,numeric,FROZEN_TIMECREATE_AGGREGATE_PASS
2024-03-31,B10,63,0.9446064139941691,0.8593073593073594,343,462,6ec14d781e25919d5626c4de1c83f140cbab68b000fb45e1b5b0c61ac2bc1848,numeric,FROZEN_TIMECREATE_AGGREGATE_PASS
2024-04-07,B1,50,0.8423076923076923,0.8,260,220,455f4142eed83f6b753e6dd2ff0f5425e6734eeef6ffcf583741ce34155f93e0,numeric,FROZEN_TIMECREATE_AGGREGATE_PASS
2024-04-07,B2,60,0.8155080213903744,0.9050445103857567,374,337,a26c94ed78a1af551f8639194ad53d43d188008a876be24973c3d032d7f71967,numeric,FROZEN_TIMECREATE_AGGREGATE_PASS
2024-04-07,B3,49,0.868995633187773,0.8444444444444444,229,225,53c8bb1921eb47e11a4f45c82ba440bea8a7e70cc4e9eafb251b4655ac479157,numeric,FROZEN_TIMECREATE_AGGREGATE_PASS
2024-04-07,B4,65,0.9230769230769231,0.9228650137741047,338,363,1384352f5fd5e957c44dfd5305109f0e2ef65e7f6705b499dc3509d860d650b5,numeric,FROZEN_TIMECREATE_AGGREGATE_PASS
2024-04-07,B5,43,0.8283261802575107,0.8114035087719298,233,228,67450982c0228153948251f786afe95b40586aef1d2ce474fc186ae40fcf91ec,numeric,FROZEN_TIMECREATE_AGGREGATE_PASS
2024-04-07,B6,62,0.9381443298969072,0.8379120879120879,291,364,97816980ac257744e0c16cabbe778ffaea02febd257ceffe2635805d2780bcc5,numeric,FROZEN_TIMECREATE_AGGREGATE_PASS
2024-04-07,B7,47,0.627831715210356,0.9178082191780822,309,219,ce12cd7fd013dc194c4727f0123f3dcbf8a51fb03baeb8b70ef8861b35ef720a,numeric,FROZEN_TIMECREATE_AGGREGATE_PASS
2024-04-07,B8,65,0.7430555555555556,0.8949880668257757,288,419,fa4ee5313b32fb2e069fdc6026c50226b02884503e1701b7dda6bbfca690c9c8,numeric,FROZEN_TIMECREATE_AGGREGATE_PASS
2024-04-07,B9,50,0.8857142857142857,0.8727272727272727,245,220,fb6225f47990949a421d7ff35936d5e45f4beb75833effad6a3b2294d7aa9380,numeric,FROZEN_TIMECREATE_AGGREGATE_PASS
2024-04-07,B10,58,0.8930635838150289,0.9096209912536443,346,343,914ed4dcee4b7b125474090c07de686c6bf025f29de38a736c9814f70876a7f6,numeric,FROZEN_TIMECREATE_AGGREGATE_PASS
2024-04-14,B1,48,0.8924731182795699,0.8461538461538461,279,260,474cb0cf2e9444247c2e8c2a47e5f893decedf8bab08b440469edb6482d64586,numeric,FROZEN_TIMECREATE_AGGREGATE_PASS
2024-04-14,B2,64,0.8990825688073395,0.8128342245989305,327,374,eacbf3f143c0283e648949a4131f8f025db85f025e7dd4bb800adb58accd4d82,numeric,FROZEN_TIMECREATE_AGGREGATE_PASS
2024-04-14,B3,52,0.8333333333333334,0.8908296943231441,240,229,4a28821c77ed5f4c624c48144cf400db5dc0360e20f04d023ca15b0c140255fa,numeric,FROZEN_TIMECREATE_AGGREGATE_PASS
2024-04-14,B4,61,0.8724637681159421,0.8964497041420119,345,338,fb83f83cb3d9304d1e7a4af97e33070cf30ac47888206ec959b72b721396cbe3,numeric,FROZEN_TIMECREATE_AGGREGATE_PASS
2024-04-14,B5,46,0.8397212543554007,0.8669527896995708,287,233,064e2b33ff614836b63e989a6e0abf754769704d20864490d12a4d1e5e4b871f,numeric,FROZEN_TIMECREATE_AGGREGATE_PASS
2024-04-14,B6,60,0.8431952662721893,0.9175257731958762,338,291,f75b38f28b5ede0a10de28452270cc95f0966ba69664ab12380b2a1969b6819b,numeric,FROZEN_TIMECREATE_AGGREGATE_PASS
2024-04-14,B7,48,0.875,0.6213592233009708,224,309,a146e63142058f5c92a7710d8bea78bb768db963e7d13045c4e8175458dc1078,numeric,FROZEN_TIMECREATE_AGGREGATE_PASS
2024-04-14,B8,56,0.8910891089108911,0.6701388888888888,303,288,5fe60d0c6fcc17543aff49e9c2c4d8b6b1e10afee0cc9c828cd9fb625d561ad2,numeric,FROZEN_TIMECREATE_AGGREGATE_PASS
2024-04-14,B9,50,0.8836206896551724,0.8734693877551021,232,245,4a9372b80387cf1f119e5d3b59eac95e53f78b4b4ea6d6a8bdc38325fa0e55b5,numeric,FROZEN_TIMECREATE_AGGREGATE_PASS
2024-04-14,B10,63,0.8686131386861314,0.9046242774566474,411,346,62008678e0a33a843052512560740313b70125673f8e20ead5b3da4f0d3dc5ad,numeric,FROZEN_TIMECREATE_AGGREGATE_PASS
2024-04-21,B1,46,0.876,0.8602150537634409,250,279,cf29cf8c19bdde58a5319aecf7ffbabec38e277fe03e33e7c3f8692fe1260a97,numeric,FROZEN_TIMECREATE_AGGREGATE_PASS
2024-04-21,B2,61,0.9096774193548387,0.8746177370030581,310,327,3e6f3dfc11c8e6980287f0f4f72e96ff53239a8dc1eac40528a59fb51bc857f0,numeric,FROZEN_TIMECREATE_AGGREGATE_PASS
2024-04-21,B3,50,0.8995633187772926,0.8,229,240,fa2597e8694a8b8905c5b6e585924f757d9349eb014f1f43d2549f170faaaba0,numeric,FROZEN_TIMECREATE_AGGREGATE_PASS
2024-04-21,B4,60,0.8690807799442897,0.8666666666666667,359,345,452d5201592e86d4e3018e9b2c6875e95e0b9cb8ad1dfa78f52e68a9dd23c38d,numeric,FROZEN_TIMECREATE_AGGREGATE_PASS
2024-04-21,B5,46,0.8766519823788547,0.8048780487804879,227,287,42547f5d8029fe0c19f94f56fd485b77a57ae4754554eca1e9c184ca2936be02,numeric,FROZEN_TIMECREATE_AGGREGATE_PASS
2024-04-21,B6,65,0.94,0.8698224852071006,300,338,2a8b63aeaf81f81526adbd01979bd2e106e7183e2fe15d3843a8e7cacb659e93,numeric,FROZEN_TIMECREATE_AGGREGATE_PASS
2024-04-21,B7,46,0.84,0.8348214285714286,225,224,220245f6f37dfa857b171f4e0abd1c1c47f27545498de68fe0203ecbe4870aba,numeric,FROZEN_TIMECREATE_AGGREGATE_PASS
2024-04-21,B8,58,0.8731117824773413,0.9306930693069307,331,303,7437b8116bd7f1abccac450bb47c136f35920f7b46a2c20b68b3ba0119575f46,numeric,FROZEN_TIMECREATE_AGGREGATE_PASS
2024-04-21,B9,46,0.8807339449541285,0.8362068965517241,218,232,50749926340b6efc55e769f5054966400184826708c66635a55edd25ecc35800,numeric,FROZEN_TIMECREATE_AGGREGATE_PASS
2024-04-21,B10,71,0.9326145552560647,0.9367396593673966,371,411,292c36ff7eebaa2a0347eb3fbb49fc2701c15e77faf73dc28d11027e41e30857,numeric,FROZEN_TIMECREATE_AGGREGATE_PASS
2024-04-28,B1,43,0.8326693227091634,0.868,251,250,be1f75a1b4a5b0fa0b9b10c908453151368d99e5013f65e9fe7c02debdc1dd5e,numeric,FROZEN_TIMECREATE_AGGREGATE_PASS
2024-04-28,B2,59,0.875,0.8935483870967742,360,310,16cc389b301fb582f621f924d2e472d81dde6c0396e3ad4dce59633b0259efe7,numeric,FROZEN_TIMECREATE_AGGREGATE_PASS
2024-04-28,B3,48,0.8063241106719368,0.9082969432314411,253,229,bed3e072d4824036d37261d7c775338dff09bdd81ad9a028c2bf1eb71f40757a,numeric,FROZEN_TIMECREATE_AGGREGATE_PASS
2024-04-28,B4,68,0.8601823708206687,0.9136490250696379,329,359,69604e47ee8c0111ecc97c81a16c6c99221b91f0b4236575ebe4883480e76d34,numeric,FROZEN_TIMECREATE_AGGREGATE_PASS
2024-04-28,B5,47,0.8220338983050848,0.8149779735682819,236,227,f8c904c8ed011a4a97dec08555b33f6a00b12189d68b5ac12d05ad2d44f0f2f1,numeric,FROZEN_TIMECREATE_AGGREGATE_PASS
2024-04-28,B6,60,0.8609467455621301,0.9233333333333333,338,300,25a2d1775fd598c771bfbd426f74f5170477b17773ca3e173a07ae814eb382b7,numeric,FROZEN_TIMECREATE_AGGREGATE_PASS
2024-04-28,B7,45,0.8669354838709677,0.8577777777777778,248,225,4489414afaab7c75286bd3d745547aecd9be204e2fdb328029808944aa94ca81,numeric,FROZEN_TIMECREATE_AGGREGATE_PASS
2024-04-28,B8,67,0.9184210526315789,0.9093655589123867,380,331,c0bfb2bb8cc4d4635de4546747103b3edbeac73527a968f58bbf3b609c956ce0,numeric,FROZEN_TIMECREATE_AGGREGATE_PASS
2024-04-28,B9,45,0.8526785714285714,0.8394495412844036,224,218,c7226588494394247e3368e8cb0f4849f47f811a9158416754609e5d7db46c12,numeric,FROZEN_TIMECREATE_AGGREGATE_PASS
2024-04-28,B10,64,0.9255014326647565,0.9110512129380054,349,371,f3e6f2be863bfe3fa2569b3459cffe4cff71e3ae8fc330582b00b6edf82ee2cf,numeric,FROZEN_TIMECREATE_AGGREGATE_PASS
2024-05-05,B1,52,0.8781362007168458,0.9203187250996016,279,251,f7c04358afee1641db10cfc0c5d0dc3681dcbc0789de6c823964958c6bb7fdb4,numeric,FROZEN_TIMECREATE_AGGREGATE_PASS
2024-05-05,B2,63,0.8940092165898618,0.9222222222222223,434,360,b9c41dd25ff9e57904caf27448305397773c5f60aecc3be7e7721b54187db991,numeric,FROZEN_TIMECREATE_AGGREGATE_PASS
2024-05-05,B3,53,0.9094488188976378,0.841897233201581,254,253,b9edcd07892c4fc9f761291db88ebd923393bec69c691d5c600c6d1fff9b7d17,numeric,FROZEN_TIMECREATE_AGGREGATE_PASS
2024-05-05,B4,65,0.9220430107526881,0.8966565349544073,372,329,2f854037f0ba6f72d53c1989b00b1d59b933f17fb72549d36568989f1ca7469f,numeric,FROZEN_TIMECREATE_AGGREGATE_PASS
2024-05-05,B5,50,0.751004016064257,0.8771186440677966,249,236,3b22583a17de87364be370ceda18f579e5b3b156a915a0b40ce5ade87e60bced,numeric,FROZEN_TIMECREATE_AGGREGATE_PASS
2024-05-05,B6,66,0.8940568475452196,0.9260355029585798,387,338,7ff731e2d2caf4f773a9f9731552b9b42a19c8e8c8aa9f237c419b712dac07ba,numeric,FROZEN_TIMECREATE_AGGREGATE_PASS
2024-05-05,B7,46,0.8609271523178808,0.8911290322580645,302,248,0f9dc86763e277a15c41a17bb34d5ae9bdef46d117b104e2ca30d9baa4c10812,numeric,FROZEN_TIMECREATE_AGGREGATE_PASS
2024-05-05,B8,65,0.9242819843342036,0.9289473684210526,383,380,45e4598c604b704b37024c7d8fe55a5e64d6ccda1033619933f311e4ec488fd4,numeric,FROZEN_TIMECREATE_AGGREGATE_PASS
2024-05-05,B9,45,0.8565891472868217,0.875,258,224,fbb79967bfe79b28310cf870d6c0eb1abe249acea27c805377c2300706aac6e3,numeric,FROZEN_TIMECREATE_AGGREGATE_PASS
2024-05-05,B10,63,0.8862973760932945,0.8997134670487106,343,349,85076b77eca4aed6972c94d6075a9a18b306f76b39d50cec142562f1ac465e07,numeric,FROZEN_TIMECREATE_AGGREGATE_PASS
2024-05-12,B1,51,0.8754863813229572,0.8494623655913979,257,279,f3ac6d2aa80f56f2735b4e3d360987b5a4ecff2a2c20b5e95c8d5709052d488a,numeric,FROZEN_TIMECREATE_AGGREGATE_PASS
2024-05-12,B2,63,0.9252336448598131,0.8663594470046083,321,434,1414d28cae9a61e0596c941c0ba38beb2f9eba74c2a4b29502aecffb8ce36534,numeric,FROZEN_TIMECREATE_AGGREGATE_PASS
2024-05-12,B3,50,0.8280701754385965,0.8818897637795275,285,254,6ca92a3b27dc3f78be27688a6a12f0cea159fa17c41bdc891e00f112788e189d,numeric,FROZEN_TIMECREATE_AGGREGATE_PASS
2024-05-12,B4,64,0.9022988505747126,0.8870967741935484,348,372,c98e85f8b9eb2242ad1715a631a1953f87982d85fbf418e0ab36f6c7f4f0d72f,numeric,FROZEN_TIMECREATE_AGGREGATE_PASS
2024-05-12,B5,47,0.8163265306122449,0.8152610441767069,245,249,454c3e2842062f21e00dea0af49ca2312e622bd79ca1d2b5d15d4a3055cca9da,numeric,FROZEN_TIMECREATE_AGGREGATE_PASS
2024-05-12,B6,67,0.8943298969072165,0.9095607235142119,388,387,89f42172446cc2c511c860b00fd63a8af5ed69728b6f284990fe34b52cd0eae0,numeric,FROZEN_TIMECREATE_AGGREGATE_PASS
2024-05-12,B7,53,0.8611111111111112,0.8079470198675497,216,302,fd40ad8971bbf122defc34cb7d68f94ad3acb8ce1352f9af2f6ff1ae55141697,numeric,FROZEN_TIMECREATE_AGGREGATE_PASS
2024-05-12,B8,62,0.878419452887538,0.8877284595300261,329,383,92a7c3a9a714e4177ca2452949c95b5e50947ab93e2a7d4b04a4207aa582de0a,numeric,FROZEN_TIMECREATE_AGGREGATE_PASS
2024-05-12,B9,50,0.857707509881423,0.9031007751937985,253,258,5ec5efa54cd4425fed6660ebbd6654514a0e3ef3f4624ec7b5e99f654be9054d,numeric,FROZEN_TIMECREATE_AGGREGATE_PASS
2024-05-12,B10,59,0.9261538461538461,0.8658892128279884,325,343,de14f782e845c1ac14ecf10948b4ba9c8c2e102aaf3fc8a324f66c6d83955b8f,numeric,FROZEN_TIMECREATE_AGGREGATE_PASS
2024-05-19,B1,55,0.902542372881356,0.9105058365758755,236,257,90a4f31e1d2b7a1a687590adc50ed52a3326d2eb0ec87d6d229b4e4e9b3e7d5a,numeric,FROZEN_TIMECREATE_AGGREGATE_PASS
2024-05-19,B2,56,0.8571428571428571,0.9003115264797508,294,321,e1523adbedfc3c5c8f5dfdc6d711b8f23aff586b97cf5f2efaf97916899e7d9c,numeric,FROZEN_TIMECREATE_AGGREGATE_PASS
2024-05-19,B3,52,0.9058823529411765,0.8385964912280702,255,285,1aaf07402442b6e662aef05dd063fb3b5d05f7394b69f416a7d5f2b736d5951d,numeric,FROZEN_TIMECREATE_AGGREGATE_PASS
2024-05-19,B4,65,0.8888888888888888,0.896551724137931,351,348,a97fc000fa90b93c070ff564afd33daf7047f53974236652f03535deea587907,numeric,FROZEN_TIMECREATE_AGGREGATE_PASS
2024-05-19,B5,46,0.8225806451612904,0.8204081632653061,248,245,5b64720f356502e121956fc029227d573b212c352dbb8395192a82be007f2caf,numeric,FROZEN_TIMECREATE_AGGREGATE_PASS
2024-05-19,B6,72,0.9487179487179487,0.9097938144329897,312,388,49f7478c77a9113610c2edd99823e7fd6ee0083323415f23b88cf5392ab2739b,numeric,FROZEN_TIMECREATE_AGGREGATE_PASS
2024-05-19,B7,43,0.7649122807017544,0.8148148148148148,285,216,3dc506e30722ba559f0b0a8c2c1d24200d92ff081a93703ca43f05d9737a9bc8,numeric,FROZEN_TIMECREATE_AGGREGATE_PASS
2024-05-19,B8,68,0.9243243243243243,0.9148936170212766,370,329,fb33b088ad6a948cf9cc441d0c6d63ffeadc0252d47e07907ba3e76c2fe0092a,numeric,FROZEN_TIMECREATE_AGGREGATE_PASS
2024-05-19,B9,47,0.8119266055045872,0.8537549407114624,218,253,1596d76ea1800b35571b523319c42c7c48f8790d0bad207e19a6b996a024ef15,numeric,FROZEN_TIMECREATE_AGGREGATE_PASS
2024-05-19,B10,58,0.8529411764705882,0.9107692307692308,374,325,357c9a623af1d468d042d002aa3b8c2c7275fe0b7c810a9e9b9edc25f0b7e309,numeric,FROZEN_TIMECREATE_AGGREGATE_PASS
2024-06-02,B1,51,0.8353413654618473,0.9041095890410958,249,219,7072b1c00fb7b6806019da29ed89153f5b5f53f7bde43336ae55b0c879aa0634,numeric,FROZEN_TIMECREATE_AGGREGATE_PASS
2024-06-02,B2,56,0.8862068965517241,0.853035143769968,290,313,e07ccab3e7b84ce942e7630b15f4890c1a3763ae8b167032a82e2ddbee97bd7d,numeric,FROZEN_TIMECREATE_AGGREGATE_PASS
2024-06-02,B3,51,0.8844621513944223,0.8755020080321285,251,249,a8a61d852ce98092fc4c73e7c2729344a4e76a229657e48fee200f7e5dca08a7,numeric,FROZEN_TIMECREATE_AGGREGATE_PASS
2024-06-02,B4,61,0.8774928774928775,0.8987730061349694,351,326,04008c6503f4ee0673b07f5132cd658c3d3d8e189a6206addb041666fadce844,numeric,FROZEN_TIMECREATE_AGGREGATE_PASS
2024-06-02,B5,44,0.8768472906403941,0.819327731092437,203,238,1bfce789ed846cb9af5098aa20d6872bdf0ba260a5a609ee254bae920c2a1d39,numeric,FROZEN_TIMECREATE_AGGREGATE_PASS
2024-06-02,B6,68,0.9122340425531915,0.9160671462829736,376,417,b23652cb64a33e0d76a3c3f5696c7bf35fdd0f15edef7219c3c0aeb451352ab8,numeric,FROZEN_TIMECREATE_AGGREGATE_PASS
2024-06-02,B7,49,0.8007380073800738,0.9121951219512195,271,205,bd0ba6b00b94db56135a6c4d267f521dea97d974759a6db22af5990916282033,numeric,FROZEN_TIMECREATE_AGGREGATE_PASS
2024-06-02,B8,61,0.8817204301075269,0.9187675070028011,372,357,5b5c938d53f5625c0b89fc429935fcaf0a5b4510a6833e7c7f967d73783418e5,numeric,FROZEN_TIMECREATE_AGGREGATE_PASS
2024-06-02,B9,47,0.8483606557377049,0.871900826446281,244,242,22f12387aaa8b78ada78767299c1f1877606d3f3f986f863ace99ba9fa86ad26,numeric,FROZEN_TIMECREATE_AGGREGATE_PASS
2024-06-02,B10,59,0.8547945205479452,0.939297124600639,365,313,3bb4ee158058b0316e86e73df5dca2db05f38b382fcc1ddf340ce5d4da008597,numeric,FROZEN_TIMECREATE_AGGREGATE_PASS
2024-06-09,B1,51,0.8947368421052632,0.7911646586345381,247,249,62a6c76d0ac8f6623a50d4265f13a9c480b795bb6e4f7978175a9e8b4897bdc1,numeric,FROZEN_TIMECREATE_AGGREGATE_PASS
2024-06-09,B2,57,0.8878205128205128,0.8896551724137931,312,290,64f239f19b48d0cafa5ad99b842bbd3b33bf60b784651386bbf83df407bff44b,numeric,FROZEN_TIMECREATE_AGGREGATE_PASS
2024-06-09,B3,52,0.8902439024390244,0.8645418326693227,246,251,1997942740ce0e247ff8830fbe1caf1996ad05ab57299abc24a6262184408746,numeric,FROZEN_TIMECREATE_AGGREGATE_PASS
2024-06-09,B4,56,0.9041533546325878,0.8461538461538461,313,351,efeb264c66a97d6b2da08d2c090be2190af3d7a57fd8e972e3eba2104289aaa9,numeric,FROZEN_TIMECREATE_AGGREGATE_PASS
2024-06-09,B5,44,0.8678414096916299,0.8916256157635468,227,203,7f3d427c33864e067f0a65fdabaa1f2c289ef3db1c2ab87e802dcf41c2327713,numeric,FROZEN_TIMECREATE_AGGREGATE_PASS
2024-06-09,B6,65,0.9161490683229814,0.9175531914893617,322,376,fdda3b118a47535db0c44b684cca3889399b6245c94f61f412c52b57b78fc7b6,numeric,FROZEN_TIMECREATE_AGGREGATE_PASS
2024-06-09,B7,50,0.8923076923076924,0.8265682656826568,195,271,587b0cc19c5217ea5d5efaabba7e0afb249333219259fc8af3a738656d2fa4e8,numeric,FROZEN_TIMECREATE_AGGREGATE_PASS
2024-06-09,B8,59,0.9174311926605505,0.8817204301075269,327,372,4c585b800ae2f891c2fff36c013f53be68242a24bff18695205d0975bac8ada4,numeric,FROZEN_TIMECREATE_AGGREGATE_PASS
2024-06-09,B9,48,0.8979591836734694,0.8401639344262295,196,244,f13bc52d60808816c651b821508b4573d85485bca37a4995228ad2eceaead5a1,numeric,FROZEN_TIMECREATE_AGGREGATE_PASS
2024-06-09,B10,68,0.9442724458204335,0.9041095890410958,323,365,cb6ff566042d3b157003506ae340cf6442f32cf5778c592d247186013a9a7a4f,numeric,FROZEN_TIMECREATE_AGGREGATE_PASS
2024-06-16,B1,48,0.834061135371179,0.8825910931174089,229,247,70ee69e3ef9927fabf9fad23ca56c64029c73465544aa3216d215f462d528417,numeric,FROZEN_TIMECREATE_AGGREGATE_PASS
2024-06-16,B2,54,0.8881118881118881,0.8653846153846154,286,312,36d0ce88b1b0f59b93dae7a32f17f26059daa2eb33eb09d1bd2d6c141db66521,numeric,FROZEN_TIMECREATE_AGGREGATE_PASS
2024-06-16,B3,49,0.8818565400843882,0.8739837398373984,237,246,34760e3a5ba3e7d3d153fe60d8892ed41570e41544ed616fe4fe91f76d9850b7,numeric,FROZEN_TIMECREATE_AGGREGATE_PASS
2024-06-16,B4,53,0.8651315789473685,0.8817891373801917,304,313,526251371e05d4cff5c41fb6ea90f9b0ca5677a14cf70d3195daab2a95008490,numeric,FROZEN_TIMECREATE_AGGREGATE_PASS
2024-06-16,B5,45,0.8382978723404255,0.8986784140969163,235,227,f19a2a8b2a0712f9cffd809f4208f2970711d0e8df62f870177c5783b561ce82,numeric,FROZEN_TIMECREATE_AGGREGATE_PASS
2024-06-16,B6,64,0.8859934853420195,0.9161490683229814,307,322,caf4890d63720eb80ea4e7ef6f43b112b2d939e5a255d93e5a6721d1f002301b,numeric,FROZEN_TIMECREATE_AGGREGATE_PASS
2024-06-16,B7,42,0.8217054263565892,0.8512820512820513,258,195,13ec34e35244c46a96d7ef8eccd96d2461963f4beda03cfe778b70ab3e17cb03,numeric,FROZEN_TIMECREATE_AGGREGATE_PASS
2024-06-16,B8,55,0.8651685393258427,0.9051987767584098,356,327,4905d7a431b68582a16d17c4722f8ff23040eff4fc32279a7bd6f9d294c49f06,numeric,FROZEN_TIMECREATE_AGGREGATE_PASS
2024-06-16,B9,48,0.8820754716981132,0.8877551020408163,212,196,f61fea2002140fc6b161c983bf7e3abf90d04278bf385c090af4aa6a9744e5c3,numeric,FROZEN_TIMECREATE_AGGREGATE_PASS
2024-06-16,B10,61,0.8682795698924731,0.8452012383900929,372,323,183d34d29066a48d9b06d10d9130cab7e0a2a392034f549010ee97d9f2358b6a,numeric,FROZEN_TIMECREATE_AGGREGATE_PASS
2024-06-23,B1,47,0.8546255506607929,0.8427947598253275,227,229,348ec1d94621e7f102df31f4d61609dbf22af95f72c96e7b8181ce55dec6ccc7,numeric,FROZEN_TIMECREATE_AGGREGATE_PASS
2024-06-23,B2,53,0.8775510204081632,0.8951048951048951,294,286,6b6621810e91fe49d9f55e48ca25ee562c0aa2a051266cad8cf592a59fe54c4c,numeric,FROZEN_TIMECREATE_AGGREGATE_PASS
2024-06-23,B3,53,0.8947368421052632,0.9282700421940928,247,237,287da0455d7eb38738606f9c8276eb36039cf1c731cc238563a7e8f2da0d0def,numeric,FROZEN_TIMECREATE_AGGREGATE_PASS
2024-06-23,B4,59,0.844311377245509,0.9342105263157895,334,304,61fbd216cfee0464e2d295f237633748cf48f5b8c876fdef90a775d41f93da71,numeric,FROZEN_TIMECREATE_AGGREGATE_PASS
2024-06-23,B5,45,0.7781818181818182,0.8212765957446808,275,235,f2c1131ed1e328f831af75bf067ca33158bdefa852ab0b3a22431b80f2e0a04c,numeric,FROZEN_TIMECREATE_AGGREGATE_PASS
2024-06-23,B6,65,0.9036827195467422,0.8827361563517915,353,307,8fd6b811df851e00b8bdcc06b3ddba67f286f555ae5100abe1ccfc34dc7a8d48,numeric,FROZEN_TIMECREATE_AGGREGATE_PASS
2024-06-23,B7,48,0.8318181818181818,0.8798449612403101,220,258,1f0299ae1b4366c7f51ecfde2c8c96016ae0c6bb32d75f7613f8db4ba7a90b9d,numeric,FROZEN_TIMECREATE_AGGREGATE_PASS
2024-06-23,B8,54,0.8907103825136612,0.8567415730337079,366,356,e1815162f8b1ae11853cd678ec918c61eb6e4313dae95c5eef849619b1f37b01,numeric,FROZEN_TIMECREATE_AGGREGATE_PASS
2024-06-23,B9,45,0.8820754716981132,0.8254716981132075,212,212,f66af9c12c815628543bccd5e90b27975ff04fa4ecd35f5dc9ed993c98570361,numeric,FROZEN_TIMECREATE_AGGREGATE_PASS
2024-06-23,B10,59,0.8694267515923567,0.8225806451612904,314,372,538dc31d2e01ee6864a6242f6e1d88cd6bd7de832963dc08cc72d4eb6ec5829a,numeric,FROZEN_TIMECREATE_AGGREGATE_PASS
2024-06-30,B1,46,0.8345864661654135,0.8546255506607929,266,227,94e02e45d7ff709159ae8428f5bd4751d6f00efbe4664843bc67338d08fd3939,numeric,FROZEN_TIMECREATE_AGGREGATE_PASS
2024-06-30,B2,54,0.8576642335766423,0.8775510204081632,274,294,cb2a4902a20d08e86c05cdef81671b43513483479b07befd2c4006c816cdd539,numeric,FROZEN_TIMECREATE_AGGREGATE_PASS
2024-06-30,B3,44,0.883248730964467,0.8259109311740891,197,247,065aca445bc1ae448a6b93f228e93e8cf2de6a37056454cabc123130495426c5,numeric,FROZEN_TIMECREATE_AGGREGATE_PASS
2024-06-30,B4,69,0.9118541033434651,0.9161676646706587,329,334,5207e277922fdbaf25975d040357da2bdaec469bd1fd1be6977a8c992b7492fe,numeric,FROZEN_TIMECREATE_AGGREGATE_PASS
2024-06-30,B5,42,0.839622641509434,0.7381818181818182,212,275,7386e20a99f6ffec9c258bd492dae8c76421ed71dc68501df5877f94b59f6baa,numeric,FROZEN_TIMECREATE_AGGREGATE_PASS
2024-06-30,B6,57,0.906060606060606,0.8725212464589235,330,353,3b0c63fe6bae03ac1a00c833dbb0203f7e9a9b99050e08deea41318c8960ed3a,numeric,FROZEN_TIMECREATE_AGGREGATE_PASS
2024-06-30,B7,49,0.8736059479553904,0.8545454545454545,269,220,18234310d29794414a48dd1c312b6914c547712ef5912c6005a0cfcb25498259,numeric,FROZEN_TIMECREATE_AGGREGATE_PASS
2024-06-30,B8,63,0.8781869688385269,0.9371584699453552,353,366,ca855bc88161d314045fd61c3db3d9d22738fdaf718198d6520ccaf825ae738c,numeric,FROZEN_TIMECREATE_AGGREGATE_PASS
2024-06-30,B9,42,0.7824267782426778,0.8773584905660378,239,212,fb5cdcd683cc45ce1075070dfbb67de43cc484094f6f28e16fd1f5a7be099c08,numeric,FROZEN_TIMECREATE_AGGREGATE_PASS
2024-06-30,B10,54,0.8408551068883611,0.8471337579617835,421,314,1de722eb2e8b4fe83b49a9beec51fa0fd34372671416ea91388042686120f14f,numeric,FROZEN_TIMECREATE_AGGREGATE_PASS
2024-07-07,B1,51,0.8523985239852399,0.8721804511278195,271,266,62490239993bd25c2ff28b9c0db522660017511194488a87873c5a8a347d35a2,numeric,FROZEN_TIMECREATE_AGGREGATE_PASS
2024-07-07,B2,56,0.8601398601398601,0.8613138686131386,286,274,a17250b1934d3722aa8026a4df96e408cd11d057f3c26b93b07a34a287f098c8,numeric,FROZEN_TIMECREATE_AGGREGATE_PASS
2024-07-07,B3,46,0.833976833976834,0.8781725888324873,259,197,2baccbdb6b0ca03aebdb714e5217f47ccccd9919d38ddcb511143c744a054094,numeric,FROZEN_TIMECREATE_AGGREGATE_PASS
2024-07-07,B4,64,0.9398907103825137,0.8875379939209727,366,329,2f17449d86b0d078177c8dbe16e3d77e1aaced2c59f9d72c167216525eebb98e,numeric,FROZEN_TIMECREATE_AGGREGATE_PASS
2024-07-07,B5,42,0.7854077253218884,0.8301886792452831,233,212,caa6b18f99e16b408400f656169e34d73b2905b980a61d10354f1c6cbb945d39,numeric,FROZEN_TIMECREATE_AGGREGATE_PASS
2024-07-07,B6,57,0.8685714285714285,0.8757575757575757,350,330,1a520911f80b5eff3e0837b3b3dfdf26ffe479c308ebb0f3e74f860419121b7e,numeric,FROZEN_TIMECREATE_AGGREGATE_PASS
2024-07-07,B7,39,0.8472906403940886,0.7992565055762082,203,269,942450b855086e88046e49462caf0c33e9091cc118dee2e4bf4d347d903e5162,numeric,FROZEN_TIMECREATE_AGGREGATE_PASS
2024-07-07,B8,69,0.8944591029023746,0.9263456090651558,379,353,10a90eb62c4010a6403aa28cf109e451308917c6925a0c124f9457a26a7bc02b,numeric,FROZEN_TIMECREATE_AGGREGATE_PASS
2024-07-07,B9,45,0.8073394495412844,0.7782426778242678,218,239,1eba1de9c00a4d9dde65e0383a9f5b40e5603ddcb9d3ebe416ec584531cf2e26,numeric,FROZEN_TIMECREATE_AGGREGATE_PASS
2024-07-07,B10,53,0.8549382716049383,0.8669833729216152,324,421,928865d6ace4ba3bb23d2cd67fd1da93cbaa94f12925e239bb0ae58142a81134,numeric,FROZEN_TIMECREATE_AGGREGATE_PASS
2024-07-14,B1,55,0.8076923076923077,0.8745387453874539,234,271,a6d65f7dd3ea343c81fd10d8f111ef9b88d076981a60daef05e10e5b67aa8537,numeric,FROZEN_TIMECREATE_AGGREGATE_PASS
2024-07-14,B2,59,0.8880866425992779,0.8811188811188811,277,286,5d7c615367f758862e897506b51ffc1d27cd1b7513b916ffcbc21751b2a66a89,numeric,FROZEN_TIMECREATE_AGGREGATE_PASS
2024-07-14,B3,47,0.8675213675213675,0.8416988416988417,234,259,22378aaefb2269a549f3a76785358153301c385d2675ac271c68d368d1711864,numeric,FROZEN_TIMECREATE_AGGREGATE_PASS
2024-07-14,B4,59,0.86,0.9098360655737705,300,366,51ed59ddf927dd165671ffe466ac9d52e3a9f568823590d4e0f961d344f00b3c,numeric,FROZEN_TIMECREATE_AGGREGATE_PASS
2024-07-14,B5,39,0.83,0.7896995708154506,200,233,85a6e388994908e0df4f08070ebbdce2d7fdf7e740d5819ff58b2ada635d1a73,numeric,FROZEN_TIMECREATE_AGGREGATE_PASS
2024-07-14,B6,58,0.8626865671641791,0.8657142857142858,335,350,86f49cd23ae7c519f1c9369d64c397de0bb306f515166630aac147fb2f6dbc73,numeric,FROZEN_TIMECREATE_AGGREGATE_PASS
2024-07-14,B7,44,0.7581967213114754,0.9310344827586207,244,203,418273b0f3369a55c9779cc6a71bee0d3207b309e1b9bd210fdb9132f73d01f6,numeric,FROZEN_TIMECREATE_AGGREGATE_PASS
2024-07-14,B8,67,0.9233128834355828,0.8918205804749341,326,379,738f637ae86f6bbd332b691db90bf5dc251a5a891663cc19d356f06dd357caf0,numeric,FROZEN_TIMECREATE_AGGREGATE_PASS
2024-07-14,B9,47,0.8371040723981901,0.8486238532110092,221,218,579fed8e60d80838ad225272107d6c74f921c74a13393b9da8c19c8c363f99f6,numeric,FROZEN_TIMECREATE_AGGREGATE_PASS
2024-07-14,B10,57,0.8685015290519877,0.8950617283950617,327,324,f2d15a9126db61c453ba0b1bbd6e518450283699cbc3014e72a4895295834cf4,numeric,FROZEN_TIMECREATE_AGGREGATE_PASS
2024-07-21,B1,48,0.852,0.811965811965812,250,234,96099df86f31134a576d4edc94835768feff4ce58148b4676ad6d3aa649c5127,numeric,FROZEN_TIMECREATE_AGGREGATE_PASS
2024-07-21,B2,56,0.8940397350993378,0.8772563176895307,302,277,9661dd6f04ea0204c2d7a43b01aab60fe0508f855900a9dc1bc430ed467d9931,numeric,FROZEN_TIMECREATE_AGGREGATE_PASS
2024-07-21,B3,51,0.8740458015267175,0.8717948717948718,262,234,1a5feb85272efbf7220613e320f976a40aed520a69443c7a935760fb6476a6b7,numeric,FROZEN_TIMECREATE_AGGREGATE_PASS
2024-07-21,B4,63,0.8774928774928775,0.91,351,300,5da3f5f6d93190b2581e47c41d6b14ad86047cb3e4b253de7f6eb063724f8318,numeric,FROZEN_TIMECREATE_AGGREGATE_PASS
2024-07-21,B5,43,0.7704280155642024,0.845,257,200,0aef99247bb3283a8e55a9707f4c7a184034bf76388e88f4cefc1257f8c84a77,numeric,FROZEN_TIMECREATE_AGGREGATE_PASS
2024-07-21,B6,60,0.9211267605633803,0.8925373134328358,355,335,c64cd50095dc7492737ce40e9a2a551867f8a4d741d4c2f3eca6383bcca92b6a,numeric,FROZEN_TIMECREATE_AGGREGATE_PASS
2024-07-21,B7,54,0.8974358974358975,0.8360655737704918,234,244,f41ec5cd79584c1fe39583c29df004117e414c1bb893d2eb24ea703a49d8cc96,numeric,FROZEN_TIMECREATE_AGGREGATE_PASS
2024-07-21,B8,57,0.9122257053291536,0.8742331288343558,319,326,b43c48c0ed49ec350b50af805e23f5f8c3bc9b41add2978bab0c95f9e27906bf,numeric,FROZEN_TIMECREATE_AGGREGATE_PASS
2024-07-21,B9,46,0.890625,0.8416289592760181,192,221,3e0e80c2f153a2451d85d4022afdb1848f9e26666f459223e14a58401cb70801,numeric,FROZEN_TIMECREATE_AGGREGATE_PASS
2024-07-21,B10,56,0.8870967741935484,0.8318042813455657,310,327,46f44cfda3e8a37cf3a1bac7ce818d470f54836e40748f1980ad223ed09e630a,numeric,FROZEN_TIMECREATE_AGGREGATE_PASS
2024-07-28,B1,49,0.8945147679324894,0.852,237,250,846ddfaa6e81f30c5915b8385a0c385385c864127734a8346732d12f7732184a,numeric,FROZEN_TIMECREATE_AGGREGATE_PASS
2024-07-28,B2,54,0.9161073825503355,0.8874172185430463,298,302,796de968f697ed8c3ba9dddf94bc9a69768ae36471abc4e3d1cd5f1135302898,numeric,FROZEN_TIMECREATE_AGGREGATE_PASS
2024-07-28,B3,46,0.8805309734513275,0.8473282442748091,226,262,f3d4c54121fa1f425b99c800a20e980b89420cf7ff45af303d3b785f53b8aef0,numeric,FROZEN_TIMECREATE_AGGREGATE_PASS
2024-07-28,B4,61,0.9112426035502958,0.8974358974358975,338,351,2ab3d0b6a2493f4a4cc96206ce3b03e30760d951a27d955377e6e4765b24ac51,numeric,FROZEN_TIMECREATE_AGGREGATE_PASS
2024-07-28,B5,43,0.7963800904977375,0.8015564202334631,221,257,21e6c484d6735576f3ad0aae96394cb3f8c742f8702c8828275967503fc6edd8,numeric,FROZEN_TIMECREATE_AGGREGATE_PASS
2024-07-28,B6,64,0.9125,0.9380281690140845,320,355,3672658783e057624b2360f3c75be54b699f0272d9ad9aedd968b82ce727ba7b,numeric,FROZEN_TIMECREATE_AGGREGATE_PASS
2024-07-28,B7,46,0.8927335640138409,0.8076923076923077,289,234,8bdd499159c4d8c835eea7620c19a05dae2fc8c9c0103629c2489fcb3eca7ffd,numeric,FROZEN_TIMECREATE_AGGREGATE_PASS
2024-07-28,B8,57,0.8950617283950617,0.8871473354231975,324,319,5d7848084279e02eab5ba8ed0acc90d132259597af455ad0699b580cc6ddc017,numeric,FROZEN_TIMECREATE_AGGREGATE_PASS
2024-07-28,B9,42,0.8049792531120332,0.859375,241,192,05231be7451287290e1c182986c80a209f153ce1074be5bc7e59ff622d69c03f,numeric,FROZEN_TIMECREATE_AGGREGATE_PASS
2024-07-28,B10,57,0.8298507462686567,0.8935483870967742,335,310,9fcaa8d8a622516960540d2741f7c3f1b4b816ad042e1e9529013fa0a4bfbbe5,numeric,FROZEN_TIMECREATE_AGGREGATE_PASS
2024-08-04,B1,48,0.8536585365853658,0.8776371308016878,246,237,c3652a2461e1a2c542c3aeb203124f18f05d21b219475f541e438541bbd0d94d,numeric,FROZEN_TIMECREATE_AGGREGATE_PASS
2024-08-04,B2,51,0.8619402985074627,0.8691275167785235,268,298,15c821d91a117fce3488e86345dbabb40712bf3a7821bcdffa262e1091c5903e,numeric,FROZEN_TIMECREATE_AGGREGATE_PASS
2024-08-04,B3,42,0.7948717948717948,0.8362831858407079,234,226,8e066c651dcd4b993de749911c4dc5e23a5e56b454806035c5a0308f941eb1e7,numeric,FROZEN_TIMECREATE_AGGREGATE_PASS
2024-08-04,B4,57,0.8918918918918919,0.8727810650887574,333,338,63ae177cf511821b489b629edf997d9f08e09272e447c5e652891484129dd7f2,numeric,FROZEN_TIMECREATE_AGGREGATE_PASS
2024-08-04,B5,46,0.8266129032258065,0.8461538461538461,248,221,86d17c0b2d33be1badebaa4ee25977500d6c1880a5c5d6d72fc70b2012df41ae,numeric,FROZEN_TIMECREATE_AGGREGATE_PASS
2024-08-04,B6,60,0.8797814207650273,0.903125,366,320,e4ebe31b222613fc3b619afeddd03e46450086ee78aa7ae8082da4d5ea1d552e,numeric,FROZEN_TIMECREATE_AGGREGATE_PASS
2024-08-04,B7,45,0.8235294117647058,0.9134948096885813,238,289,f6ddee9803862b01aa1dfb6864bf3caf6955a09a278a3e7ce2d3149a0b69016a,numeric,FROZEN_TIMECREATE_AGGREGATE_PASS
2024-08-04,B8,54,0.8869257950530035,0.8549382716049383,283,324,98b7017c0bbf0c65ea5d554a00007a96aba96aa72b7888082d450a87a4f3a1b6,numeric,FROZEN_TIMECREATE_AGGREGATE_PASS
2024-08-04,B9,44,0.8939393939393939,0.8381742738589212,198,241,8c53e461946365df06b7b08d1900d97958cf101f10649bf7ab31e1ec11bb8e5e,numeric,FROZEN_TIMECREATE_AGGREGATE_PASS
2024-08-04,B10,53,0.8966666666666666,0.8059701492537313,300,335,6294e2c18873e670fd4aa18569ef2a6884480d01c6e368d8578de621232ac794,numeric,FROZEN_TIMECREATE_AGGREGATE_PASS
2024-08-11,B1,49,0.8284518828451883,0.8780487804878049,239,246,5dbdbc8729d3d8763666b3a113375779a3566b32c9feafd6d2f27d7cac203100,numeric,FROZEN_TIMECREATE_AGGREGATE_PASS
2024-08-11,B2,54,0.8333333333333334,0.8395522388059702,294,268,7e3f2a83df117d61e42184f8b3f8c31e26f512331f8f303de459ff1f47546d60,numeric,FROZEN_TIMECREATE_AGGREGATE_PASS
2024-08-11,B3,48,0.8521739130434782,0.8760683760683761,230,234,4cc8f1e0f1ce20abaa3677fec001b4b689429c5fb9b5b23679e4bbbc2d55a289,numeric,FROZEN_TIMECREATE_AGGREGATE_PASS
2024-08-11,B4,57,0.8179012345679012,0.8798798798798799,324,333,54dee128ddf7dfbfcea2778c7a96439847e4c1110db88746ff757d47aa1f2233,numeric,FROZEN_TIMECREATE_AGGREGATE_PASS
2024-08-11,B5,38,0.8622222222222222,0.7983870967741935,225,248,26601dd7d820f83af5c4560c9a83531c1a953517b16c9a2941f998348aae6fdd,numeric,FROZEN_TIMECREATE_AGGREGATE_PASS
2024-08-11,B6,56,0.9134615384615384,0.8497267759562842,312,366,14effb6970772cddba725fb86ab50c0e2be644d1551bc14cb53c2b3a01be9857,numeric,FROZEN_TIMECREATE_AGGREGATE_PASS
2024-08-11,B7,51,0.8755186721991701,0.8529411764705882,241,238,f2c98422cd8361111bb774d9b19dd96557b914c6d7ab9689349446ad27602905,numeric,FROZEN_TIMECREATE_AGGREGATE_PASS
2024-08-11,B8,60,0.8311688311688312,0.9187279151943463,385,283,69ff67cf7ce72de572471b22f297d8ebc0a44b163e538bedc8baebe89c0f8c44,numeric,FROZEN_TIMECREATE_AGGREGATE_PASS
2024-08-11,B9,43,0.8215767634854771,0.8535353535353535,241,198,c9458e6365b9c62ae8d90ebc832195f49d29644d45b826a9b806802732621a3a,numeric,FROZEN_TIMECREATE_AGGREGATE_PASS
2024-08-11,B10,57,0.8535211267605634,0.9,355,300,4a2a6824e4934f5cfdb6cf35e4354eb4252ccb2e7c37571c981191f6419bf3f5,numeric,FROZEN_TIMECREATE_AGGREGATE_PASS
2024-08-18,B1,55,0.8152173913043478,0.8702928870292888,276,239,6de21044676b6f003a6608f3cc29dfa966c796e0f8d1b60a8cb0071f300080a6,numeric,FROZEN_TIMECREATE_AGGREGATE_PASS
2024-08-18,B2,52,0.8831615120274914,0.8503401360544217,291,294,c3d1da8c4c60e321be66737c59f889e99a99e4cea9bd350a28d40ba6cda0ea9e,numeric,FROZEN_TIMECREATE_AGGREGATE_PASS
2024-08-18,B3,53,0.7569721115537849,0.8695652173913043,251,230,f11a0d96f0e3d287ee9f1ac17b66b9dde163261f6faccd875b5e5f44817c0b69,numeric,FROZEN_TIMECREATE_AGGREGATE_PASS
2024-08-18,B4,64,0.8902743142144638,0.9012345679012346,401,324,52bc76bd57af3a960e1716301c42f50eb6ed6ef1ba015040a5e8882db459b4b3,numeric,FROZEN_TIMECREATE_AGGREGATE_PASS
2024-08-18,B5,39,0.7763157894736842,0.88,228,225,ee6eab32443458aeae18af48773d8ccda440b64516418a6371f62bd087ad34db,numeric,FROZEN_TIMECREATE_AGGREGATE_PASS
2024-08-18,B6,59,0.8557213930348259,0.9358974358974359,402,312,5330e2e5f0eada239f1303ce0e8cea10c7f71b86a818138310dd7149f222d121,numeric,FROZEN_TIMECREATE_AGGREGATE_PASS
2024-08-18,B7,52,0.8373015873015873,0.8838174273858921,252,241,fdd4110c579ebc6837425f8b422c9e2687d2cd589292b4a87b1b110d2eb9e4a0,numeric,FROZEN_TIMECREATE_AGGREGATE_PASS
2024-08-18,B8,72,0.9088397790055248,0.9298701298701298,362,385,ea6d6162797a122a710dc03dbefbf993cd42dc1ad3e82c69aa84cb8b639f6640,numeric,FROZEN_TIMECREATE_AGGREGATE_PASS
2024-08-18,B9,45,0.8713692946058091,0.8506224066390041,241,241,7fab4de1233c1aa8926005cd240ef59a5b96b02acd59bca5c075958297fe9ea1,numeric,FROZEN_TIMECREATE_AGGREGATE_PASS
2024-08-18,B10,58,0.8950617283950617,0.8985915492957747,324,355,d7ae7cb4552fcabe56d81e1e9cec7fba3b7aaac37ed3975c5927ffcb793a5334,numeric,FROZEN_TIMECREATE_AGGREGATE_PASS
2024-08-25,B1,46,0.8986175115207373,0.7753623188405797,217,276,4d27d039616d56165e407e6748589e3731d48af0fbbb801baaf43c439216b139,numeric,FROZEN_TIMECREATE_AGGREGATE_PASS
2024-08-25,B2,58,0.8593272171253823,0.8934707903780069,327,291,3d0e579c68ecec91e32dc04a5636e3b8cb8b5592258c02ec77a5c3e2b36c95a4,numeric,FROZEN_TIMECREATE_AGGREGATE_PASS
2024-08-25,B3,50,0.8798283261802575,0.7848605577689243,233,251,b15e9ac27531be9fbb6186862c55f776629fbb4d6d016cdc0234a075e30cef36,numeric,FROZEN_TIMECREATE_AGGREGATE_PASS
2024-08-25,B4,60,0.9415204678362573,0.8778054862842892,342,401,625a6743a488197004d5b3a280242bea10d42a8fa9650bbca8261322b33570e6,numeric,FROZEN_TIMECREATE_AGGREGATE_PASS
2024-08-25,B5,46,0.8227848101265823,0.8859649122807017,237,228,bf09e1a041e35abdb33b99bff37969effa5138bae68ea01de8439481e11d5fff,numeric,FROZEN_TIMECREATE_AGGREGATE_PASS
2024-08-25,B6,55,0.8922558922558923,0.835820895522388,297,402,f555bc9afb1249cc0259e6a27c839f2888b8a89b8d2a7cb05d4e80321ef85e92,numeric,FROZEN_TIMECREATE_AGGREGATE_PASS
2024-08-25,B7,46,0.8960396039603961,0.8412698412698413,202,252,076c190e5a085ba773e59c787cdcffe2e842824a7971012d5b4144b83b50b550,numeric,FROZEN_TIMECREATE_AGGREGATE_PASS
2024-08-25,B8,63,0.9314641744548287,0.861878453038674,321,362,e752284b11110ca6b25c0c93dd5091220b939bc728628d838b32de563dbb8592,numeric,FROZEN_TIMECREATE_AGGREGATE_PASS
2024-08-25,B9,42,0.8173913043478261,0.8879668049792531,230,241,f05335ecd42ef9e49ae71575e5aaf38c64fa025699a15e492650820822011f66,numeric,FROZEN_TIMECREATE_AGGREGATE_PASS
2024-08-25,B10,57,0.8920634920634921,0.8796296296296297,315,324,b7aeaa4036c1cd48ea3bece09f27fa2b8b87dbd2742ae4997ad18ee2d8daff12,numeric,FROZEN_TIMECREATE_AGGREGATE_PASS
2024-09-15,B1,41,0.8405797101449275,0.7681818181818182,207,220,df9e829375211fd2757e8f43b10093829cd899f1e9d298d79601665c74ea025b,numeric,FROZEN_TIMECREATE_AGGREGATE_PASS
2024-09-15,B2,57,0.8920863309352518,0.8826979472140762,278,341,ad7394bba807754441b031967cd7134d685b01818942495df5156d081d02b7fe,numeric,FROZEN_TIMECREATE_AGGREGATE_PASS
2024-09-15,B3,46,0.8429752066115702,0.8429752066115702,242,242,13ee43fb548c15f2e4c2a5b04d95a994ff15fb62d2889b2d55347791a7675dab,numeric,FROZEN_TIMECREATE_AGGREGATE_PASS
2024-09-15,B4,60,0.8807339449541285,0.9029126213592233,327,309,0e7a6e43f18bb5f7639a937b9e31b385baa0c1b757e666ddf6fef81ccdea3122,numeric,FROZEN_TIMECREATE_AGGREGATE_PASS
2024-09-15,B5,46,0.8066914498141264,0.8333333333333334,269,216,f46172a956116ab49486a89af474e63f142430b53923aa76f9e223dce1ab52d7,numeric,FROZEN_TIMECREATE_AGGREGATE_PASS
2024-09-15,B6,63,0.9198717948717948,0.8985507246376812,312,276,a3caa30cd52ef75ae3fbdf2eb121512995989c35bc50abde7655db521b564c3a,numeric,FROZEN_TIMECREATE_AGGREGATE_PASS
2024-09-15,B7,41,0.7955555555555556,0.7782805429864253,225,221,7bbc89698071e060b216f12da802b0b173dc0cc0dbfe39b0de7cff56634ab153,numeric,FROZEN_TIMECREATE_AGGREGATE_PASS
2024-09-15,B8,43,0.7227138643067846,0.7651515151515151,339,396,1cd39faa4afdfac2d352af1e22e6137d7a0e09b1304f113bb787da776a1f0f55,numeric,FROZEN_TIMECREATE_AGGREGATE_PASS
2024-09-15,B9,40,0.8333333333333334,0.7840531561461794,216,301,d0809b18f4c3beb8c0bf11223201ef7d96fe97b94abb35d902b2c1efb9cf92be,numeric,FROZEN_TIMECREATE_AGGREGATE_PASS
2024-09-15,B10,63,0.9131736526946108,0.8379120879120879,334,364,302d8b57bb1ffddb84d5edfc9e4943f9ddfb99899101ef09ee30919b31da18dd,numeric,FROZEN_TIMECREATE_AGGREGATE_PASS
2024-09-22,B1,44,0.7521008403361344,0.8357487922705314,238,207,0bc7b2031e5523d2f06a0095b7fa40daf30168debab8496e1a8f0eb2c8de47a9,numeric,FROZEN_TIMECREATE_AGGREGATE_PASS
2024-09-22,B2,60,0.9003021148036254,0.9136690647482014,331,278,e5f4735b991c04244a362edc38dfcf6aee514b61cebe54605b5e319468a0667f,numeric,FROZEN_TIMECREATE_AGGREGATE_PASS
2024-09-22,B3,48,0.8380566801619433,0.859504132231405,247,242,3e8ba71b58891b4f51fc1187ca0445fd2ce7128f1f49db323b3b3d85969971ce,numeric,FROZEN_TIMECREATE_AGGREGATE_PASS
2024-09-22,B4,59,0.8869047619047619,0.8654434250764526,336,327,29872035dddd7146f0d2a3ad9c5bee605456933a2b041347b53830e189ffc70f,numeric,FROZEN_TIMECREATE_AGGREGATE_PASS
2024-09-22,B5,49,0.888030888030888,0.862453531598513,259,269,bf17689392752c46e71fa8c566a040a00b2634ccee1a4cd3d6d9d8e73f498b9f,numeric,FROZEN_TIMECREATE_AGGREGATE_PASS
2024-09-22,B6,60,0.8848167539267016,0.875,382,312,a77879faf476a7db6ed6c1176a338853b879eed3c1fa1e1cfcbeb82949435f0c,numeric,FROZEN_TIMECREATE_AGGREGATE_PASS
2024-09-22,B7,50,0.8706896551724138,0.84,232,225,ce645510001b662f98e34b44a60683a1f320d3f07921f90a50ea829a57235718,numeric,FROZEN_TIMECREATE_AGGREGATE_PASS
2024-09-22,B8,61,0.9016393442622951,0.9026548672566371,366,339,60ffda64b9b6349be2c25c1cfee2af12d55e1182300466ac9452380a7526aa60,numeric,FROZEN_TIMECREATE_AGGREGATE_PASS
2024-09-22,B9,51,0.8264840182648402,0.9120370370370371,219,216,e1db0016e0233302f1d361938712f037b312ddec9273af8911f807917f64364a,numeric,FROZEN_TIMECREATE_AGGREGATE_PASS
2024-09-22,B10,60,0.8541666666666666,0.907185628742515,384,334,3ebb7403233ec0d2f16c3131c4a1a4e160be30b1f703c6d8444dbc3c5f14ab96,numeric,FROZEN_TIMECREATE_AGGREGATE_PASS
2024-09-29,B1,47,0.8174273858921162,0.8319327731092437,241,238,7a7f27faae18cec5906c84758183c4fd191172819c41dba4968116b815038d3e,numeric,FROZEN_TIMECREATE_AGGREGATE_PASS
2024-09-29,B2,60,0.9017857142857143,0.9063444108761329,336,331,4389718c39241395ae045d32da11e155ec8afff5759020cfc208701b1166cbf1,numeric,FROZEN_TIMECREATE_AGGREGATE_PASS
2024-09-29,B3,45,0.8305785123966942,0.8663967611336032,242,247,82e970d2257f5c483ff9a8030b9b5a4a658ab9ec5d1bf253f95c127f2ff34770,numeric,FROZEN_TIMECREATE_AGGREGATE_PASS
2024-09-29,B4,60,0.8600583090379009,0.8869047619047619,343,336,d3259688b036b7e92dd46d20501ec7483a0f3232961492ea1cbe428e9b6b5881,numeric,FROZEN_TIMECREATE_AGGREGATE_PASS
2024-09-29,B5,45,0.8509615384615384,0.8841698841698842,208,259,731f2658f2b137cb3eb48fa26ce306365b54cd85ecd5f02860f5f809a866502d,numeric,FROZEN_TIMECREATE_AGGREGATE_PASS
2024-09-29,B6,61,0.8333333333333334,0.900523560209424,300,382,f80d893189588662258abb211f924ba7c03f59649918b805fe693c7c17ab2f27,numeric,FROZEN_TIMECREATE_AGGREGATE_PASS
2024-09-29,B7,48,0.8495575221238938,0.8405172413793104,226,232,fff01685fd532a4ecf130f15b56e05b6f789fa928c64e74b53df6b3bd1bd128d,numeric,FROZEN_TIMECREATE_AGGREGATE_PASS
2024-09-29,B8,61,0.8783783783783784,0.9098360655737705,370,366,968ae55cf8e11c577672c1cfe0d563bb3b22440fa35144bb4b0215f840e14d02,numeric,FROZEN_TIMECREATE_AGGREGATE_PASS
2024-09-29,B9,51,0.9090909090909091,0.8356164383561644,231,219,6405870a7c0afe858b6068441f8b8549dd5ee79ba93afb4582eeaddcfa747cfe,numeric,FROZEN_TIMECREATE_AGGREGATE_PASS
2024-09-29,B10,54,0.855457227138643,0.8177083333333334,339,384,6a1bf91a31781bcaa346d6ccffec144394bb4311da71814e60c861fa13b8a067,numeric,FROZEN_TIMECREATE_AGGREGATE_PASS
2024-10-06,B1,50,0.89568345323741,0.8672199170124482,278,241,0b7eacf9c04bf63ef5cda14a72bb3ec65a004a5eed5a2afc49073285efb01528,numeric,FROZEN_TIMECREATE_AGGREGATE_PASS
2024-10-06,B2,61,0.8913738019169329,0.8898809523809523,313,336,9bfdc57eb29626d417cf98f36e85b46805a4255ab0e828e3f1f1e5da83699225,numeric,FROZEN_TIMECREATE_AGGREGATE_PASS
2024-10-06,B3,44,0.8484848484848485,0.7933884297520661,198,242,5d18e0b12a85d9afe15531d9ba8aa794879a916adf523a9a047cb13e5505feed,numeric,FROZEN_TIMECREATE_AGGREGATE_PASS
2024-10-06,B4,58,0.9076923076923077,0.8483965014577259,325,343,fbab54c596c015f0d6c874bf35134b8404c57e2d2e1a615a237016143baf3b4d,numeric,FROZEN_TIMECREATE_AGGREGATE_PASS
2024-10-06,B5,39,0.8296703296703297,0.7932692307692307,182,208,ee074072469fc8887c61ae920610dcb447c5a5ce719e239c626cfd71f7a45209,numeric,FROZEN_TIMECREATE_AGGREGATE_PASS
2024-10-06,B6,59,0.9396825396825397,0.8233333333333334,315,300,4ff46e3495d738f6615b9e6d0638e5c17edb0f7927bb317ea272a2e95ef7d5c8,numeric,FROZEN_TIMECREATE_AGGREGATE_PASS
2024-10-06,B7,46,0.8029556650246306,0.8230088495575221,203,226,77989aa11e3145655abc50bbbf63f771891cab86e141b87a7a5377349c517d86,numeric,FROZEN_TIMECREATE_AGGREGATE_PASS
2024-10-06,B8,60,0.9185667752442996,0.8810810810810811,307,370,737b864b450f4802edfa99355b9ee3ccd8e6af662e473fc91c0da333d3bcfc59,numeric,FROZEN_TIMECREATE_AGGREGATE_PASS
2024-10-06,B9,47,0.8452380952380952,0.8874458874458875,252,231,5353bacaca1df51fa4bf17942b5f4d39cdeda50d36e3d1a23f3f01dc5467c038,numeric,FROZEN_TIMECREATE_AGGREGATE_PASS
2024-10-06,B10,54,0.8224852071005917,0.8525073746312685,338,339,4e2fc79a1d44e392509266d43f01fcf9d5ec7a57e8574d1c73743292e5785d02,numeric,FROZEN_TIMECREATE_AGGREGATE_PASS
2024-10-13,B1,47,0.8565217391304348,0.8705035971223022,230,278,b55d3beaac57a22417222710be7c3de8cf9144e2cc071034fb78ae4af80a493e,numeric,FROZEN_TIMECREATE_AGGREGATE_PASS
2024-10-13,B2,60,0.9029649595687331,0.8945686900958466,371,313,0f0661e653c61f410d55c639517487665513c1043496d292b54566639890130b,numeric,FROZEN_TIMECREATE_AGGREGATE_PASS
2024-10-13,B3,49,0.855595667870036,0.8838383838383839,277,198,22f5b73a14521ca61631f452c6a113967995c6c0a98063c303ecacd997c57d2e,numeric,FROZEN_TIMECREATE_AGGREGATE_PASS
2024-10-13,B4,57,0.8575757575757575,0.8923076923076924,330,325,738263c0e9922b1dd7c8d428896c03d5b6d601eb0fc2f3d5f3e8cb9dbb7b6cf6,numeric,FROZEN_TIMECREATE_AGGREGATE_PASS
2024-10-13,B5,41,0.7991266375545851,0.8626373626373627,229,182,9f814ee27b2fa31facc2659d001a3b0dfaf9a3cd63c4af30171f0d9b35671e6e,numeric,FROZEN_TIMECREATE_AGGREGATE_PASS
2024-10-13,B6,63,0.8777173913043478,0.9396825396825397,368,315,1a985ceb2d165e994d0a84e14b1e2d0f4a6af76ef93c123bf2a5e85239a2fe46,numeric,FROZEN_TIMECREATE_AGGREGATE_PASS
2024-10-13,B7,48,0.9063829787234042,0.8177339901477833,235,203,8bc3bed5adaa60f1a3c470c2d07db863b885f1385e6b932bf82db5dc8efcb129,numeric,FROZEN_TIMECREATE_AGGREGATE_PASS
2024-10-13,B8,54,0.8922155688622755,0.8501628664495114,334,307,3514da4aa53717cd68a3a4ea97dca7a7a9761b8d2501d89f0c24c9742e8aa63b,numeric,FROZEN_TIMECREATE_AGGREGATE_PASS
2024-10-13,B9,51,0.8828828828828829,0.8571428571428571,222,252,59588b9923875ae3a7b9a2f3428f44f58175e273280498603cd5b65fd65fc72b,numeric,FROZEN_TIMECREATE_AGGREGATE_PASS
2024-10-13,B10,55,0.8550295857988166,0.8520710059171598,338,338,13dd889637282bdcaca173e6c29d4af7699d58dbf09f7b24797cc1ca2e1b8526,numeric,FROZEN_TIMECREATE_AGGREGATE_PASS
2024-10-20,B1,53,0.7773851590106007,0.9043478260869565,283,230,c8ddaa4633c1521d0233bfc987a3ece868b408ae55f2fa0c424d04220420f34e,numeric,FROZEN_TIMECREATE_AGGREGATE_PASS
2024-10-20,B2,63,0.8981481481481481,0.9272237196765498,324,371,e8d0a237a8e7a00b8738a32b7e743d0fe1c17b28e2181b40a2ed90646373476d,numeric,FROZEN_TIMECREATE_AGGREGATE_PASS
2024-10-20,B3,46,0.8583690987124464,0.8339350180505415,233,277,5edfc17caa9f645f65aee09962a749f691df0afcd0b77952c56b1a6c98e30ae9,numeric,FROZEN_TIMECREATE_AGGREGATE_PASS
2024-10-20,B4,58,0.8873720136518771,0.8454545454545455,293,330,8864b338c1228f3baef6a18df10509d3a96116b93addf88004e23913e59354e5,numeric,FROZEN_TIMECREATE_AGGREGATE_PASS
2024-10-20,B5,43,0.8495145631067961,0.8209606986899564,206,229,0af3de591c5da518b0512b361002f9f0c8f3a191f706a7058fcdb08e9893195a,numeric,FROZEN_TIMECREATE_AGGREGATE_PASS
2024-10-20,B6,63,0.9121212121212121,0.8614130434782609,330,368,d3871f535c7457b0c95a4c058c735ea4425e686d49079149e6a3273c6e08abd8,numeric,FROZEN_TIMECREATE_AGGREGATE_PASS
2024-10-20,B7,50,0.8755020080321285,0.9361702127659575,249,235,57c94390aab548ac90fdac826c9cfca8a0eb10afd65284d937bc8ab078132742,numeric,FROZEN_TIMECREATE_AGGREGATE_PASS
2024-10-20,B8,62,0.8473684210526315,0.9251497005988024,380,334,d40a03bb3f527a41094fffcbdd1b4e4f38c9ef176b7fd84984b3d1ef9688275b,numeric,FROZEN_TIMECREATE_AGGREGATE_PASS
2024-10-20,B9,46,0.8783269961977186,0.8198198198198198,263,222,9012ad97e45afbf9a0c2a48cec2c6f46c4d9418a77e5888716f9946b57cad89b,numeric,FROZEN_TIMECREATE_AGGREGATE_PASS
2024-10-20,B10,64,0.8806818181818182,0.8964497041420119,352,338,7720c6d393cc5c5677253a75b33d1c6671df5f8686278b69b1583935d82671df,numeric,FROZEN_TIMECREATE_AGGREGATE_PASS
2024-10-27,B1,47,0.9069767441860465,0.784452296819788,258,283,ffbefe97bf1628125f42564e2a4f469cedb51aaaec03234e88582c22848de2dc,numeric,FROZEN_TIMECREATE_AGGREGATE_PASS
2024-10-27,B2,66,0.9090909090909091,0.8950617283950617,352,324,bfffa0c05f154b3c10b9d1b1f3c12dc4f451d692178dd17c395ce47320b1c54a,numeric,FROZEN_TIMECREATE_AGGREGATE_PASS
2024-10-27,B3,47,0.8531746031746031,0.8369098712446352,252,233,698fcbe9e12eb3a183d0d2ad96aa98c44a4bf01f8a4bf03e96fc7dfaef93e73c,numeric,FROZEN_TIMECREATE_AGGREGATE_PASS
2024-10-27,B4,58,0.8850574712643678,0.8839590443686007,348,293,8de949f6d613bf3a974d8ff010c9bc3aa5d21c50496da1db90cde9c63d3a9d2c,numeric,FROZEN_TIMECREATE_AGGREGATE_PASS
2024-10-27,B5,47,0.8162393162393162,0.8980582524271845,234,206,48d006f6dfb21008ba1620d8ac278c98a3a1b06562a500d94d98c41356c4fb2f,numeric,FROZEN_TIMECREATE_AGGREGATE_PASS
2024-10-27,B6,62,0.8810198300283286,0.9030303030303031,353,330,125d7e410e876ac1837b3f1dfed31f657b75df4d8b3032504792709dcd71cdc6,numeric,FROZEN_TIMECREATE_AGGREGATE_PASS
2024-10-27,B7,47,0.8755364806866953,0.8795180722891566,233,249,a6cb9c94c0949c65ac39caad21c3073c1ee42975e4d2ef152f930d0573e95401,numeric,FROZEN_TIMECREATE_AGGREGATE_PASS
2024-10-27,B8,63,0.9230769230769231,0.9026315789473685,338,380,50f766abe65c625e4e013db81e87af47feed27cfb9e819bb98028efba5d5e215,numeric,FROZEN_TIMECREATE_AGGREGATE_PASS
2024-10-27,B9,46,0.8672199170124482,0.8669201520912547,241,263,aeea5e856c5d678d51434d48edb3dfd45b961e027e91c1d7bbc0ceeec486fe89,numeric,FROZEN_TIMECREATE_AGGREGATE_PASS
2024-10-27,B10,63,0.9169054441260746,0.8920454545454546,349,352,3203af371a3c24519c334de45e6072c640c6250f40294c1f8c98713c87fa2b5c,numeric,FROZEN_TIMECREATE_AGGREGATE_PASS
2024-11-03,B1,50,0.8096885813148789,0.9147286821705426,289,258,f215aeb79fb5b0e59ea3a366faeedb394349856e60c2792b6ebd7b2737575d51,numeric,FROZEN_TIMECREATE_AGGREGATE_PASS
2024-11-03,B2,65,0.944954128440367,0.8863636363636364,327,352,c36cbf980ab5921c19ce0b03e3cc2fad75adb82ab4f32f6f7fe24050b7a088a7,numeric,FROZEN_TIMECREATE_AGGREGATE_PASS
2024-11-03,B3,43,0.8571428571428571,0.8214285714285714,224,252,98aacdaeb2ff74b98456949aa9ab31c090587d98b0f45c0e2e329a19b65d018d,numeric,FROZEN_TIMECREATE_AGGREGATE_PASS
2024-11-03,B4,58,0.9088235294117647,0.896551724137931,340,348,e0baaf9ea1d53100f6318978007fcc306dfaf514097e2d63d309f289fa17bd17,numeric,FROZEN_TIMECREATE_AGGREGATE_PASS
2024-11-03,B5,49,0.9029126213592233,0.8376068376068376,206,234,7df6961a0001d9051ba5ee3b089edf9643b20f09c9fea9ab70132cb334c5f06b,numeric,FROZEN_TIMECREATE_AGGREGATE_PASS
2024-11-03,B6,59,0.9033333333333333,0.8810198300283286,300,353,107e668792f285f5624435ded51d7c82a6ff7b768d2425ca409d1afaf07b9eb6,numeric,FROZEN_TIMECREATE_AGGREGATE_PASS
2024-11-03,B7,49,0.8698884758364313,0.871244635193133,269,233,ace610c6e53c636657d23856a70676a556a151b767e80efe7bd8eba180507aab,numeric,FROZEN_TIMECREATE_AGGREGATE_PASS
2024-11-03,B8,62,0.9145299145299145,0.9142011834319527,351,338,425b47977c00a32aa69602459791ce12beada52016cba694645c81fd9f07b45c,numeric,FROZEN_TIMECREATE_AGGREGATE_PASS
2024-11-03,B9,46,0.8699186991869918,0.8506224066390041,246,241,fc0fc8dcc55a4c646817f14db3882fc65a9931c83d3b4c19bdcb02eaeb72acc2,numeric,FROZEN_TIMECREATE_AGGREGATE_PASS
2024-11-03,B10,62,0.9333333333333333,0.9111747851002865,390,349,6274027f5153a6aca792c334d7f59c35ce7caa0007d66fb12def10da69ade6b3,numeric,FROZEN_TIMECREATE_AGGREGATE_PASS
2024-11-10,B1,63,0.926530612244898,0.889273356401384,245,289,7a7b5e97210ac0e05fbc842d52707f64996ee94ae0e37389c867dec618f240bd,numeric,FROZEN_TIMECREATE_AGGREGATE_PASS
2024-11-10,B2,55,0.8925925925925926,0.8807339449541285,270,327,388b269acd6eed2e55b96829d17714744617eba24b2bcd096fe287a397a4ac8e,numeric,FROZEN_TIMECREATE_AGGREGATE_PASS
2024-11-10,B3,44,0.7847222222222222,0.8616071428571429,288,224,14c0e99811d7b60b3047d878b18c3a23f4c03c684fe7d67c2dd1999af25ad8d1,numeric,FROZEN_TIMECREATE_AGGREGATE_PASS
2024-11-10,B4,64,0.8947368421052632,0.9205882352941176,380,340,08d1fa81b120e8a9968320c9c768b6a2ab42badbe6a710d8c14f20ab7bb0c89b,numeric,FROZEN_TIMECREATE_AGGREGATE_PASS
2024-11-10,B5,36,0.8333333333333334,0.7718446601941747,204,206,b41a29e68477dc7d05dd7439fd632b1f71a3a32ea59c618c25ae446d35c1a66b,numeric,FROZEN_TIMECREATE_AGGREGATE_PASS
2024-11-10,B6,56,0.8986486486486487,0.8933333333333333,296,300,cda32278701057564f3052bfe8d13c95899b95eefaae5a596f0bcf4339b69635,numeric,FROZEN_TIMECREATE_AGGREGATE_PASS
2024-11-10,B7,44,0.8454545454545455,0.8066914498141264,220,269,6fa02589158790d441262fa69479704105c874817eba3440b20f60a4008a06cd,numeric,FROZEN_TIMECREATE_AGGREGATE_PASS
2024-11-10,B8,62,0.8606271777003485,0.905982905982906,287,351,e58cfe468e64fc3956f2dabb00e2be12bca1eda41d1fda2cda6c4f85388ef782,numeric,FROZEN_TIMECREATE_AGGREGATE_PASS
2024-11-10,B9,43,0.8755760368663594,0.8211382113821138,217,246,a979eca7848033a23245c4395b3e30ee2f7f645e46540013a57e385ef1412ed0,numeric,FROZEN_TIMECREATE_AGGREGATE_PASS
2024-11-10,B10,54,0.8907849829351536,0.8615384615384616,293,390,5219d0d241ff6a3cb68b1da8597731b51b884a503e6f7971c1044c5451ca424b,numeric,FROZEN_TIMECREATE_AGGREGATE_PASS
2024-11-17,B1,51,0.9365853658536586,0.8081632653061225,205,245,9fb818f87887eca365749093935cce221bd1ecce7b41ba14fc08406e07c9a2c4,numeric,FROZEN_TIMECREATE_AGGREGATE_PASS
2024-11-17,B2,56,0.8468468468468469,0.9,333,270,863d0ac404de2b1da8c25f42e9567773d12be4b2097f380517a706d790a2affa,numeric,FROZEN_TIMECREATE_AGGREGATE_PASS
2024-11-17,B3,49,0.8930041152263375,0.8298611111111112,243,288,aef9c0c7c8e4c03ec5c33eadf485abb4e4dedf1edfe9685cd5c76eeea868ac58,numeric,FROZEN_TIMECREATE_AGGREGATE_PASS
2024-11-17,B4,63,0.9050632911392406,0.8763157894736842,316,380,e2f8e7668438fc0c0341b62e1429267923a8080758b95293944d6a8ab22a4e41,numeric,FROZEN_TIMECREATE_AGGREGATE_PASS
2024-11-17,B5,42,0.7907949790794979,0.8529411764705882,239,204,21f019bda1e5d9896bc9379044b8899e4d36edb096deb290381adb95d61beb85,numeric,FROZEN_TIMECREATE_AGGREGATE_PASS
2024-11-17,B6,56,0.8789808917197452,0.8918918918918919,314,296,683fae1d4d8899fce594de01e0e7a206d1d056f38c5b27c2a37603f6b2b5138c,numeric,FROZEN_TIMECREATE_AGGREGATE_PASS
2024-11-17,B7,51,0.8527397260273972,0.8954545454545455,292,220,f2925f90b48cbce53085d4e512c5dfbb6050c49c5ef030b230e0f4319015e133,numeric,FROZEN_TIMECREATE_AGGREGATE_PASS
2024-11-17,B8,64,0.9150141643059491,0.8780487804878049,353,287,2801fb4442ae10437ec57aae3e8ed6d0618ddc46f61eae364f50bb18f3b6bae1,numeric,FROZEN_TIMECREATE_AGGREGATE_PASS
2024-11-17,B9,43,0.8774703557312253,0.847926267281106,253,217,60637349a572f8bb5cdc8658da6200fee55c6cd64f9fbc2c690a2deefe1c35a8,numeric,FROZEN_TIMECREATE_AGGREGATE_PASS
2024-11-17,B10,59,0.8837209302325582,0.9215017064846417,387,293,fea0810f0f013f69d2230f983a3bd85190a33b76b36ddd810c05bc979ffaf37f,numeric,FROZEN_TIMECREATE_AGGREGATE_PASS
2024-12-01,B1,48,0.9024390243902439,0.8243243243243243,205,222,f349af751827313ee29255c73c3f2f45a76a3f7a7502c038e36523bb9d67f05d,numeric,FROZEN_TIMECREATE_AGGREGATE_PASS
2024-12-01,B2,57,0.90625,0.9058823529411765,320,340,04de243169b77f1a918b2eccb282dc886e6965e1f35a8df47e29b9c68f82cd22,numeric,FROZEN_TIMECREATE_AGGREGATE_PASS
2024-12-01,B3,47,0.8583333333333333,0.8380566801619433,240,247,70b0970f2da8d2d6f67478a490ba0cd2394ac8c24c86ca8d70c3060c4fa85301,numeric,FROZEN_TIMECREATE_AGGREGATE_PASS
2024-12-01,B4,57,0.8619528619528619,0.8179347826086957,297,368,c6d1b5352f858b4cb676da54dd36949677867989ca86f08731228d61bce03500,numeric,FROZEN_TIMECREATE_AGGREGATE_PASS
2024-12-01,B5,43,0.8725490196078431,0.8461538461538461,204,247,43879421550cec6677ab5549e9283eb6b13e3a3b9664c720ab45af8fe0a9b8a5,numeric,FROZEN_TIMECREATE_AGGREGATE_PASS
2024-12-01,B6,59,0.9157509157509157,0.8670360110803325,273,361,9e6edeb2135a78e7c7923f76f4160c7c374a9c21809c442a8f82520ac8ae5e00,numeric,FROZEN_TIMECREATE_AGGREGATE_PASS
2024-12-01,B7,44,0.8089430894308943,0.797979797979798,246,198,00b75dc489d765edf650d4f954349097637aa1fb3ee82417ab0c103bf9e424a3,numeric,FROZEN_TIMECREATE_AGGREGATE_PASS
2024-12-01,B8,59,0.857566765578635,0.934375,337,320,88f717ea139f2dcfd1f54efd5b9c9a8d041de49768d94bc85051f2101c362fb8,numeric,FROZEN_TIMECREATE_AGGREGATE_PASS
2024-12-01,B9,37,0.7701612903225806,0.7823529411764706,248,170,cafd3a5f483de0ec22bf0bb6f58cbe49b75e10d35fd3b4b6bfd1f65111e8243e,numeric,FROZEN_TIMECREATE_AGGREGATE_PASS
2024-12-01,B10,56,0.8233333333333334,0.8428571428571429,300,280,ed4d0afb52f1d3f65592ca13232aedcd0265c15b280aebe7c54ce889cc0d35f5,numeric,FROZEN_TIMECREATE_AGGREGATE_PASS
2024-12-08,B1,49,0.8518518518518519,0.8731707317073171,216,205,694e69c457a2244a9fdd30eccb72dd01c61633aefa8881e9f7ebbfc0042a0875,numeric,FROZEN_TIMECREATE_AGGREGATE_PASS
2024-12-08,B2,56,0.8763636363636363,0.884375,275,320,30a5ef0263af961fb8cbe53f10c16136ab96419c19a55459cf751036d544eeab,numeric,FROZEN_TIMECREATE_AGGREGATE_PASS
2024-12-08,B3,49,0.8868778280542986,0.8666666666666667,221,240,46e0a290f8fe6c3b53293eb71c453e23f375d22130b3a1c012760f37105cfaf5,numeric,FROZEN_TIMECREATE_AGGREGATE_PASS
2024-12-08,B4,59,0.8691860465116279,0.8956228956228957,344,297,a1a5d96e3d9e7f96bae5292ed359cda6a6b4ff425711c628a493ee7aba6bb8d0,numeric,FROZEN_TIMECREATE_AGGREGATE_PASS
2024-12-08,B5,40,0.8470149253731343,0.8627450980392157,268,204,271902108a96b72298f8f12e90d2d4424ffacd7c1f28f3efb3a1e2505b5ddfd0,numeric,FROZEN_TIMECREATE_AGGREGATE_PASS
2024-12-08,B6,61,0.8657142857142858,0.9267399267399268,350,273,87beb4c86f52b3344d729467935a3485a51d12f127e6734f3c96e03db1a137bc,numeric,FROZEN_TIMECREATE_AGGREGATE_PASS
2024-12-08,B7,47,0.8663967611336032,0.8699186991869918,247,246,832eb8dea19ea8db7387c5c961dfa716e597256e93a94893786cfbfffabeafc9,numeric,FROZEN_TIMECREATE_AGGREGATE_PASS
2024-12-08,B8,56,0.9008498583569405,0.8308605341246291,353,337,122cf6274624747dd1c0cb7dacb2ef9101deb99aa3b6b041a5ce0530fcc5c13a,numeric,FROZEN_TIMECREATE_AGGREGATE_PASS
2024-12-08,B9,44,0.8221153846153846,0.8104838709677419,208,248,2492b7141cdeb252df588eaf6cc7afe8accf3e8ace74c273f127339084bb6d81,numeric,FROZEN_TIMECREATE_AGGREGATE_PASS
2024-12-08,B10,62,0.8542857142857143,0.9,350,300,d3b3085e1cc793355b0c2dd752fa4573051da3311be5e6e585148af7edd3673f,numeric,FROZEN_TIMECREATE_AGGREGATE_PASS
2024-12-15,B1,50,0.8873720136518771,0.7962962962962963,293,216,133da5d4ff6169731f8bcd61700aea27e842b82795b44b680a3b8b034bdc2270,numeric,FROZEN_TIMECREATE_AGGREGATE_PASS
2024-12-15,B2,60,0.8835227272727273,0.8981818181818182,352,275,c960d8ab763415d1c5886840506cd1227f7adf5b163ac6cb6765b592fbae4664,numeric,FROZEN_TIMECREATE_AGGREGATE_PASS
2024-12-15,B3,51,0.8811475409836066,0.9230769230769231,244,221,31c6a52571500a035741604f3232e22f468f3a5a4fa1404cba3e55baa2eac567,numeric,FROZEN_TIMECREATE_AGGREGATE_PASS
2024-12-15,B4,60,0.915068493150685,0.8808139534883721,365,344,2dfda4098539c1a72fe2854ad1decff2b2f32734d76abc84faa800c5dc400f80,numeric,FROZEN_TIMECREATE_AGGREGATE_PASS
2024-12-15,B5,47,0.8509615384615384,0.8619402985074627,208,268,a144d340d12e75b194b27de6d190c083ba2e9114e0d453fe78a4973655c4d84d,numeric,FROZEN_TIMECREATE_AGGREGATE_PASS
2024-12-15,B6,59,0.9039039039039038,0.9142857142857143,333,350,1d2ee77abed02587eafb386aa40f90abd584a05f4b7661f657c70477cb141c53,numeric,FROZEN_TIMECREATE_AGGREGATE_PASS
2024-12-15,B7,43,0.8536585365853658,0.8502024291497976,246,247,52e5deede31c3b2d47024577979f4acdc8aa547a3dae10b423c8cf39f49741aa,numeric,FROZEN_TIMECREATE_AGGREGATE_PASS
2024-12-15,B8,62,0.8596938775510204,0.9263456090651558,392,353,de156d52630031bb9b09729d5c463fd3911940ad8796b8c3cb8a3f8aebb6e0ba,numeric,FROZEN_TIMECREATE_AGGREGATE_PASS
2024-12-15,B9,42,0.8455284552845529,0.8269230769230769,246,208,2051257e4e04516e612c0399cec119a01d807009622fec12bf7b5a2aa5e53619,numeric,FROZEN_TIMECREATE_AGGREGATE_PASS
2024-12-15,B10,71,0.9503105590062112,0.9085714285714286,322,350,8948c73b1e2e3f46259fcab43f7d45203c79921f553357ee04aa766f0addd242,numeric,FROZEN_TIMECREATE_AGGREGATE_PASS
2024-12-29,B1,41,0.7707317073170732,0.8290155440414507,205,193,1b598812fcf2ff722f66f86f0dd9844e96bee520fd6ed049acc7ad67ecceb0d9,numeric,FROZEN_TIMECREATE_AGGREGATE_PASS
2024-12-29,B2,55,0.9026845637583892,0.8695652173913043,298,299,b9f15f55ff301dd646a44606b577a3a6ebc489c5fcaa518375785ce56f7d4925,numeric,FROZEN_TIMECREATE_AGGREGATE_PASS
2024-12-29,B3,41,0.8018018018018018,0.7991803278688525,222,244,1ec897b72d78f175689927bbbed3e9090ee98018493eab1d0d5ede356dac9c33,numeric,FROZEN_TIMECREATE_AGGREGATE_PASS
2024-12-29,B4,61,0.9119318181818182,0.8778135048231511,352,311,1f557adde10f416dbc5d69cd07a30a61da5b1049486803a6071772fd05283bdc,numeric,FROZEN_TIMECREATE_AGGREGATE_PASS
2024-12-29,B5,39,0.8009259259259259,0.8486486486486486,216,185,926c7d7c543a7715438d5ab206a6b25e4c29c41dd72044d760ade6b985ac3fb7,numeric,FROZEN_TIMECREATE_AGGREGATE_PASS
2024-12-29,B6,55,0.8240469208211144,0.8809523809523809,341,294,f49ab85057b29e7a78194f9fab2670dd0fb2900e5379f133507c497ce1aba01b,numeric,FROZEN_TIMECREATE_AGGREGATE_PASS
2024-12-29,B7,0,0.0,0.0,0,170,4f53cda18c2baa0c0354bb5f9a3ecbe5ed12ab4d8e11ba873c2f11161202b945,numeric,FROZEN_TIMECREATE_AGGREGATE_PASS
2024-12-29,B8,0,0.0,0.0,0,193,4f53cda18c2baa0c0354bb5f9a3ecbe5ed12ab4d8e11ba873c2f11161202b945,numeric,FROZEN_TIMECREATE_AGGREGATE_PASS
2024-12-29,B9,0,0.0,0.0,0,170,4f53cda18c2baa0c0354bb5f9a3ecbe5ed12ab4d8e11ba873c2f11161202b945,numeric,FROZEN_TIMECREATE_AGGREGATE_PASS
2024-12-29,B10,0,0.0,0.0,0,296,4f53cda18c2baa0c0354bb5f9a3ecbe5ed12ab4d8e11ba873c2f11161202b945,numeric,FROZEN_TIMECREATE_AGGREGATE_PASS
