window_start,placebo_type,transformation,lower,upper
2021-08-29,TIMING,ALIGN_0,0.25073448467090204,0.25073449467090003
2021-08-29,TIMING,SHIFT_MINUS_1,0.27670444010940687,0.2767044501094063
2021-08-29,TIMING,SHIFT_MINUS_2,0.14045937837871392,0.1532012972942446
2021-08-29,TIMING,SHIFT_MINUS_3,0.22777885900380374,0.22777886900380373
2021-08-29,TIMING,SHIFT_MINUS_4,0.45524169615825877,0.4552417061582588
2021-08-29,TIMING,SHIFT_PLUS_1,0.13700306609380636,0.22457106187330747
2021-08-29,TIMING,SHIFT_PLUS_2,0.4222876183723198,0.42228762837231976
2021-08-29,TIMING,SHIFT_PLUS_3,0.42228761837231976,0.42228762837231976
2021-08-29,TIMING,SHIFT_PLUS_4,0.42228761837231993,0.42228762837231976
2021-08-29,DURATION_MASS_MATCHED,UNLABELED_B2_B4,0.5071816170350076,0.5071816170350076
2021-08-29,DURATION_MASS_MATCHED,UNLABELED_B4_B6,0.45524170615825876,0.45524170615825876
2021-08-29,DURATION_MASS_MATCHED,UNLABELED_B7_B9,0.5071816170350076,0.5071816170350076
2020-01-12,TIMING,ALIGN_0,0.06206394173832167,0.062063951738321514
2020-01-12,TIMING,SHIFT_MINUS_1,0.06206394173832202,0.062063951738321514
2020-01-12,TIMING,SHIFT_MINUS_2,0.058347687605020064,0.05834769760502003
2020-01-12,TIMING,SHIFT_MINUS_3,0.059035372895696714,0.08305750203481038
2020-01-12,TIMING,SHIFT_MINUS_4,0.10867344851523064,0.10867345851523064
2020-01-12,TIMING,SHIFT_PLUS_1,0.031137806030971986,0.0614595013715848
2020-01-12,TIMING,SHIFT_PLUS_2,0.03113780603097157,0.05834769760502003
2020-01-12,TIMING,SHIFT_PLUS_3,0.07788013824231603,0.07788014824231602
2020-01-12,TIMING,SHIFT_PLUS_4,0.07788013824231603,0.07788014824231602
2020-01-12,DURATION_MASS_MATCHED,UNLABELED_B2_B4,0.10867345851523064,0.10867345851523064
2020-01-12,DURATION_MASS_MATCHED,UNLABELED_B4_B6,0.10867345851523064,0.10867345851523064
2020-01-12,DURATION_MASS_MATCHED,UNLABELED_B7_B9,0.07788014824231602,0.07788014824231602
2020-01-26,TIMING,ALIGN_0,0.028240482559302914,0.028240492559302808
2020-01-26,TIMING,SHIFT_MINUS_1,0.04443437444304981,0.04443438444304981
2020-01-26,TIMING,SHIFT_MINUS_2,0.04443437444304981,0.04443438444304981
2020-01-26,TIMING,SHIFT_MINUS_3,0.04443437444304981,0.04443438444304981
2020-01-26,TIMING,SHIFT_MINUS_4,0.04443437444304981,0.04443438444304981
2020-01-26,TIMING,SHIFT_PLUS_1,0.028240482559302702,0.03415069711105791
2020-01-26,TIMING,SHIFT_PLUS_2,0.022230969305666447,0.03124000968159831
2020-01-26,TIMING,SHIFT_PLUS_3,0.0502117787076934,0.050211788707693404
2020-01-26,TIMING,SHIFT_PLUS_4,0.0502117787076934,0.050211788707693404
2020-01-26,DURATION_MASS_MATCHED,UNLABELED_B2_B4,0.04443438444304981,0.04443438444304981
2020-01-26,DURATION_MASS_MATCHED,UNLABELED_B4_B6,0.050211788707693404,0.050211788707693404
2020-01-26,DURATION_MASS_MATCHED,UNLABELED_B7_B9,0.050211788707693404,0.050211788707693404
2020-02-02,TIMING,ALIGN_0,0.06947369089006371,0.06947370089006363
2020-02-02,TIMING,SHIFT_MINUS_1,0.10719838075934812,0.10719839075934812
2020-02-02,TIMING,SHIFT_MINUS_2,0.10719838075934812,0.10719839075934812
2020-02-02,TIMING,SHIFT_MINUS_3,0.10719838075934812,0.10719839075934812
2020-02-02,TIMING,SHIFT_MINUS_4,0.10719838075934812,0.10719839075934812
2020-02-02,TIMING,SHIFT_PLUS_1,0.06947369089006364,0.06947370089006363
2020-02-02,TIMING,SHIFT_PLUS_2,0.06947369089006362,0.06947370089006363
2020-02-02,TIMING,SHIFT_PLUS_3,0.014333512237805103,0.06139767307175431
2020-02-02,TIMING,SHIFT_PLUS_4,0.03553909907184045,0.03553910907184045
2020-02-02,DURATION_MASS_MATCHED,UNLABELED_B2_B4,0.10719839075934812,0.10719839075934812
2020-02-02,DURATION_MASS_MATCHED,UNLABELED_B4_B6,0.10719839075934812,0.10719839075934812
2020-02-02,DURATION_MASS_MATCHED,UNLABELED_B7_B9,0.10719839075934812,0.10719839075934812
2020-02-09,TIMING,ALIGN_0,0.04855646824972918,0.04855647824972903
2020-02-09,TIMING,SHIFT_MINUS_1,0.06195189382865139,0.06310067091682613
2020-02-09,TIMING,SHIFT_MINUS_2,0.061951893828651114,0.06310067091682613
2020-02-09,TIMING,SHIFT_MINUS_3,0.061951893828651114,0.061951903828651116
2020-02-09,TIMING,SHIFT_MINUS_4,0.061951893828651114,0.061951903828651116
2020-02-09,TIMING,SHIFT_PLUS_1,0.0683183434354473,0.0683183534354473
2020-02-09,TIMING,SHIFT_PLUS_2,0.0747578892880947,0.0747578992880947
2020-02-09,TIMING,SHIFT_PLUS_3,0.0747578892880947,0.0747578992880947
2020-02-09,TIMING,SHIFT_PLUS_4,0.0747578892880947,0.0747578992880947
2020-02-09,DURATION_MASS_MATCHED,UNLABELED_B2_B4,0.0683183534354473,0.0683183534354473
2020-02-09,DURATION_MASS_MATCHED,UNLABELED_B4_B6,0.07475789928809469,0.07475789928809469
2020-02-09,DURATION_MASS_MATCHED,UNLABELED_B7_B9,0.07475789928809469,0.07475789928809469
2020-02-16,TIMING,ALIGN_0,0.06472973339996528,0.06472974339996501
2020-02-16,TIMING,SHIFT_MINUS_1,0.06472973339996504,0.06472974339996503
2020-02-16,TIMING,SHIFT_MINUS_2,0.04597753991712245,0.051923029068156865
2020-02-16,TIMING,SHIFT_MINUS_3,0.04660139809302728,0.04660140809302731
2020-02-16,TIMING,SHIFT_MINUS_4,0.0985980230839521,0.09859803308395211
2020-02-16,TIMING,SHIFT_PLUS_1,0.06251393949302683,0.06251394949302683
2020-02-16,TIMING,SHIFT_PLUS_2,0.06251393949302683,0.06251394949302683
2020-02-16,TIMING,SHIFT_PLUS_3,0.06251393949302683,0.06251394949302683
2020-02-16,TIMING,SHIFT_PLUS_4,0.06251393949302685,0.06472974339996503
2020-02-16,DURATION_MASS_MATCHED,UNLABELED_B2_B4,0.09883367923407085,0.09883367923407085
2020-02-16,DURATION_MASS_MATCHED,UNLABELED_B4_B6,0.0985980330839521,0.0985980330839521
2020-02-16,DURATION_MASS_MATCHED,UNLABELED_B7_B9,0.09883367923407085,0.09883367923407085
2020-03-01,TIMING,ALIGN_0,0.02137890906357895,0.05078929099041424
2020-03-01,TIMING,SHIFT_MINUS_1,0.06279929073329807,0.06279930073329792
2020-03-01,TIMING,SHIFT_MINUS_2,0.06279929073329792,0.06279930073329792
2020-03-01,TIMING,SHIFT_MINUS_3,0.09202418578404568,0.09202419578404569
2020-03-01,TIMING,SHIFT_MINUS_4,0.0920241857840457,0.09202419578404569
2020-03-01,TIMING,SHIFT_PLUS_1,0.14433298022236907,0.14433299022236906
2020-03-01,TIMING,SHIFT_PLUS_2,0.14433298022236907,0.14433299022236906
2020-03-01,TIMING,SHIFT_PLUS_3,0.14433298022236907,0.14433299022236906
2020-03-01,TIMING,SHIFT_PLUS_4,0.14433298022236907,0.14433299022236906
2020-03-01,DURATION_MASS_MATCHED,UNLABELED_B2_B4,0.1678485000277347,0.1678485000277347
2020-03-01,DURATION_MASS_MATCHED,UNLABELED_B4_B6,0.14433299022236906,0.14433299022236906
2020-03-01,DURATION_MASS_MATCHED,UNLABELED_B7_B9,0.16784850002773472,0.16784850002773472
2020-03-08,TIMING,ALIGN_0,0.04062749243237936,0.04062750243237933
2020-03-08,TIMING,SHIFT_MINUS_1,0.02097278338406133,0.020972793384061064
2020-03-08,TIMING,SHIFT_MINUS_2,0.027445510118378744,0.041167391228026956
2020-03-08,TIMING,SHIFT_MINUS_3,0.060282201480697586,0.060282211480697595
2020-03-08,TIMING,SHIFT_MINUS_4,0.060282201480697586,0.060282211480697595
2020-03-08,TIMING,SHIFT_PLUS_1,0.04062749243237956,0.04062750243237933
2020-03-08,TIMING,SHIFT_PLUS_2,0.03583205264120356,0.03583206264120356
2020-03-08,TIMING,SHIFT_PLUS_3,0.0608980714418881,0.0608980814418881
2020-03-08,TIMING,SHIFT_PLUS_4,0.0608980714418881,0.06089808144188811
2020-03-08,DURATION_MASS_MATCHED,UNLABELED_B2_B4,0.060282211480697595,0.060282211480697595
2020-03-08,DURATION_MASS_MATCHED,UNLABELED_B4_B6,0.0608980814418881,0.0608980814418881
2020-03-08,DURATION_MASS_MATCHED,UNLABELED_B7_B9,0.0608980814418881,0.0608980814418881
2020-03-15,TIMING,ALIGN_0,0.04287606743820533,0.04287607743820529
2020-03-15,TIMING,SHIFT_MINUS_1,0.048772001746381924,0.04877201174638187
2020-03-15,TIMING,SHIFT_MINUS_2,0.04877200174638187,0.04877201174638187
2020-03-15,TIMING,SHIFT_MINUS_3,0.04877200174638187,0.04877201174638187
2020-03-15,TIMING,SHIFT_MINUS_4,0.04877200174638187,0.04877201174638187
2020-03-15,TIMING,SHIFT_PLUS_1,0.06401022219205037,0.06401023219205036
2020-03-15,TIMING,SHIFT_PLUS_2,0.06401022219205037,0.06401023219205036
2020-03-15,TIMING,SHIFT_PLUS_3,0.06401022219205037,0.06401023219205036
2020-03-15,TIMING,SHIFT_PLUS_4,0.06401022219205037,0.06401023219205038
2020-03-15,DURATION_MASS_MATCHED,UNLABELED_B2_B4,0.06401023219205036,0.06401023219205036
2020-03-15,DURATION_MASS_MATCHED,UNLABELED_B4_B6,0.06401023219205036,0.06401023219205036
2020-03-15,DURATION_MASS_MATCHED,UNLABELED_B7_B9,0.06401023219205036,0.06401023219205036
2020-03-22,TIMING,ALIGN_0,0.04024636304147452,0.04024637304147416
2020-03-22,TIMING,SHIFT_MINUS_1,0.0593419958750585,0.05934200587505802
2020-03-22,TIMING,SHIFT_MINUS_2,0.059341995875058014,0.05934200587505802
2020-03-22,TIMING,SHIFT_MINUS_3,0.059341995875058014,0.05934200587505802
2020-03-22,TIMING,SHIFT_MINUS_4,0.0919036076745428,0.0919036176745428
2020-03-22,TIMING,SHIFT_PLUS_1,0.05858073673864156,0.05858074673864148
2020-03-22,TIMING,SHIFT_PLUS_2,0.058580736738641476,0.059342005875058015
2020-03-22,TIMING,SHIFT_PLUS_3,0.06196208021864931,0.06196209021864932
2020-03-22,TIMING,SHIFT_PLUS_4,0.06196208021864932,0.06196209021864931
2020-03-22,DURATION_MASS_MATCHED,UNLABELED_B2_B4,0.09190361767454279,0.09190361767454279
2020-03-22,DURATION_MASS_MATCHED,UNLABELED_B4_B6,0.09190361767454279,0.09190361767454279
2020-03-22,DURATION_MASS_MATCHED,UNLABELED_B7_B9,0.06196209021864931,0.06196209021864931
2020-03-29,TIMING,ALIGN_0,0.021599980791116413,0.021599990791116457
2020-03-29,TIMING,SHIFT_MINUS_1,0.04568225176120864,0.04568226176120853
2020-03-29,TIMING,SHIFT_MINUS_2,0.04568225176120853,0.04568226176120853
2020-03-29,TIMING,SHIFT_MINUS_3,0.04568225176120853,0.04568226176120853
2020-03-29,TIMING,SHIFT_MINUS_4,0.04403605451020245,0.04403606451020245
2020-03-29,TIMING,SHIFT_PLUS_1,0.015334132127354254,0.03540326556101661
2020-03-29,TIMING,SHIFT_PLUS_2,0.011309596361093835,0.04568226176120853
2020-03-29,TIMING,SHIFT_PLUS_3,0.012629547942057942,0.04568226176120853
2020-03-29,TIMING,SHIFT_PLUS_4,0.02347806210981869,0.023478072109818615
2020-03-29,DURATION_MASS_MATCHED,UNLABELED_B2_B4,0.0473284590122146,0.0473284590122146
2020-03-29,DURATION_MASS_MATCHED,UNLABELED_B4_B6,0.04403606451020245,0.04403606451020245
2020-03-29,DURATION_MASS_MATCHED,UNLABELED_B7_B9,0.0473284590122146,0.0473284590122146
2020-04-05,TIMING,ALIGN_0,0.02925122490647694,0.029620362886119148
2020-04-05,TIMING,SHIFT_MINUS_1,0.029251224906476907,0.03800726037684688
2020-04-05,TIMING,SHIFT_MINUS_2,0.03534634129816279,0.043825408397231924
2020-04-05,TIMING,SHIFT_MINUS_3,0.04867869540403787,0.048678705404037875
2020-04-05,TIMING,SHIFT_MINUS_4,0.04867869540403787,0.048678705404037875
2020-04-05,TIMING,SHIFT_PLUS_1,0.03927017278128372,0.04867870540403787
2020-04-05,TIMING,SHIFT_PLUS_2,0.039270172781283724,0.03927018278128372
2020-04-05,TIMING,SHIFT_PLUS_3,0.03927017278128371,0.04867870540403787
2020-04-05,TIMING,SHIFT_PLUS_4,0.05314318462975292,0.05314319462975292
2020-04-05,DURATION_MASS_MATCHED,UNLABELED_B2_B4,0.05551453177761253,0.05551453177761253
2020-04-05,DURATION_MASS_MATCHED,UNLABELED_B4_B6,0.04867870540403787,0.04867870540403787
2020-04-05,DURATION_MASS_MATCHED,UNLABELED_B7_B9,0.05551453177761253,0.05551453177761253
2020-04-19,TIMING,ALIGN_0,0.04501379988788824,0.04501380988788836
2020-04-19,TIMING,SHIFT_MINUS_1,0.027622779193509972,0.053363734661807764
2020-04-19,TIMING,SHIFT_MINUS_2,0.05475459103632094,0.054754601036320946
2020-04-19,TIMING,SHIFT_MINUS_3,0.05475459103632093,0.054754601036320946
2020-04-19,TIMING,SHIFT_MINUS_4,0.06332627446115285,0.06332628446115285
2020-04-19,TIMING,SHIFT_PLUS_1,0.03902706196790703,0.05217287271725552
2020-04-19,TIMING,SHIFT_PLUS_2,0.03902706196790701,0.054754601036320946
2020-04-19,TIMING,SHIFT_PLUS_3,0.030036924128490145,0.052172872717255514
2020-04-19,TIMING,SHIFT_PLUS_4,0.06781890247910666,0.06781891247910665
2020-04-19,DURATION_MASS_MATCHED,UNLABELED_B2_B4,0.06332628446115285,0.06332628446115285
2020-04-19,DURATION_MASS_MATCHED,UNLABELED_B4_B6,0.06332628446115285,0.06332628446115285
2020-04-19,DURATION_MASS_MATCHED,UNLABELED_B7_B9,0.06781891247910665,0.06781891247910665
2020-04-26,TIMING,ALIGN_0,0.05224754099300182,0.05224755099300187
2020-04-26,TIMING,SHIFT_MINUS_1,0.07467695445110266,0.07467696445110247
2020-04-26,TIMING,SHIFT_MINUS_2,0.07467695445110248,0.07467696445110247
2020-04-26,TIMING,SHIFT_MINUS_3,0.07467695445110248,0.07467696445110247
2020-04-26,TIMING,SHIFT_MINUS_4,0.09885138985642497,0.09885139985642497
2020-04-26,TIMING,SHIFT_PLUS_1,0.03101298722022148,0.05672407700080729
2020-04-26,TIMING,SHIFT_PLUS_2,0.039164438673706725,0.07467696445110247
2020-04-26,TIMING,SHIFT_PLUS_3,0.03916443867370673,0.07467696445110247
2020-04-26,TIMING,SHIFT_PLUS_4,0.0401512269378694,0.05224755099300188
2020-04-26,DURATION_MASS_MATCHED,UNLABELED_B2_B4,0.09885139985642497,0.09885139985642497
2020-04-26,DURATION_MASS_MATCHED,UNLABELED_B4_B6,0.09885139985642497,0.09885139985642497
2020-04-26,DURATION_MASS_MATCHED,UNLABELED_B7_B9,0.05224755099300187,0.05224755099300187
2020-05-03,TIMING,ALIGN_0,0.03332583755128766,0.033325847551287646
2020-05-03,TIMING,SHIFT_MINUS_1,0.046454863919375484,0.04645487391937505
2020-05-03,TIMING,SHIFT_MINUS_2,0.057039327474120084,0.05703933747412009
2020-05-03,TIMING,SHIFT_MINUS_3,0.057039327474120084,0.06646586945763924
2020-05-03,TIMING,SHIFT_MINUS_4,0.07466589440973742,0.07466590440973742
2020-05-03,TIMING,SHIFT_PLUS_1,0.029926223844120074,0.03758888346925629
2020-05-03,TIMING,SHIFT_PLUS_2,0.04434204051268546,0.04576598245870821
2020-05-03,TIMING,SHIFT_PLUS_3,0.06932731563885311,0.0693273256388531
2020-05-03,TIMING,SHIFT_PLUS_4,0.06932731563885311,0.0693273256388531
2020-05-03,DURATION_MASS_MATCHED,UNLABELED_B2_B4,0.07466590440973742,0.07466590440973742
2020-05-03,DURATION_MASS_MATCHED,UNLABELED_B4_B6,0.07466590440973742,0.07466590440973742
2020-05-03,DURATION_MASS_MATCHED,UNLABELED_B7_B9,0.0693273256388531,0.0693273256388531
2020-05-10,TIMING,ALIGN_0,0.031247498108721572,0.06250842040889144
2020-05-10,TIMING,SHIFT_MINUS_1,0.05163837853486598,0.07981511150853533
2020-05-10,TIMING,SHIFT_MINUS_2,0.07562788294622468,0.08041052751031193
2020-05-10,TIMING,SHIFT_MINUS_3,0.09323361257643001,0.09323362257643002
2020-05-10,TIMING,SHIFT_MINUS_4,0.09660773567348316,0.09660774567348317
2020-05-10,TIMING,SHIFT_PLUS_1,0.07293436414796646,0.09323362257643002
2020-05-10,TIMING,SHIFT_PLUS_2,0.0729343641479664,0.07562789294622467
2020-05-10,TIMING,SHIFT_PLUS_3,0.0774531405151986,0.09323362257643
2020-05-10,TIMING,SHIFT_PLUS_4,0.07745314051519861,0.07745315051519859
2020-05-10,DURATION_MASS_MATCHED,UNLABELED_B2_B4,0.11576234083176772,0.11576234083176772
2020-05-10,DURATION_MASS_MATCHED,UNLABELED_B4_B6,0.09323362257643,0.09323362257643
2020-05-10,DURATION_MASS_MATCHED,UNLABELED_B7_B9,0.11576234083176772,0.11576234083176772
2020-05-17,TIMING,ALIGN_0,0.03598260068008132,0.03598261068008136
2020-05-17,TIMING,SHIFT_MINUS_1,0.0359826006800814,0.03598261068008136
2020-05-17,TIMING,SHIFT_MINUS_2,0.05002609693400166,0.05002610693400166
2020-05-17,TIMING,SHIFT_MINUS_3,0.05002609693400166,0.05002610693400166
2020-05-17,TIMING,SHIFT_MINUS_4,0.05002609693400166,0.05002610693400167
2020-05-17,TIMING,SHIFT_PLUS_1,0.02398215581062143,0.031218286222163893
2020-05-17,TIMING,SHIFT_PLUS_2,0.031640390831929176,0.031640400831929115
2020-05-17,TIMING,SHIFT_PLUS_3,0.03164039083192913,0.031640400831929115
2020-05-17,TIMING,SHIFT_PLUS_4,0.05246314578070573,0.052463155780705734
2020-05-17,DURATION_MASS_MATCHED,UNLABELED_B2_B4,0.05002610693400166,0.05002610693400166
2020-05-17,DURATION_MASS_MATCHED,UNLABELED_B4_B6,0.05002610693400166,0.05002610693400166
2020-05-17,DURATION_MASS_MATCHED,UNLABELED_B7_B9,0.052463155780705734,0.052463155780705734
2020-05-31,TIMING,ALIGN_0,0.07250954505433808,0.07250955505433801
2020-05-31,TIMING,SHIFT_MINUS_1,0.07909622135857257,0.07909623135857215
2020-05-31,TIMING,SHIFT_MINUS_2,0.07909622135857215,0.07909623135857215
2020-05-31,TIMING,SHIFT_MINUS_3,0.07909622135857215,0.07909623135857215
2020-05-31,TIMING,SHIFT_MINUS_4,0.07909622135857215,0.08287158115550981
2020-05-31,TIMING,SHIFT_PLUS_1,0.07250954505433795,0.07250955505433801
2020-05-31,TIMING,SHIFT_PLUS_2,0.08936546254961576,0.08936547254961577
2020-05-31,TIMING,SHIFT_PLUS_3,0.08936546254961576,0.08936547254961576
2020-05-31,TIMING,SHIFT_PLUS_4,0.08936546254961576,0.08936547254961576
2020-05-31,DURATION_MASS_MATCHED,UNLABELED_B2_B4,0.09052705659378177,0.09052705659378177
2020-05-31,DURATION_MASS_MATCHED,UNLABELED_B4_B6,0.08936547254961577,0.08936547254961577
2020-05-31,DURATION_MASS_MATCHED,UNLABELED_B7_B9,0.09052705659378177,0.09052705659378177
2020-06-07,TIMING,ALIGN_0,0.07263711011524579,0.07263712011524551
2020-06-07,TIMING,SHIFT_MINUS_1,0.07263711011524579,0.07263712011524551
2020-06-07,TIMING,SHIFT_MINUS_2,0.07263711011524554,0.07263712011524551
2020-06-07,TIMING,SHIFT_MINUS_3,0.06397455560846338,0.06397456560846325
2020-06-07,TIMING,SHIFT_MINUS_4,0.12220922043707853,0.12220923043707854
2020-06-07,TIMING,SHIFT_PLUS_1,0.016334742844481283,0.07090822289659633
2020-06-07,TIMING,SHIFT_PLUS_2,0.03208477536332753,0.06010444486971729
2020-06-07,TIMING,SHIFT_PLUS_3,0.03208477536332744,0.07263712011524551
2020-06-07,TIMING,SHIFT_PLUS_4,0.03208477536332744,0.07263712011524551
2020-06-07,DURATION_MASS_MATCHED,UNLABELED_B2_B4,0.12220923043707854,0.12220923043707854
2020-06-07,DURATION_MASS_MATCHED,UNLABELED_B4_B6,0.12220923043707853,0.12220923043707853
2020-06-07,DURATION_MASS_MATCHED,UNLABELED_B7_B9,0.07263712011524551,0.07263712011524551
2020-06-14,TIMING,ALIGN_0,0.09093290334060797,0.09093291334060814
2020-06-14,TIMING,SHIFT_MINUS_1,0.11069807517518575,0.11069808517518533
2020-06-14,TIMING,SHIFT_MINUS_2,0.11069807517518532,0.11069808517518533
2020-06-14,TIMING,SHIFT_MINUS_3,0.11069807517518532,0.11069808517518533
2020-06-14,TIMING,SHIFT_MINUS_4,0.13478973516635925,0.13478974516635928
2020-06-14,TIMING,SHIFT_PLUS_1,0.03688682375011048,0.09487770244227198
2020-06-14,TIMING,SHIFT_PLUS_2,0.03688682375011048,0.11069808517518533
2020-06-14,TIMING,SHIFT_PLUS_3,0.03599452673224168,0.11069808517518533
2020-06-14,TIMING,SHIFT_PLUS_4,0.03599452673224176,0.09093291334060814
2020-06-14,DURATION_MASS_MATCHED,UNLABELED_B2_B4,0.13478974516635925,0.13478974516635925
2020-06-14,DURATION_MASS_MATCHED,UNLABELED_B4_B6,0.13478974516635925,0.13478974516635925
2020-06-14,DURATION_MASS_MATCHED,UNLABELED_B7_B9,0.09093291334060813,0.09093291334060813
2020-06-21,TIMING,ALIGN_0,0.04476046089905428,0.04733746564595105
2020-06-21,TIMING,SHIFT_MINUS_1,0.06762881360352997,0.06762882360352965
2020-06-21,TIMING,SHIFT_MINUS_2,0.06762881360352965,0.06762882360352965
2020-06-21,TIMING,SHIFT_MINUS_3,0.06762881360352965,0.06762882360352965
2020-06-21,TIMING,SHIFT_MINUS_4,0.06778949159651913,0.06778950159651913
2020-06-21,TIMING,SHIFT_PLUS_1,0.032220933613348664,0.04932460164765748
2020-06-21,TIMING,SHIFT_PLUS_2,0.03222093361334867,0.06762882360352965
2020-06-21,TIMING,SHIFT_PLUS_3,0.03222093361334868,0.06762882360352965
2020-06-21,TIMING,SHIFT_PLUS_4,0.04028380395880611,0.04733746564595105
2020-06-21,DURATION_MASS_MATCHED,UNLABELED_B2_B4,0.06778950159651913,0.06778950159651913
2020-06-21,DURATION_MASS_MATCHED,UNLABELED_B4_B6,0.06778950159651913,0.06778950159651913
2020-06-21,DURATION_MASS_MATCHED,UNLABELED_B7_B9,0.06746814561054015,0.06746814561054015
2020-06-28,TIMING,ALIGN_0,0.060205936008229766,0.06020594600822965
2020-06-28,TIMING,SHIFT_MINUS_1,0.06020593600822991,0.06113984279866843
2020-06-28,TIMING,SHIFT_MINUS_2,0.11790858603359601,0.11790859603359602
2020-06-28,TIMING,SHIFT_MINUS_3,0.11790858603359601,0.11790859603359602
2020-06-28,TIMING,SHIFT_MINUS_4,0.11790858603359601,0.11790859603359602
2020-06-28,TIMING,SHIFT_PLUS_1,0.060205936008229564,0.06020594600822965
2020-06-28,TIMING,SHIFT_PLUS_2,0.04052328089974459,0.05175963331475361
2020-06-28,TIMING,SHIFT_PLUS_3,0.032917174191787794,0.054244079250442084
2020-06-28,TIMING,SHIFT_PLUS_4,0.10067816199616082,0.10067817199616082
2020-06-28,DURATION_MASS_MATCHED,UNLABELED_B2_B4,0.11790859603359602,0.11790859603359602
2020-06-28,DURATION_MASS_MATCHED,UNLABELED_B4_B6,0.117908596033596,0.117908596033596
2020-06-28,DURATION_MASS_MATCHED,UNLABELED_B7_B9,0.10067817199616082,0.10067817199616082
2020-07-05,TIMING,ALIGN_0,0.025782856006505418,0.07923109559269792
2020-07-05,TIMING,SHIFT_MINUS_1,0.019054348495534976,0.05374575696273147
2020-07-05,TIMING,SHIFT_MINUS_2,0.05819846193373935,0.07923109559269792
2020-07-05,TIMING,SHIFT_MINUS_3,0.05501569892489329,0.07923109559269792
2020-07-05,TIMING,SHIFT_MINUS_4,0.04197543963183136,0.042906147845295
2020-07-05,TIMING,SHIFT_PLUS_1,0.1000544363672079,0.1000544463672079
2020-07-05,TIMING,SHIFT_PLUS_2,0.1000544363672079,0.10005444636720791
2020-07-05,TIMING,SHIFT_PLUS_3,0.1000544363672079,0.10005444636720791
2020-07-05,TIMING,SHIFT_PLUS_4,0.1000544363672079,0.1000544463672079
2020-07-05,DURATION_MASS_MATCHED,UNLABELED_B2_B4,0.1000544463672079,0.1000544463672079
2020-07-05,DURATION_MASS_MATCHED,UNLABELED_B4_B6,0.1000544463672079,0.1000544463672079
2020-07-05,DURATION_MASS_MATCHED,UNLABELED_B7_B9,0.1000544463672079,0.1000544463672079
2020-07-12,TIMING,ALIGN_0,0.023906589044838132,0.06158823598604107
2020-07-12,TIMING,SHIFT_MINUS_1,0.04864331752914801,0.09555801994284226
2020-07-12,TIMING,SHIFT_MINUS_2,0.09479144430285523,0.09479145430285517
2020-07-12,TIMING,SHIFT_MINUS_3,0.09479144430285527,0.09479145430285517
2020-07-12,TIMING,SHIFT_MINUS_4,0.09863228375113817,0.09863229375113813
2020-07-12,TIMING,SHIFT_PLUS_1,0.10154127624277878,0.10154128624277878
2020-07-12,TIMING,SHIFT_PLUS_2,0.10154127624277878,0.10154128624277878
2020-07-12,TIMING,SHIFT_PLUS_3,0.10154127624277878,0.10154128624277878
2020-07-12,TIMING,SHIFT_PLUS_4,0.10154127624277878,0.10154128624277878
2020-07-12,DURATION_MASS_MATCHED,UNLABELED_B2_B4,0.16297873019864725,0.16297873019864725
2020-07-12,DURATION_MASS_MATCHED,UNLABELED_B4_B6,0.10154128624277878,0.10154128624277878
2020-07-12,DURATION_MASS_MATCHED,UNLABELED_B7_B9,0.16297873019864725,0.16297873019864725
2020-07-19,TIMING,ALIGN_0,0.06157055890993774,0.061570568909937715
2020-07-19,TIMING,SHIFT_MINUS_1,0.0725305793644994,0.07253058936449941
2020-07-19,TIMING,SHIFT_MINUS_2,0.0725305793644994,0.0725305893644994
2020-07-19,TIMING,SHIFT_MINUS_3,0.0725305793644994,0.0725305893644994
2020-07-19,TIMING,SHIFT_MINUS_4,0.0725305793644994,0.0725305893644994
2020-07-19,TIMING,SHIFT_PLUS_1,0.06157055890993771,0.061570568909937715
2020-07-19,TIMING,SHIFT_PLUS_2,0.06157055890993771,0.061570568909937715
2020-07-19,TIMING,SHIFT_PLUS_3,0.04500213500214503,0.05067064259870907
2020-07-19,TIMING,SHIFT_PLUS_4,0.04500213500214507,0.04500214500214503
2020-07-19,DURATION_MASS_MATCHED,UNLABELED_B2_B4,0.0725305893644994,0.0725305893644994
2020-07-19,DURATION_MASS_MATCHED,UNLABELED_B4_B6,0.0725305893644994,0.0725305893644994
2020-07-19,DURATION_MASS_MATCHED,UNLABELED_B7_B9,0.07253058936449941,0.07253058936449941
2020-07-26,TIMING,ALIGN_0,0.03730328223864469,0.04193675282855955
2020-07-26,TIMING,SHIFT_MINUS_1,0.048805136762059234,0.05436587161255399
2020-07-26,TIMING,SHIFT_MINUS_2,0.05275357867531714,0.05275358867531714
2020-07-26,TIMING,SHIFT_MINUS_3,0.052753578675317145,0.06436755497814703
2020-07-26,TIMING,SHIFT_MINUS_4,0.06996063241194111,0.06996064241194111
2020-07-26,TIMING,SHIFT_PLUS_1,0.05025215205933488,0.05025216205933486
2020-07-26,TIMING,SHIFT_PLUS_2,0.05025215205933486,0.05275358867531714
2020-07-26,TIMING,SHIFT_PLUS_3,0.08670130455845741,0.0867013145584574
2020-07-26,TIMING,SHIFT_PLUS_4,0.08670130455845741,0.0867013145584574
2020-07-26,DURATION_MASS_MATCHED,UNLABELED_B2_B4,0.057461440565228075,0.057461440565228075
2020-07-26,DURATION_MASS_MATCHED,UNLABELED_B4_B6,0.0867013145584574,0.0867013145584574
2020-07-26,DURATION_MASS_MATCHED,UNLABELED_B7_B9,0.0867013145584574,0.0867013145584574
2020-08-02,TIMING,ALIGN_0,0.05005981483511872,0.05005982483511862
2020-08-02,TIMING,SHIFT_MINUS_1,0.05005981483512001,0.0693445144813998
2020-08-02,TIMING,SHIFT_MINUS_2,0.07734261080846629,0.07734262080846628
2020-08-02,TIMING,SHIFT_MINUS_3,0.07734261080846629,0.07734262080846628
2020-08-02,TIMING,SHIFT_MINUS_4,0.07164186436303899,0.07164187436303898
2020-08-02,TIMING,SHIFT_PLUS_1,0.03271422499447727,0.06381256194487878
2020-08-02,TIMING,SHIFT_PLUS_2,0.020736032723676568,0.07734262080846628
2020-08-02,TIMING,SHIFT_PLUS_3,0.04531152082435149,0.045311530824351354
2020-08-02,TIMING,SHIFT_PLUS_4,0.07568332722150835,0.07568333722150834
2020-08-02,DURATION_MASS_MATCHED,UNLABELED_B2_B4,0.08304336725389358,0.08304336725389358
2020-08-02,DURATION_MASS_MATCHED,UNLABELED_B4_B6,0.07164187436303898,0.07164187436303898
2020-08-02,DURATION_MASS_MATCHED,UNLABELED_B7_B9,0.08304336725389357,0.08304336725389357
2020-08-09,TIMING,ALIGN_0,0.0951084674425652,0.09510847744256512
2020-08-09,TIMING,SHIFT_MINUS_1,0.09510846744256539,0.09510847744256513
2020-08-09,TIMING,SHIFT_MINUS_2,0.10518262396766928,0.10518263396766928
2020-08-09,TIMING,SHIFT_MINUS_3,0.10518262396766928,0.10518263396766928
2020-08-09,TIMING,SHIFT_MINUS_4,0.10518262396766928,0.10518263396766928
2020-08-09,TIMING,SHIFT_PLUS_1,0.04224912482240368,0.09018107508881226
2020-08-09,TIMING,SHIFT_PLUS_2,0.04224912482240371,0.05347773787151379
2020-08-09,TIMING,SHIFT_PLUS_3,0.039634468335803995,0.05483177253838016
2020-08-09,TIMING,SHIFT_PLUS_4,0.06846230567326743,0.09510847744256513
2020-08-09,DURATION_MASS_MATCHED,UNLABELED_B2_B4,0.10518263396766928,0.10518263396766928
2020-08-09,DURATION_MASS_MATCHED,UNLABELED_B4_B6,0.10518263396766928,0.10518263396766928
2020-08-09,DURATION_MASS_MATCHED,UNLABELED_B7_B9,0.09510847744256512,0.09510847744256512
2020-08-16,TIMING,ALIGN_0,0.027431028526321944,0.029193344726079998
2020-08-16,TIMING,SHIFT_MINUS_1,0.035144815075533624,0.05072126327724779
2020-08-16,TIMING,SHIFT_MINUS_2,0.05044660737842238,0.05044661737842238
2020-08-16,TIMING,SHIFT_MINUS_3,0.05044660737842239,0.050446617378422376
2020-08-16,TIMING,SHIFT_MINUS_4,0.05285002533209333,0.05285003533209337
2020-08-16,TIMING,SHIFT_PLUS_1,0.03796808251354716,0.03796809251354706
2020-08-16,TIMING,SHIFT_PLUS_2,0.04347257774356927,0.05044661737842238
2020-08-16,TIMING,SHIFT_PLUS_3,0.0769415635029118,0.0769415735029118
2020-08-16,TIMING,SHIFT_PLUS_4,0.0769415635029118,0.0769415735029118
2020-08-16,DURATION_MASS_MATCHED,UNLABELED_B2_B4,0.054829782790309096,0.054829782790309096
2020-08-16,DURATION_MASS_MATCHED,UNLABELED_B4_B6,0.0769415735029118,0.0769415735029118
2020-08-16,DURATION_MASS_MATCHED,UNLABELED_B7_B9,0.0769415735029118,0.0769415735029118
2020-08-30,TIMING,ALIGN_0,0.05233549996401952,0.05243428099238641
2020-08-30,TIMING,SHIFT_MINUS_1,0.07287116146968318,0.09173962760205819
2020-08-30,TIMING,SHIFT_MINUS_2,0.07287116146968318,0.09173962760205817
2020-08-30,TIMING,SHIFT_MINUS_3,0.07287116146968318,0.07967617730721922
2020-08-30,TIMING,SHIFT_MINUS_4,0.07666816376805446,0.07666817376805447
2020-08-30,TIMING,SHIFT_PLUS_1,0.0523354999640196,0.09173962760205817
2020-08-30,TIMING,SHIFT_PLUS_2,0.0621402881830971,0.062140298183097076
2020-08-30,TIMING,SHIFT_PLUS_3,0.12133894702101929,0.1213389570210193
2020-08-30,TIMING,SHIFT_PLUS_4,0.12133894702101929,0.1213389570210193
2020-08-30,DURATION_MASS_MATCHED,UNLABELED_B2_B4,0.09173962760205819,0.09173962760205819
2020-08-30,DURATION_MASS_MATCHED,UNLABELED_B4_B6,0.12133895702101928,0.12133895702101928
2020-08-30,DURATION_MASS_MATCHED,UNLABELED_B7_B9,0.12133895702101928,0.12133895702101928
2020-09-13,TIMING,ALIGN_0,0.062459369579835916,0.062459379579836063
2020-09-13,TIMING,SHIFT_MINUS_1,0.06548906951256808,0.06548907951256773
2020-09-13,TIMING,SHIFT_MINUS_2,0.06650691385962172,0.06650692385962173
2020-09-13,TIMING,SHIFT_MINUS_3,0.06650691385962171,0.06650692385962173
2020-09-13,TIMING,SHIFT_MINUS_4,0.08411728929662868,0.08411729929662867
2020-09-13,TIMING,SHIFT_PLUS_1,0.03163526985926972,0.06326719995686249
2020-09-13,TIMING,SHIFT_PLUS_2,0.049862710751282915,0.06650692385962173
2020-09-13,TIMING,SHIFT_PLUS_3,0.04986271075128288,0.06548907951256773
2020-09-13,TIMING,SHIFT_PLUS_4,0.04986271075128289,0.04986272075128288
2020-09-13,DURATION_MASS_MATCHED,UNLABELED_B2_B4,0.08411729929662867,0.08411729929662867
2020-09-13,DURATION_MASS_MATCHED,UNLABELED_B4_B6,0.08411729929662867,0.08411729929662867
2020-09-13,DURATION_MASS_MATCHED,UNLABELED_B7_B9,0.08285458414134886,0.08285458414134886
2020-09-20,TIMING,ALIGN_0,0.06489489719051635,0.06489490719051633
2020-09-20,TIMING,SHIFT_MINUS_1,0.06489489719051683,0.07059632212301686
2020-09-20,TIMING,SHIFT_MINUS_2,0.07452786905485566,0.07452787905485564
2020-09-20,TIMING,SHIFT_MINUS_3,0.07452786905485563,0.07682530640366055
2020-09-20,TIMING,SHIFT_MINUS_4,0.0836603720156452,0.08366038201564521
2020-09-20,TIMING,SHIFT_PLUS_1,0.0824086563099361,0.0824086663099361
2020-09-20,TIMING,SHIFT_PLUS_2,0.0824086563099361,0.0824086663099361
2020-09-20,TIMING,SHIFT_PLUS_3,0.0824086563099361,0.0824086663099361
2020-09-20,TIMING,SHIFT_PLUS_4,0.0824086563099361,0.0824086663099361
2020-09-20,DURATION_MASS_MATCHED,UNLABELED_B2_B4,0.0836603820156452,0.0836603820156452
2020-09-20,DURATION_MASS_MATCHED,UNLABELED_B4_B6,0.0836603820156452,0.0836603820156452
2020-09-20,DURATION_MASS_MATCHED,UNLABELED_B7_B9,0.0824086663099361,0.0824086663099361
2020-09-27,TIMING,ALIGN_0,0.04971566131604132,0.049715671316041356
2020-09-27,TIMING,SHIFT_MINUS_1,0.0497156613160418,0.08416450068409567
2020-09-27,TIMING,SHIFT_MINUS_2,0.08309934843274763,0.08379059962716023
2020-09-27,TIMING,SHIFT_MINUS_3,0.08369735795006368,0.08369736795006363
2020-09-27,TIMING,SHIFT_MINUS_4,0.06241563581990114,0.06954153258937298
2020-09-27,TIMING,SHIFT_PLUS_1,0.038111729271846286,0.05891804799572038
2020-09-27,TIMING,SHIFT_PLUS_2,0.05909888044119973,0.08309935843274763
2020-09-27,TIMING,SHIFT_PLUS_3,0.08380291952661376,0.08380292952661375
2020-09-27,TIMING,SHIFT_PLUS_4,0.10923010092699163,0.10923011092699163
2020-09-27,DURATION_MASS_MATCHED,UNLABELED_B2_B4,0.10803409189235962,0.10803409189235962
2020-09-27,DURATION_MASS_MATCHED,UNLABELED_B4_B6,0.08380292952661375,0.08380292952661375
2020-09-27,DURATION_MASS_MATCHED,UNLABELED_B7_B9,0.10923011092699163,0.10923011092699163
2020-10-04,TIMING,ALIGN_0,0.04200795969197283,0.04200796969197274
2020-10-04,TIMING,SHIFT_MINUS_1,0.0443882662472148,0.06999620293443237
2020-10-04,TIMING,SHIFT_MINUS_2,0.07101323445137978,0.07101324445137976
2020-10-04,TIMING,SHIFT_MINUS_3,0.07101323445137979,0.07101324445137976
2020-10-04,TIMING,SHIFT_MINUS_4,0.0631928237698638,0.0631928337698638
2020-10-04,TIMING,SHIFT_PLUS_1,0.023486591118182742,0.04779692476503257
2020-10-04,TIMING,SHIFT_PLUS_2,0.030239916845114297,0.07101324445137976
2020-10-04,TIMING,SHIFT_PLUS_3,0.05897923864628528,0.05897924864628527
2020-10-04,TIMING,SHIFT_PLUS_4,0.0783617380639145,0.0783617480639145
2020-10-04,DURATION_MASS_MATCHED,UNLABELED_B2_B4,0.11376638468743733,0.11376638468743733
2020-10-04,DURATION_MASS_MATCHED,UNLABELED_B4_B6,0.0631928337698638,0.0631928337698638
2020-10-04,DURATION_MASS_MATCHED,UNLABELED_B7_B9,0.11376638468743733,0.11376638468743733
2020-10-11,TIMING,ALIGN_0,0.03755967142221198,0.037559681422211944
2020-10-11,TIMING,SHIFT_MINUS_1,0.04619942669958073,0.046199436699580515
2020-10-11,TIMING,SHIFT_MINUS_2,0.04470249849664371,0.044702508496643714
2020-10-11,TIMING,SHIFT_MINUS_3,0.044702498496643754,0.044702508496643714
2020-10-11,TIMING,SHIFT_MINUS_4,0.053368748089788136,0.05336875808978814
2020-10-11,TIMING,SHIFT_PLUS_1,0.037559671422212317,0.037559681422211944
2020-10-11,TIMING,SHIFT_PLUS_2,0.022189871826445707,0.044702508496643714
2020-10-11,TIMING,SHIFT_PLUS_3,0.04885585647460845,0.048855866474608454
2020-10-11,TIMING,SHIFT_PLUS_4,0.057812070006324615,0.05781208000632464
2020-10-11,DURATION_MASS_MATCHED,UNLABELED_B2_B4,0.0789717449720326,0.0789717449720326
2020-10-11,DURATION_MASS_MATCHED,UNLABELED_B4_B6,0.05336875808978814,0.05336875808978814
2020-10-11,DURATION_MASS_MATCHED,UNLABELED_B7_B9,0.07897174497203259,0.07897174497203259
2020-10-18,TIMING,ALIGN_0,0.05588884663610432,0.05588885663610426
2020-10-18,TIMING,SHIFT_MINUS_1,0.07360738573514097,0.0736073957351407
2020-10-18,TIMING,SHIFT_MINUS_2,0.07498120439273534,0.07498121439273533
2020-10-18,TIMING,SHIFT_MINUS_3,0.07498120439273534,0.07498121439273533
2020-10-18,TIMING,SHIFT_MINUS_4,0.09293796906539019,0.09293797906539018
2020-10-18,TIMING,SHIFT_PLUS_1,0.04691046429977707,0.05942517296668165
2020-10-18,TIMING,SHIFT_PLUS_2,0.012550157916629045,0.0736073957351407
2020-10-18,TIMING,SHIFT_PLUS_3,0.02334250160781775,0.0736073957351407
2020-10-18,TIMING,SHIFT_PLUS_4,0.04222108851094206,0.05588885663610426
2020-10-18,DURATION_MASS_MATCHED,UNLABELED_B2_B4,0.09293797906539018,0.09293797906539018
2020-10-18,DURATION_MASS_MATCHED,UNLABELED_B4_B6,0.09293797906539018,0.09293797906539018
2020-10-18,DURATION_MASS_MATCHED,UNLABELED_B7_B9,0.06921332774838353,0.06921332774838353
2020-11-01,TIMING,ALIGN_0,0.08575057759448693,0.08575058759448703
2020-11-01,TIMING,SHIFT_MINUS_1,0.10841666525783938,0.10841667525783912
2020-11-01,TIMING,SHIFT_MINUS_2,0.11564661878138964,0.11564662878138968
2020-11-01,TIMING,SHIFT_MINUS_3,0.17085692034039943,0.17085693034039942
2020-11-01,TIMING,SHIFT_MINUS_4,0.17085692034039943,0.17085693034039942
2020-11-01,TIMING,SHIFT_PLUS_1,0.08575057759448708,0.08575058759448703
2020-11-01,TIMING,SHIFT_PLUS_2,0.043114711495869054,0.09171732435974368
2020-11-01,TIMING,SHIFT_PLUS_3,0.043114711495869144,0.10841667525783912
2020-11-01,TIMING,SHIFT_PLUS_4,0.04311471149586941,0.08575058759448703
2020-11-01,DURATION_MASS_MATCHED,UNLABELED_B2_B4,0.17085693034039942,0.17085693034039942
2020-11-01,DURATION_MASS_MATCHED,UNLABELED_B4_B6,0.17085693034039945,0.17085693034039945
2020-11-01,DURATION_MASS_MATCHED,UNLABELED_B7_B9,0.08575058759448703,0.08575058759448703
2020-11-08,TIMING,ALIGN_0,0.021837304294556763,0.022893564213453295
2020-11-08,TIMING,SHIFT_MINUS_1,0.02705510737315888,0.03805641515930572
2020-11-08,TIMING,SHIFT_MINUS_2,0.037991138133733955,0.03799114813373393
2020-11-08,TIMING,SHIFT_MINUS_3,0.03191491132518486,0.03532411301702719
2020-11-08,TIMING,SHIFT_MINUS_4,0.04080323066644176,0.04080324066644176
2020-11-08,TIMING,SHIFT_PLUS_1,0.0394739970640348,0.03947400706403476
2020-11-08,TIMING,SHIFT_PLUS_2,0.05287713405145834,0.052877144051458345
2020-11-08,TIMING,SHIFT_PLUS_3,0.05287713405145834,0.05287714405145834
2020-11-08,TIMING,SHIFT_PLUS_4,0.05287713405145834,0.05287714405145834
2020-11-08,DURATION_MASS_MATCHED,UNLABELED_B2_B4,0.05773227952718091,0.05773227952718091
2020-11-08,DURATION_MASS_MATCHED,UNLABELED_B4_B6,0.05287714405145834,0.05287714405145834
2020-11-08,DURATION_MASS_MATCHED,UNLABELED_B7_B9,0.05773227952718091,0.05773227952718091
2020-11-15,TIMING,ALIGN_0,0.04361335479041498,0.04361336479041494
2020-11-15,TIMING,SHIFT_MINUS_1,0.050739524887589274,0.050739534887589026
2020-11-15,TIMING,SHIFT_MINUS_2,0.05496034649488334,0.054960356494883345
2020-11-15,TIMING,SHIFT_MINUS_3,0.05496034649488334,0.054960356494883345
2020-11-15,TIMING,SHIFT_MINUS_4,0.05496034649488334,0.05496035649488335
2020-11-15,TIMING,SHIFT_PLUS_1,0.04361335479041492,0.04361336479041494
2020-11-15,TIMING,SHIFT_PLUS_2,0.03838566198496276,0.03939684967157546
2020-11-15,TIMING,SHIFT_PLUS_3,0.03838566198496276,0.03838567198496276
2020-11-15,TIMING,SHIFT_PLUS_4,0.03838566198496276,0.04361336479041494
2020-11-15,DURATION_MASS_MATCHED,UNLABELED_B2_B4,0.054960356494883345,0.054960356494883345
2020-11-15,DURATION_MASS_MATCHED,UNLABELED_B4_B6,0.054960356494883345,0.054960356494883345
2020-11-15,DURATION_MASS_MATCHED,UNLABELED_B7_B9,0.04651871328029471,0.04651871328029471
2020-11-29,TIMING,ALIGN_0,0.06094555552009382,0.06094556552009361
2020-11-29,TIMING,SHIFT_MINUS_1,0.038435758486058284,0.04165913614700124
2020-11-29,TIMING,SHIFT_MINUS_2,0.05343093638907954,0.05343094638907954
2020-11-29,TIMING,SHIFT_MINUS_3,0.10741341239583696,0.10741342239583695
2020-11-29,TIMING,SHIFT_MINUS_4,0.10741341239583696,0.10741342239583695
2020-11-29,TIMING,SHIFT_PLUS_1,0.060945555520093585,0.060945565520093614
2020-11-29,TIMING,SHIFT_PLUS_2,0.04993690492860165,0.057444230761328346
2020-11-29,TIMING,SHIFT_PLUS_3,0.05798702787185895,0.057987037871858944
2020-11-29,TIMING,SHIFT_PLUS_4,0.05798702787185894,0.05798703787185895
2020-11-29,DURATION_MASS_MATCHED,UNLABELED_B2_B4,0.10741342239583695,0.10741342239583695
2020-11-29,DURATION_MASS_MATCHED,UNLABELED_B4_B6,0.10741342239583695,0.10741342239583695
2020-11-29,DURATION_MASS_MATCHED,UNLABELED_B7_B9,0.05798703787185895,0.05798703787185895
2020-12-06,TIMING,ALIGN_0,0.06172729481617192,0.061727304816171766
2020-12-06,TIMING,SHIFT_MINUS_1,0.07676485076263086,0.07676486076263045
2020-12-06,TIMING,SHIFT_MINUS_2,0.07676485076263045,0.07676486076263045
2020-12-06,TIMING,SHIFT_MINUS_3,0.07676485076263045,0.07676486076263045
2020-12-06,TIMING,SHIFT_MINUS_4,0.07676485076263045,0.07676486076263045
2020-12-06,TIMING,SHIFT_PLUS_1,0.05460181055903878,0.058682422203739155
2020-12-06,TIMING,SHIFT_PLUS_2,0.11419544115820186,0.11419545115820187
2020-12-06,TIMING,SHIFT_PLUS_3,0.11419544115820186,0.11419545115820186
2020-12-06,TIMING,SHIFT_PLUS_4,0.11419544115820186,0.11419545115820187
2020-12-06,DURATION_MASS_MATCHED,UNLABELED_B2_B4,0.07676486076263045,0.07676486076263045
2020-12-06,DURATION_MASS_MATCHED,UNLABELED_B4_B6,0.11419545115820187,0.11419545115820187
2020-12-06,DURATION_MASS_MATCHED,UNLABELED_B7_B9,0.11419545115820187,0.11419545115820187
2020-12-13,TIMING,ALIGN_0,0.03678129964225379,0.03678130964225376
2020-12-13,TIMING,SHIFT_MINUS_1,0.039023450307608794,0.041008690748180594
2020-12-13,TIMING,SHIFT_MINUS_2,0.04029804810627729,0.05292774082893181
2020-12-13,TIMING,SHIFT_MINUS_3,0.056074487846973574,0.05607449784697356
2020-12-13,TIMING,SHIFT_MINUS_4,0.05607448784697353,0.05607449784697356
2020-12-13,TIMING,SHIFT_PLUS_1,0.03678129964225377,0.05607449784697356
2020-12-13,TIMING,SHIFT_PLUS_2,0.034599946117856134,0.03459995611785608
2020-12-13,TIMING,SHIFT_PLUS_3,0.03459994611785608,0.04482646327180538
2020-12-13,TIMING,SHIFT_PLUS_4,0.07351949696191531,0.07351950696191531
2020-12-13,DURATION_MASS_MATCHED,UNLABELED_B2_B4,0.04090715584968458,0.04090715584968458
2020-12-13,DURATION_MASS_MATCHED,UNLABELED_B4_B6,0.05607449784697356,0.05607449784697356
2020-12-13,DURATION_MASS_MATCHED,UNLABELED_B7_B9,0.07351950696191531,0.07351950696191531
2021-01-03,TIMING,ALIGN_0,0.052314193701774404,0.08650103894778999
2021-01-03,TIMING,SHIFT_MINUS_1,0.05231419370177458,0.05231420370177432
2021-01-03,TIMING,SHIFT_MINUS_2,0.04077071220759821,0.10348887786469563
2021-01-03,TIMING,SHIFT_MINUS_3,0.1001037354774972,0.10010374547749719
2021-01-03,TIMING,SHIFT_MINUS_4,0.1001037354774972,0.10010374547749719
2021-01-03,TIMING,SHIFT_PLUS_1,0.13479977111557062,0.13479978111557062
2021-01-03,TIMING,SHIFT_PLUS_2,0.13479977111557062,0.13479978111557062
2021-01-03,TIMING,SHIFT_PLUS_3,0.13479977111557062,0.13479978111557062
2021-01-03,TIMING,SHIFT_PLUS_4,0.13479977111557062,0.13479978111557062
2021-01-03,DURATION_MASS_MATCHED,UNLABELED_B2_B4,0.13479978111557062,0.13479978111557062
2021-01-03,DURATION_MASS_MATCHED,UNLABELED_B4_B6,0.13479978111557062,0.13479978111557062
2021-01-03,DURATION_MASS_MATCHED,UNLABELED_B7_B9,0.13479978111557062,0.13479978111557062
2021-01-10,TIMING,ALIGN_0,0.020107581121749908,0.061843015525597435
2021-01-10,TIMING,SHIFT_MINUS_1,0.021027566846385716,0.03536517037515091
2021-01-10,TIMING,SHIFT_MINUS_2,0.04701156403640917,0.061843015525597435
2021-01-10,TIMING,SHIFT_MINUS_3,0.04701156403640918,0.061843015525597435
2021-01-10,TIMING,SHIFT_MINUS_4,0.04701156403640918,0.05390232341075113
2021-01-10,TIMING,SHIFT_PLUS_1,0.10465156809573836,0.10465157809573836
2021-01-10,TIMING,SHIFT_PLUS_2,0.10465156809573836,0.10465157809573836
2021-01-10,TIMING,SHIFT_PLUS_3,0.10465156809573836,0.10465157809573836
2021-01-10,TIMING,SHIFT_PLUS_4,0.10465156809573836,0.10465157809573836
2021-01-10,DURATION_MASS_MATCHED,UNLABELED_B2_B4,0.10465157809573836,0.10465157809573836
2021-01-10,DURATION_MASS_MATCHED,UNLABELED_B4_B6,0.10465157809573837,0.10465157809573837
2021-01-10,DURATION_MASS_MATCHED,UNLABELED_B7_B9,0.10465157809573836,0.10465157809573836
2021-01-24,TIMING,ALIGN_0,0.07072839384466545,0.07072840384466551
2021-01-24,TIMING,SHIFT_MINUS_1,0.06438195952958778,0.06438196952958719
2021-01-24,TIMING,SHIFT_MINUS_2,0.06866322925147456,0.06866323925147455
2021-01-24,TIMING,SHIFT_MINUS_3,0.06866322925147456,0.07656748687921232
2021-01-24,TIMING,SHIFT_MINUS_4,0.07707482815974383,0.07707483815974382
2021-01-24,TIMING,SHIFT_PLUS_1,0.06411514492425807,0.06898746381613101
2021-01-24,TIMING,SHIFT_PLUS_2,0.06725330959706963,0.06725331959706962
2021-01-24,TIMING,SHIFT_PLUS_3,0.08982992932191794,0.08982993932191795
2021-01-24,TIMING,SHIFT_PLUS_4,0.08982992932191794,0.08982993932191793
2021-01-24,DURATION_MASS_MATCHED,UNLABELED_B2_B4,0.07707483815974382,0.07707483815974382
2021-01-24,DURATION_MASS_MATCHED,UNLABELED_B4_B6,0.08982993932191793,0.08982993932191793
2021-01-24,DURATION_MASS_MATCHED,UNLABELED_B7_B9,0.08982993932191793,0.08982993932191793
2021-01-31,TIMING,ALIGN_0,0.12140198907358085,0.12140199907358126
2021-01-31,TIMING,SHIFT_MINUS_1,0.09703137904262556,0.13393964957978016
2021-01-31,TIMING,SHIFT_MINUS_2,0.14743789337580349,0.14743790337580348
2021-01-31,TIMING,SHIFT_MINUS_3,0.14743789337580346,0.14743790337580348
2021-01-31,TIMING,SHIFT_MINUS_4,0.1855631641995378,0.18556317419953783
2021-01-31,TIMING,SHIFT_PLUS_1,0.05776147658547553,0.12659831876171546
2021-01-31,TIMING,SHIFT_PLUS_2,0.05776147658547532,0.1474379033758035
2021-01-31,TIMING,SHIFT_PLUS_3,0.02756645203644001,0.0970313890426252
2021-01-31,TIMING,SHIFT_PLUS_4,0.05029849028700558,0.0970313890426252
2021-01-31,DURATION_MASS_MATCHED,UNLABELED_B2_B4,0.1855631741995378,0.1855631741995378
2021-01-31,DURATION_MASS_MATCHED,UNLABELED_B4_B6,0.1855631741995378,0.1855631741995378
2021-01-31,DURATION_MASS_MATCHED,UNLABELED_B7_B9,0.10931263255206917,0.10931263255206917
2021-02-07,TIMING,ALIGN_0,0.0584077025856543,0.058407712585654276
2021-02-07,TIMING,SHIFT_MINUS_1,0.08193302423778463,0.10680576742161521
2021-02-07,TIMING,SHIFT_MINUS_2,0.11477921485039307,0.11477922485039306
2021-02-07,TIMING,SHIFT_MINUS_3,0.11477921485039307,0.11477922485039307
2021-02-07,TIMING,SHIFT_MINUS_4,0.12191419554338409,0.12191420554338409
2021-02-07,TIMING,SHIFT_PLUS_1,0.07607035387143438,0.07607036387143437
2021-02-07,TIMING,SHIFT_PLUS_2,0.07607035387143438,0.11477922485039306
2021-02-07,TIMING,SHIFT_PLUS_3,0.07607035387143439,0.07607036387143437
2021-02-07,TIMING,SHIFT_PLUS_4,0.07607035387143439,0.07607036387143437
2021-02-07,DURATION_MASS_MATCHED,UNLABELED_B2_B4,0.12191420554338409,0.12191420554338409
2021-02-07,DURATION_MASS_MATCHED,UNLABELED_B4_B6,0.12191420554338409,0.12191420554338409
2021-02-07,DURATION_MASS_MATCHED,UNLABELED_B7_B9,0.10764424415740204,0.10764424415740204
2021-02-21,TIMING,ALIGN_0,0.05844363099339129,0.05844364099339121
2021-02-21,TIMING,SHIFT_MINUS_1,0.0584436309933913,0.05844364099339121
2021-02-21,TIMING,SHIFT_MINUS_2,0.06939060977049404,0.06939061977049403
2021-02-21,TIMING,SHIFT_MINUS_3,0.06939060977049404,0.06939061977049403
2021-02-21,TIMING,SHIFT_MINUS_4,0.06939060977049404,0.06939061977049403
2021-02-21,TIMING,SHIFT_PLUS_1,0.04288325245197364,0.05612708400342161
2021-02-21,TIMING,SHIFT_PLUS_2,0.042883252451973726,0.043795140712624574
2021-02-21,TIMING,SHIFT_PLUS_3,0.02874294888235441,0.0417902895801609
2021-02-21,TIMING,SHIFT_PLUS_4,0.04617661997721049,0.05844364099339121
2021-02-21,DURATION_MASS_MATCHED,UNLABELED_B2_B4,0.06939061977049403,0.06939061977049403
2021-02-21,DURATION_MASS_MATCHED,UNLABELED_B4_B6,0.06939061977049403,0.06939061977049403
2021-02-21,DURATION_MASS_MATCHED,UNLABELED_B7_B9,0.06828090411517063,0.06828090411517063
2021-02-28,TIMING,ALIGN_0,0.02922650233742667,0.029226512337426618
2021-02-28,TIMING,SHIFT_MINUS_1,0.046409173319038884,0.0464091833190388
2021-02-28,TIMING,SHIFT_MINUS_2,0.04088947317706344,0.04088948317706343
2021-02-28,TIMING,SHIFT_MINUS_3,0.035334981844353325,0.035334991844353326
2021-02-28,TIMING,SHIFT_MINUS_4,0.03533498184435333,0.03533499184435333
2021-02-28,TIMING,SHIFT_PLUS_1,0.018580720993696807,0.02228662588424809
2021-02-28,TIMING,SHIFT_PLUS_2,0.018580720993696363,0.023637857348105806
2021-02-28,TIMING,SHIFT_PLUS_3,0.037510980177055536,0.04088948317706343
2021-02-28,TIMING,SHIFT_PLUS_4,0.05756169123415784,0.05756170123415784
2021-02-28,DURATION_MASS_MATCHED,UNLABELED_B2_B4,0.0703937475267115,0.0703937475267115
2021-02-28,DURATION_MASS_MATCHED,UNLABELED_B4_B6,0.03751099017705554,0.03751099017705554
2021-02-28,DURATION_MASS_MATCHED,UNLABELED_B7_B9,0.0703937475267115,0.0703937475267115
2021-03-07,TIMING,ALIGN_0,0.031817859636574505,0.0483617506733183
2021-03-07,TIMING,SHIFT_MINUS_1,0.049489780181265,0.05302800917313241
2021-03-07,TIMING,SHIFT_MINUS_2,0.05706719156153584,0.05706720156153582
2021-03-07,TIMING,SHIFT_MINUS_3,0.053389955116718686,0.053389965116718674
2021-03-07,TIMING,SHIFT_MINUS_4,0.044899323318509855,0.04489933331850985
2021-03-07,TIMING,SHIFT_PLUS_1,0.0717196421864041,0.0717196521864041
2021-03-07,TIMING,SHIFT_PLUS_2,0.0717196421864041,0.0717196521864041
2021-03-07,TIMING,SHIFT_PLUS_3,0.0717196421864041,0.0717196521864041
2021-03-07,TIMING,SHIFT_PLUS_4,0.0717196421864041,0.07171965218640411
2021-03-07,DURATION_MASS_MATCHED,UNLABELED_B2_B4,0.07311037045550317,0.07311037045550317
2021-03-07,DURATION_MASS_MATCHED,UNLABELED_B4_B6,0.0717196521864041,0.0717196521864041
2021-03-07,DURATION_MASS_MATCHED,UNLABELED_B7_B9,0.07311037045550317,0.07311037045550317
2021-03-14,TIMING,ALIGN_0,0.05882562249979658,0.05882563249979656
2021-03-14,TIMING,SHIFT_MINUS_1,0.06438531803800397,0.06438532803800397
2021-03-14,TIMING,SHIFT_MINUS_2,0.06438531803800397,0.06438532803800397
2021-03-14,TIMING,SHIFT_MINUS_3,0.06438531803800397,0.06438532803800397
2021-03-14,TIMING,SHIFT_MINUS_4,0.06438531803800397,0.06438532803800397
2021-03-14,TIMING,SHIFT_PLUS_1,0.05882562249979654,0.05882563249979656
2021-03-14,TIMING,SHIFT_PLUS_2,0.05882562249979655,0.05882563249979656
2021-03-14,TIMING,SHIFT_PLUS_3,0.04140812414861148,0.057271419320560304
2021-03-14,TIMING,SHIFT_PLUS_4,0.042528411500484135,0.05103832378354293
2021-03-14,DURATION_MASS_MATCHED,UNLABELED_B2_B4,0.06438532803800397,0.06438532803800397
2021-03-14,DURATION_MASS_MATCHED,UNLABELED_B4_B6,0.06438532803800398,0.06438532803800398
2021-03-14,DURATION_MASS_MATCHED,UNLABELED_B7_B9,0.06438532803800397,0.06438532803800397
2021-03-21,TIMING,ALIGN_0,0.05546450154313417,0.05546451154313401
2021-03-21,TIMING,SHIFT_MINUS_1,0.08378130699119353,0.08378131699119352
2021-03-21,TIMING,SHIFT_MINUS_2,0.08378130699119353,0.08378131699119352
2021-03-21,TIMING,SHIFT_MINUS_3,0.08378130699119353,0.08378131699119352
2021-03-21,TIMING,SHIFT_MINUS_4,0.08378130699119353,0.08378131699119352
2021-03-21,TIMING,SHIFT_PLUS_1,0.05081395233040501,0.05081396233040503
2021-03-21,TIMING,SHIFT_PLUS_2,0.06047838369483946,0.060478393694839455
2021-03-21,TIMING,SHIFT_PLUS_3,0.060478383694839453,0.060478393694839455
2021-03-21,TIMING,SHIFT_PLUS_4,0.06047838369483946,0.060478393694839455
2021-03-21,DURATION_MASS_MATCHED,UNLABELED_B2_B4,0.08378131699119352,0.08378131699119352
2021-03-21,DURATION_MASS_MATCHED,UNLABELED_B4_B6,0.08378131699119352,0.08378131699119352
2021-03-21,DURATION_MASS_MATCHED,UNLABELED_B7_B9,0.08378131699119352,0.08378131699119352
2021-03-28,TIMING,ALIGN_0,0.036532755354376896,0.03653276535437663
2021-03-28,TIMING,SHIFT_MINUS_1,0.039569440992711466,0.04993962121584136
2021-03-28,TIMING,SHIFT_MINUS_2,0.04604865286891878,0.04604866286891878
2021-03-28,TIMING,SHIFT_MINUS_3,0.040388029800715354,0.04038803980071533
2021-03-28,TIMING,SHIFT_MINUS_4,0.040388029800715326,0.059689197172165136
2021-03-28,TIMING,SHIFT_PLUS_1,0.03653275535437671,0.04038803980071533
2021-03-28,TIMING,SHIFT_PLUS_2,0.07484822605513261,0.0748482360551326
2021-03-28,TIMING,SHIFT_PLUS_3,0.07484822605513261,0.0748482360551326
2021-03-28,TIMING,SHIFT_PLUS_4,0.07484822605513261,0.07484823605513262
2021-03-28,DURATION_MASS_MATCHED,UNLABELED_B2_B4,0.06008595663145642,0.06008595663145642
2021-03-28,DURATION_MASS_MATCHED,UNLABELED_B4_B6,0.0748482360551326,0.0748482360551326
2021-03-28,DURATION_MASS_MATCHED,UNLABELED_B7_B9,0.0748482360551326,0.0748482360551326
2021-04-11,TIMING,ALIGN_0,0.028108823291080047,0.028108833291079882
2021-04-11,TIMING,SHIFT_MINUS_1,0.04072839372742686,0.04528368985212625
2021-04-11,TIMING,SHIFT_MINUS_2,0.04072839372742606,0.052529108154277256
2021-04-11,TIMING,SHIFT_MINUS_3,0.05226151670467207,0.05226152670467204
2021-04-11,TIMING,SHIFT_MINUS_4,0.045283679852126286,0.04528368985212625
2021-04-11,TIMING,SHIFT_PLUS_1,0.01817066024807905,0.04209216442231536
2021-04-11,TIMING,SHIFT_PLUS_2,0.02460606463976362,0.04528368985212625
2021-04-11,TIMING,SHIFT_PLUS_3,0.024606064639763572,0.04209216442231536
2021-04-11,TIMING,SHIFT_PLUS_4,0.08903378055461038,0.08903379055461037
2021-04-11,DURATION_MASS_MATCHED,UNLABELED_B2_B4,0.04528368985212625,0.04528368985212625
2021-04-11,DURATION_MASS_MATCHED,UNLABELED_B4_B6,0.04209216442231536,0.04209216442231536
2021-04-11,DURATION_MASS_MATCHED,UNLABELED_B7_B9,0.08903379055461037,0.08903379055461037
2021-04-18,TIMING,ALIGN_0,0.03135172445266755,0.035041481110419714
2021-04-18,TIMING,SHIFT_MINUS_1,0.03135172445266852,0.04694490214088375
2021-04-18,TIMING,SHIFT_MINUS_2,0.048137975408634445,0.04813798540863444
2021-04-18,TIMING,SHIFT_MINUS_3,0.04813797540863445,0.04813798540863444
2021-04-18,TIMING,SHIFT_MINUS_4,0.042160090357668066,0.04216010035766806
2021-04-18,TIMING,SHIFT_PLUS_1,0.05834477290651241,0.05834478290651242
2021-04-18,TIMING,SHIFT_PLUS_2,0.05834477290651241,0.05834478290651241
2021-04-18,TIMING,SHIFT_PLUS_3,0.05834477290651241,0.05834478290651241
2021-04-18,TIMING,SHIFT_PLUS_4,0.05834477290651241,0.05834478290651241
2021-04-18,DURATION_MASS_MATCHED,UNLABELED_B2_B4,0.05978065883887801,0.05978065883887801
2021-04-18,DURATION_MASS_MATCHED,UNLABELED_B4_B6,0.05834478290651241,0.05834478290651241
2021-04-18,DURATION_MASS_MATCHED,UNLABELED_B7_B9,0.05978065883887801,0.05978065883887801
2021-04-25,TIMING,ALIGN_0,0.031715506712142585,0.037923604986891075
2021-04-25,TIMING,SHIFT_MINUS_1,0.026794278312342906,0.0400083924005917
2021-04-25,TIMING,SHIFT_MINUS_2,0.03805974129958654,0.045359128487527704
2021-04-25,TIMING,SHIFT_MINUS_3,0.04782331172443934,0.047823321724439344
2021-04-25,TIMING,SHIFT_MINUS_4,0.04782331172443935,0.047823321724439344
2021-04-25,TIMING,SHIFT_PLUS_1,0.04009959811018313,0.047823321724439344
2021-04-25,TIMING,SHIFT_PLUS_2,0.04903523624962532,0.049035246249625325
2021-04-25,TIMING,SHIFT_PLUS_3,0.04903523624962532,0.049035246249625325
2021-04-25,TIMING,SHIFT_PLUS_4,0.04903523624962532,0.049035246249625325
2021-04-25,DURATION_MASS_MATCHED,UNLABELED_B2_B4,0.06479304621597111,0.06479304621597111
2021-04-25,DURATION_MASS_MATCHED,UNLABELED_B4_B6,0.049035246249625325,0.049035246249625325
2021-04-25,DURATION_MASS_MATCHED,UNLABELED_B7_B9,0.06479304621597111,0.06479304621597111
2021-05-02,TIMING,ALIGN_0,0.04097418090878689,0.05007811842762418
2021-05-02,TIMING,SHIFT_MINUS_1,0.03747009126661189,0.0439590623852396
2021-05-02,TIMING,SHIFT_MINUS_2,0.028918196935916702,0.05007811842762418
2021-05-02,TIMING,SHIFT_MINUS_3,0.029164277763699023,0.05007811842762418
2021-05-02,TIMING,SHIFT_MINUS_4,0.05906384874334592,0.05906385874334592
2021-05-02,TIMING,SHIFT_PLUS_1,0.07196864772562983,0.07196865772562983
2021-05-02,TIMING,SHIFT_PLUS_2,0.07196864772562983,0.07196865772562983
2021-05-02,TIMING,SHIFT_PLUS_3,0.07196864772562983,0.07196865772562983
2021-05-02,TIMING,SHIFT_PLUS_4,0.07196864772562983,0.07196865772562983
2021-05-02,DURATION_MASS_MATCHED,UNLABELED_B2_B4,0.07196865772562983,0.07196865772562983
2021-05-02,DURATION_MASS_MATCHED,UNLABELED_B4_B6,0.07196865772562983,0.07196865772562983
2021-05-02,DURATION_MASS_MATCHED,UNLABELED_B7_B9,0.07196865772562983,0.07196865772562983
2021-05-09,TIMING,ALIGN_0,0.033114870794925914,0.03311488079492592
2021-05-09,TIMING,SHIFT_MINUS_1,0.03311487079492608,0.03311488079492593
2021-05-09,TIMING,SHIFT_MINUS_2,0.04185826278077829,0.0418582727807783
2021-05-09,TIMING,SHIFT_MINUS_3,0.04185826278077829,0.04185827278077829
2021-05-09,TIMING,SHIFT_MINUS_4,0.044560636336321006,0.04456064633632101
2021-05-09,TIMING,SHIFT_PLUS_1,0.03007998409263961,0.032681516528930206
2021-05-09,TIMING,SHIFT_PLUS_2,0.04214557536604078,0.04214558536604078
2021-05-09,TIMING,SHIFT_PLUS_3,0.04214557536604078,0.04214558536604078
2021-05-09,TIMING,SHIFT_PLUS_4,0.04214557536604078,0.04214558536604078
2021-05-09,DURATION_MASS_MATCHED,UNLABELED_B2_B4,0.04456064633632101,0.04456064633632101
2021-05-09,DURATION_MASS_MATCHED,UNLABELED_B4_B6,0.04456064633632101,0.04456064633632101
2021-05-09,DURATION_MASS_MATCHED,UNLABELED_B7_B9,0.04214558536604078,0.04214558536604078
2021-05-16,TIMING,ALIGN_0,0.028047221074182914,0.028260376008023225
2021-05-16,TIMING,SHIFT_MINUS_1,0.028047221074183476,0.03434609525364812
2021-05-16,TIMING,SHIFT_MINUS_2,0.03742110940938059,0.037421119409380595
2021-05-16,TIMING,SHIFT_MINUS_3,0.03742110940938059,0.037421119409380595
2021-05-16,TIMING,SHIFT_MINUS_4,0.03855286151433197,0.03855287151433197
2021-05-16,TIMING,SHIFT_PLUS_1,0.028317673586056576,0.029304072929526113
2021-05-16,TIMING,SHIFT_PLUS_2,0.028317673586056597,0.034346095253648116
2021-05-16,TIMING,SHIFT_PLUS_3,0.03855590123489129,0.03855591123489129
2021-05-16,TIMING,SHIFT_PLUS_4,0.03855590123489129,0.03855591123489129
2021-05-16,DURATION_MASS_MATCHED,UNLABELED_B2_B4,0.03855287151433197,0.03855287151433197
2021-05-16,DURATION_MASS_MATCHED,UNLABELED_B4_B6,0.03855591123489129,0.03855591123489129
2021-05-16,DURATION_MASS_MATCHED,UNLABELED_B7_B9,0.03855591123489129,0.03855591123489129
2021-05-23,TIMING,ALIGN_0,0.04980338166543106,0.04980339166543082
2021-05-23,TIMING,SHIFT_MINUS_1,0.04980338166543088,0.053888848987215625
2021-05-23,TIMING,SHIFT_MINUS_2,0.05558922728647243,0.05558923728647244
2021-05-23,TIMING,SHIFT_MINUS_3,0.05558922728647243,0.05558923728647244
2021-05-23,TIMING,SHIFT_MINUS_4,0.07237045878440321,0.0723704687844032
2021-05-23,TIMING,SHIFT_PLUS_1,0.030628153637872572,0.05095814715861946
2021-05-23,TIMING,SHIFT_PLUS_2,0.030628153637872392,0.05558923728647244
2021-05-23,TIMING,SHIFT_PLUS_3,0.0553310348485887,0.0553310448485887
2021-05-23,TIMING,SHIFT_PLUS_4,0.05533103484858871,0.0553310448485887
2021-05-23,DURATION_MASS_MATCHED,UNLABELED_B2_B4,0.0723704687844032,0.0723704687844032
2021-05-23,DURATION_MASS_MATCHED,UNLABELED_B4_B6,0.0723704687844032,0.0723704687844032
2021-05-23,DURATION_MASS_MATCHED,UNLABELED_B7_B9,0.0553310448485887,0.0553310448485887
2021-05-30,TIMING,ALIGN_0,0.0593811261134427,0.05938113611344277
2021-05-30,TIMING,SHIFT_MINUS_1,0.048721746771245855,0.048721756771245836
2021-05-30,TIMING,SHIFT_MINUS_2,0.048721746771245834,0.048721756771245836
2021-05-30,TIMING,SHIFT_MINUS_3,0.07004050545563971,0.0700405154556397
2021-05-30,TIMING,SHIFT_MINUS_4,0.07004050545563971,0.0700405154556397
2021-05-30,TIMING,SHIFT_PLUS_1,0.05938112611344272,0.05938113611344277
2021-05-30,TIMING,SHIFT_PLUS_2,0.04321852841910624,0.0532072205218614
2021-05-30,TIMING,SHIFT_PLUS_3,0.026138925892669126,0.03704462282752488
2021-05-30,TIMING,SHIFT_PLUS_4,0.026138925892668995,0.028399782883825105
2021-05-30,DURATION_MASS_MATCHED,UNLABELED_B2_B4,0.0700405154556397,0.0700405154556397
2021-05-30,DURATION_MASS_MATCHED,UNLABELED_B4_B6,0.0700405154556397,0.0700405154556397
2021-05-30,DURATION_MASS_MATCHED,UNLABELED_B7_B9,0.048721756771245836,0.048721756771245836
2021-06-06,TIMING,ALIGN_0,0.04624319531630409,0.04624320531630393
2021-06-06,TIMING,SHIFT_MINUS_1,0.06698561176770437,0.06698562176770412
2021-06-06,TIMING,SHIFT_MINUS_2,0.06698561176770411,0.06698562176770412
2021-06-06,TIMING,SHIFT_MINUS_3,0.06698561176770411,0.0669856217677041
2021-06-06,TIMING,SHIFT_MINUS_4,0.06698561176770411,0.0669856217677041
2021-06-06,TIMING,SHIFT_PLUS_1,0.05574992703621801,0.055749937036218014
2021-06-06,TIMING,SHIFT_PLUS_2,0.05574992703621801,0.05574993703621802
2021-06-06,TIMING,SHIFT_PLUS_3,0.05574992703621801,0.055749937036218014
2021-06-06,TIMING,SHIFT_PLUS_4,0.07379969456893534,0.07379970456893534
2021-06-06,DURATION_MASS_MATCHED,UNLABELED_B2_B4,0.06831290669397215,0.06831290669397215
2021-06-06,DURATION_MASS_MATCHED,UNLABELED_B4_B6,0.06698562176770412,0.06698562176770412
2021-06-06,DURATION_MASS_MATCHED,UNLABELED_B7_B9,0.07379970456893534,0.07379970456893534
2021-06-13,TIMING,ALIGN_0,0.030100710112439952,0.030100720112439767
2021-06-13,TIMING,SHIFT_MINUS_1,0.04277762608439111,0.04277763608439103
2021-06-13,TIMING,SHIFT_MINUS_2,0.04277762608439102,0.04277763608439103
2021-06-13,TIMING,SHIFT_MINUS_3,0.04277762608439102,0.04277763608439103
2021-06-13,TIMING,SHIFT_MINUS_4,0.04515640041752483,0.04515641041752484
2021-06-13,TIMING,SHIFT_PLUS_1,0.030100710112439748,0.03010072011243977
2021-06-13,TIMING,SHIFT_PLUS_2,0.0535404971760676,0.0535405071760676
2021-06-13,TIMING,SHIFT_PLUS_3,0.06467099148954988,0.06467100148954988
2021-06-13,TIMING,SHIFT_PLUS_4,0.06467099148954988,0.06467100148954988
2021-06-13,DURATION_MASS_MATCHED,UNLABELED_B2_B4,0.04277763608439102,0.04277763608439102
2021-06-13,DURATION_MASS_MATCHED,UNLABELED_B4_B6,0.06467100148954988,0.06467100148954988
2021-06-13,DURATION_MASS_MATCHED,UNLABELED_B7_B9,0.06467100148954988,0.06467100148954988
2021-06-20,TIMING,ALIGN_0,0.05970198260442785,0.05970199260442763
2021-06-20,TIMING,SHIFT_MINUS_1,0.05970198260442781,0.05970199260442763
2021-06-20,TIMING,SHIFT_MINUS_2,0.05970198260442762,0.059701992604427635
2021-06-20,TIMING,SHIFT_MINUS_3,0.08976466171998425,0.08976467171998424
2021-06-20,TIMING,SHIFT_MINUS_4,0.08976466171998425,0.08976467171998424
2021-06-20,TIMING,SHIFT_PLUS_1,0.057256722326460244,0.05811447401421449
2021-06-20,TIMING,SHIFT_PLUS_2,0.011954514688756255,0.05774476431403862
2021-06-20,TIMING,SHIFT_PLUS_3,0.030605822076420344,0.05970199260442763
2021-06-20,TIMING,SHIFT_PLUS_4,0.03824387130301499,0.05970199260442763
2021-06-20,DURATION_MASS_MATCHED,UNLABELED_B2_B4,0.08976467171998424,0.08976467171998424
2021-06-20,DURATION_MASS_MATCHED,UNLABELED_B4_B6,0.08976467171998424,0.08976467171998424
2021-06-20,DURATION_MASS_MATCHED,UNLABELED_B7_B9,0.07963124274099884,0.07963124274099884
2021-06-27,TIMING,ALIGN_0,0.05141649393493924,0.051416503934939246
2021-06-27,TIMING,SHIFT_MINUS_1,0.051416493934939585,0.05141650393493925
2021-06-27,TIMING,SHIFT_MINUS_2,0.05141649393493924,0.051416503934939246
2021-06-27,TIMING,SHIFT_MINUS_3,0.05774597784383407,0.05774598784383407
2021-06-27,TIMING,SHIFT_MINUS_4,0.05774597784383407,0.057745987843834085
2021-06-27,TIMING,SHIFT_PLUS_1,0.05235864888620304,0.052358658886203044
2021-06-27,TIMING,SHIFT_PLUS_2,0.052358648886203035,0.05235865888620304
2021-06-27,TIMING,SHIFT_PLUS_3,0.052358648886203035,0.052358658886203044
2021-06-27,TIMING,SHIFT_PLUS_4,0.052358648886203035,0.052358658886203044
2021-06-27,DURATION_MASS_MATCHED,UNLABELED_B2_B4,0.05774598784383407,0.05774598784383407
2021-06-27,DURATION_MASS_MATCHED,UNLABELED_B4_B6,0.05774598784383407,0.05774598784383407
2021-06-27,DURATION_MASS_MATCHED,UNLABELED_B7_B9,0.05235865888620304,0.05235865888620304
2021-07-11,TIMING,ALIGN_0,0.07146683697616392,0.07146684697616316
2021-07-11,TIMING,SHIFT_MINUS_1,0.07087820147685417,0.07087821147685369
2021-07-11,TIMING,SHIFT_MINUS_2,0.07087820147685372,0.07164086798772629
2021-07-11,TIMING,SHIFT_MINUS_3,0.11680693409118503,0.11680694409118504
2021-07-11,TIMING,SHIFT_MINUS_4,0.11680693409118503,0.11680694409118503
2021-07-11,TIMING,SHIFT_PLUS_1,0.08148402643381636,0.08148403643381633
2021-07-11,TIMING,SHIFT_PLUS_2,0.08148402643381633,0.08148403643381633
2021-07-11,TIMING,SHIFT_PLUS_3,0.08148402643381635,0.08148403643381633
2021-07-11,TIMING,SHIFT_PLUS_4,0.08148402643381633,0.08148403643381633
2021-07-11,DURATION_MASS_MATCHED,UNLABELED_B2_B4,0.11680694409118503,0.11680694409118503
2021-07-11,DURATION_MASS_MATCHED,UNLABELED_B4_B6,0.11680694409118503,0.11680694409118503
2021-07-11,DURATION_MASS_MATCHED,UNLABELED_B7_B9,0.08148403643381633,0.08148403643381633
2021-07-18,TIMING,ALIGN_0,0.0625670689733238,0.06256707897332375
2021-07-18,TIMING,SHIFT_MINUS_1,0.06650271163228437,0.06650272163228436
2021-07-18,TIMING,SHIFT_MINUS_2,0.06650271163228437,0.06650272163228436
2021-07-18,TIMING,SHIFT_MINUS_3,0.06650271163228437,0.06650272163228436
2021-07-18,TIMING,SHIFT_MINUS_4,0.06650271163228437,0.06650272163228436
2021-07-18,TIMING,SHIFT_PLUS_1,0.03674964507202353,0.05756975138125803
2021-07-18,TIMING,SHIFT_PLUS_2,0.03674964507202351,0.03674965507202351
2021-07-18,TIMING,SHIFT_PLUS_3,0.03674964507202362,0.0485238698874572
2021-07-18,TIMING,SHIFT_PLUS_4,0.036749645072023523,0.05287876601179653
2021-07-18,DURATION_MASS_MATCHED,UNLABELED_B2_B4,0.06650272163228436,0.06650272163228436
2021-07-18,DURATION_MASS_MATCHED,UNLABELED_B4_B6,0.06650272163228436,0.06650272163228436
2021-07-18,DURATION_MASS_MATCHED,UNLABELED_B7_B9,0.06650272163228436,0.06650272163228436
2021-07-25,TIMING,ALIGN_0,0.06132888021810761,0.061328890218107154
2021-07-25,TIMING,SHIFT_MINUS_1,0.12415764057124165,0.12415765057124162
2021-07-25,TIMING,SHIFT_MINUS_2,0.14635655227453104,0.14635656227453103
2021-07-25,TIMING,SHIFT_MINUS_3,0.14635655227453104,0.14635656227453103
2021-07-25,TIMING,SHIFT_MINUS_4,0.14635655227453104,0.14635656227453103
2021-07-25,TIMING,SHIFT_PLUS_1,0.062122891253336046,0.062122901253336055
2021-07-25,TIMING,SHIFT_PLUS_2,0.06212289125333605,0.06212290125333605
2021-07-25,TIMING,SHIFT_PLUS_3,0.06212289125333605,0.06212290125333605
2021-07-25,TIMING,SHIFT_PLUS_4,0.062122891253336046,0.06212290125333605
2021-07-25,DURATION_MASS_MATCHED,UNLABELED_B2_B4,0.14635656227453103,0.14635656227453103
2021-07-25,DURATION_MASS_MATCHED,UNLABELED_B4_B6,0.14635656227453103,0.14635656227453103
2021-07-25,DURATION_MASS_MATCHED,UNLABELED_B7_B9,0.12415765057124162,0.12415765057124162
2021-08-01,TIMING,ALIGN_0,0.04807731191243296,0.08008104256284773
2021-08-01,TIMING,SHIFT_MINUS_1,0.05469064347397793,0.07666589511036062
2021-08-01,TIMING,SHIFT_MINUS_2,0.06917889349456113,0.08008104256284773
2021-08-01,TIMING,SHIFT_MINUS_3,0.06917889349456113,0.08008104256284773
2021-08-01,TIMING,SHIFT_MINUS_4,0.05871377190854793,0.05871378190854787
2021-08-01,TIMING,SHIFT_PLUS_1,0.20571913736674463,0.20571914736674465
2021-08-01,TIMING,SHIFT_PLUS_2,0.20571913736674463,0.20571914736674463
2021-08-01,TIMING,SHIFT_PLUS_3,0.20571913736674463,0.20571914736674463
2021-08-01,TIMING,SHIFT_PLUS_4,0.20571913736674463,0.20571914736674463
2021-08-01,DURATION_MASS_MATCHED,UNLABELED_B2_B4,0.20571914736674465,0.20571914736674465
2021-08-01,DURATION_MASS_MATCHED,UNLABELED_B4_B6,0.20571914736674463,0.20571914736674463
2021-08-01,DURATION_MASS_MATCHED,UNLABELED_B7_B9,0.20571914736674463,0.20571914736674463
2021-08-08,TIMING,ALIGN_0,0.023856984470572076,0.06361353548615443
2021-08-08,TIMING,SHIFT_MINUS_1,0.061251977419920355,0.06273568591378637
2021-08-08,TIMING,SHIFT_MINUS_2,0.07308439789204628,0.07308440789204629
2021-08-08,TIMING,SHIFT_MINUS_3,0.07308439789204628,0.07308440789204629
2021-08-08,TIMING,SHIFT_MINUS_4,0.07308439789204631,0.07308440789204629
2021-08-08,TIMING,SHIFT_PLUS_1,0.04577300059155911,0.07308440789204629
2021-08-08,TIMING,SHIFT_PLUS_2,0.04577300059155902,0.07308440789204629
2021-08-08,TIMING,SHIFT_PLUS_3,0.057095053419808216,0.057095063419808204
2021-08-08,TIMING,SHIFT_PLUS_4,0.0570950534198082,0.07308440789204629
2021-08-08,DURATION_MASS_MATCHED,UNLABELED_B2_B4,0.08350593278538866,0.08350593278538866
2021-08-08,DURATION_MASS_MATCHED,UNLABELED_B4_B6,0.07308440789204629,0.07308440789204629
2021-08-08,DURATION_MASS_MATCHED,UNLABELED_B7_B9,0.08350593278538868,0.08350593278538868
2021-08-15,TIMING,ALIGN_0,0.04410000820017836,0.0441000182001783
2021-08-15,TIMING,SHIFT_MINUS_1,0.05652220738645104,0.07378264606986297
2021-08-15,TIMING,SHIFT_MINUS_2,0.056652023412596786,0.057698688482484786
2021-08-15,TIMING,SHIFT_MINUS_3,0.05681961410356664,0.06502551881593938
2021-08-15,TIMING,SHIFT_MINUS_4,0.07378263606986298,0.07378264606986297
2021-08-15,TIMING,SHIFT_PLUS_1,0.05727660481086138,0.05727661481086138
2021-08-15,TIMING,SHIFT_PLUS_2,0.06580283066800582,0.07378264606986297
2021-08-15,TIMING,SHIFT_PLUS_3,0.07577030347523152,0.07577031347523151
2021-08-15,TIMING,SHIFT_PLUS_4,0.07577030347523152,0.07577031347523151
2021-08-15,DURATION_MASS_MATCHED,UNLABELED_B2_B4,0.07378264606986297,0.07378264606986297
2021-08-15,DURATION_MASS_MATCHED,UNLABELED_B4_B6,0.07577031347523151,0.07577031347523151
2021-08-15,DURATION_MASS_MATCHED,UNLABELED_B7_B9,0.07577031347523151,0.07577031347523151
2021-08-22,TIMING,ALIGN_0,0.06666005731366226,0.06666006731366211
2021-08-22,TIMING,SHIFT_MINUS_1,0.07511373092719725,0.1247174580394633
2021-08-22,TIMING,SHIFT_MINUS_2,0.1287201200273196,0.1287201300273196
2021-08-22,TIMING,SHIFT_MINUS_3,0.1287201200273196,0.1287201300273196
2021-08-22,TIMING,SHIFT_MINUS_4,0.1287201200273196,0.1287201300273196
2021-08-22,TIMING,SHIFT_PLUS_1,0.06570830989532261,0.06796047994081388
2021-08-22,TIMING,SHIFT_PLUS_2,0.06570830989532261,0.06796047994081388
2021-08-22,TIMING,SHIFT_PLUS_3,0.059384914019070485,0.06758548052380704
2021-08-22,TIMING,SHIFT_PLUS_4,0.05938491401907036,0.06796047994081389
2021-08-22,DURATION_MASS_MATCHED,UNLABELED_B2_B4,0.1345529032869186,0.1345529032869186
2021-08-22,DURATION_MASS_MATCHED,UNLABELED_B4_B6,0.1287201300273196,0.1287201300273196
2021-08-22,DURATION_MASS_MATCHED,UNLABELED_B7_B9,0.1345529032869186,0.1345529032869186
2021-09-12,TIMING,ALIGN_0,0.04141078320611626,0.042482108397435055
2021-09-12,TIMING,SHIFT_MINUS_1,0.06754712684982468,0.06754713684982255
2021-09-12,TIMING,SHIFT_MINUS_2,0.06754712684982254,0.06754713684982254
2021-09-12,TIMING,SHIFT_MINUS_3,0.10241855465118506,0.10241856465118501
2021-09-12,TIMING,SHIFT_MINUS_4,0.10241855465118502,0.10241856465118501
2021-09-12,TIMING,SHIFT_PLUS_1,0.13947980137636312,0.13947981137636312
2021-09-12,TIMING,SHIFT_PLUS_2,0.13947980137636312,0.13947981137636312
2021-09-12,TIMING,SHIFT_PLUS_3,0.13947980137636312,0.13947981137636312
2021-09-12,TIMING,SHIFT_PLUS_4,0.13947980137636312,0.13947981137636312
2021-09-12,DURATION_MASS_MATCHED,UNLABELED_B2_B4,0.13947981137636312,0.13947981137636312
2021-09-12,DURATION_MASS_MATCHED,UNLABELED_B4_B6,0.13947981137636312,0.13947981137636312
2021-09-12,DURATION_MASS_MATCHED,UNLABELED_B7_B9,0.13947981137636312,0.13947981137636312
2021-09-19,TIMING,ALIGN_0,0.049421095354654734,0.04942110535465465
2021-09-19,TIMING,SHIFT_MINUS_1,0.06152628105913101,0.06152629105913101
2021-09-19,TIMING,SHIFT_MINUS_2,0.06152628105913101,0.06152629105913101
2021-09-19,TIMING,SHIFT_MINUS_3,0.06152628105913101,0.06152629105913101
2021-09-19,TIMING,SHIFT_MINUS_4,0.11807326326535011,0.11807327326535011
2021-09-19,TIMING,SHIFT_PLUS_1,0.03072032898305088,0.050488460573966686
2021-09-19,TIMING,SHIFT_PLUS_2,0.05303273943156565,0.05476903620077697
2021-09-19,TIMING,SHIFT_PLUS_3,0.05303273943156577,0.05476903620077697
2021-09-19,TIMING,SHIFT_PLUS_4,0.05303273943156559,0.05303274943156559
2021-09-19,DURATION_MASS_MATCHED,UNLABELED_B2_B4,0.11807327326535011,0.11807327326535011
2021-09-19,DURATION_MASS_MATCHED,UNLABELED_B4_B6,0.11807327326535012,0.11807327326535012
2021-09-19,DURATION_MASS_MATCHED,UNLABELED_B7_B9,0.061526291059131016,0.061526291059131016
2021-09-26,TIMING,ALIGN_0,0.07327607604450115,0.07327608604450093
2021-09-26,TIMING,SHIFT_MINUS_1,0.07327607604450094,0.07327608604450093
2021-09-26,TIMING,SHIFT_MINUS_2,0.05707019625926791,0.05707020625926794
2021-09-26,TIMING,SHIFT_MINUS_3,0.08558283043680251,0.0855828404368025
2021-09-26,TIMING,SHIFT_MINUS_4,0.10403145509341201,0.104031465093412
2021-09-26,TIMING,SHIFT_PLUS_1,0.07721224743953017,0.07721225743953017
2021-09-26,TIMING,SHIFT_PLUS_2,0.07721224743953017,0.07721225743953017
2021-09-26,TIMING,SHIFT_PLUS_3,0.07721224743953017,0.07721225743953017
2021-09-26,TIMING,SHIFT_PLUS_4,0.07721224743953017,0.07721225743953017
2021-09-26,DURATION_MASS_MATCHED,UNLABELED_B2_B4,0.104031465093412,0.104031465093412
2021-09-26,DURATION_MASS_MATCHED,UNLABELED_B4_B6,0.104031465093412,0.104031465093412
2021-09-26,DURATION_MASS_MATCHED,UNLABELED_B7_B9,0.07721225743953017,0.07721225743953017
2021-10-03,TIMING,ALIGN_0,0.036832464791192225,0.04449079630088845
2021-10-03,TIMING,SHIFT_MINUS_1,0.05374606366757335,0.07592461630607719
2021-10-03,TIMING,SHIFT_MINUS_2,0.07174904852652697,0.07174905852652695
2021-10-03,TIMING,SHIFT_MINUS_3,0.08248706512003051,0.08248707512003049
2021-10-03,TIMING,SHIFT_MINUS_4,0.09267047547510734,0.09267048547510735
2021-10-03,TIMING,SHIFT_PLUS_1,0.08841220943969622,0.08841221943969621
2021-10-03,TIMING,SHIFT_PLUS_2,0.08841220943969623,0.08841221943969621
2021-10-03,TIMING,SHIFT_PLUS_3,0.08841220943969622,0.0884122194396962
2021-10-03,TIMING,SHIFT_PLUS_4,0.0884122094396962,0.0884122194396962
2021-10-03,DURATION_MASS_MATCHED,UNLABELED_B2_B4,0.12480663982764821,0.12480663982764821
2021-10-03,DURATION_MASS_MATCHED,UNLABELED_B4_B6,0.0884122194396962,0.0884122194396962
2021-10-03,DURATION_MASS_MATCHED,UNLABELED_B7_B9,0.12480663982764821,0.12480663982764821
2021-10-10,TIMING,ALIGN_0,0.05390389559889993,0.0539039055988997
2021-10-10,TIMING,SHIFT_MINUS_1,0.07204623060464989,0.0798727503803553
2021-10-10,TIMING,SHIFT_MINUS_2,0.07204623060464987,0.0798727503803553
2021-10-10,TIMING,SHIFT_MINUS_3,0.07204623060464987,0.07857595917155842
2021-10-10,TIMING,SHIFT_MINUS_4,0.07825259619622535,0.07825260619622534
2021-10-10,TIMING,SHIFT_PLUS_1,0.05390389559890033,0.0798727503803553
2021-10-10,TIMING,SHIFT_PLUS_2,0.05390389559889978,0.0539039055988997
2021-10-10,TIMING,SHIFT_PLUS_3,0.12748435229859173,0.12748436229859172
2021-10-10,TIMING,SHIFT_PLUS_4,0.12748435229859173,0.12748436229859172
2021-10-10,DURATION_MASS_MATCHED,UNLABELED_B2_B4,0.0798727503803553,0.0798727503803553
2021-10-10,DURATION_MASS_MATCHED,UNLABELED_B4_B6,0.12748436229859172,0.12748436229859172
2021-10-10,DURATION_MASS_MATCHED,UNLABELED_B7_B9,0.12748436229859172,0.12748436229859172
2021-10-17,TIMING,ALIGN_0,0.03869825437629865,0.042026840036497204
2021-10-17,TIMING,SHIFT_MINUS_1,0.05511356933444732,0.05511357933444653
2021-10-17,TIMING,SHIFT_MINUS_2,0.05954917889438736,0.05954918889438736
2021-10-17,TIMING,SHIFT_MINUS_3,0.05954917889438736,0.06031973450877996
2021-10-17,TIMING,SHIFT_MINUS_4,0.06615521687916029,0.06615522687916028
2021-10-17,TIMING,SHIFT_PLUS_1,0.035106026684373993,0.04678062381211102
2021-10-17,TIMING,SHIFT_PLUS_2,0.06882488491185146,0.06882489491185145
2021-10-17,TIMING,SHIFT_PLUS_3,0.0960881431269881,0.0960881531269881
2021-10-17,TIMING,SHIFT_PLUS_4,0.0960881431269881,0.0960881531269881
2021-10-17,DURATION_MASS_MATCHED,UNLABELED_B2_B4,0.05954918889438736,0.05954918889438736
2021-10-17,DURATION_MASS_MATCHED,UNLABELED_B4_B6,0.0960881531269881,0.0960881531269881
2021-10-17,DURATION_MASS_MATCHED,UNLABELED_B7_B9,0.0960881531269881,0.0960881531269881
2021-10-24,TIMING,ALIGN_0,0.044927926386287155,0.05393523097682105
2021-10-24,TIMING,SHIFT_MINUS_1,0.04492792638628727,0.04996698592180916
2021-10-24,TIMING,SHIFT_MINUS_2,0.04440184536694852,0.06423006079983007
2021-10-24,TIMING,SHIFT_MINUS_3,0.06998623955128987,0.06998624955128986
2021-10-24,TIMING,SHIFT_MINUS_4,0.06998623955128987,0.06998624955128988
2021-10-24,TIMING,SHIFT_PLUS_1,0.08570968854287869,0.08570969854287869
2021-10-24,TIMING,SHIFT_PLUS_2,0.08570968854287869,0.08570969854287869
2021-10-24,TIMING,SHIFT_PLUS_3,0.08570968854287869,0.08570969854287869
2021-10-24,TIMING,SHIFT_PLUS_4,0.08570968854287869,0.08570969854287869
2021-10-24,DURATION_MASS_MATCHED,UNLABELED_B2_B4,0.10364878177378178,0.10364878177378178
2021-10-24,DURATION_MASS_MATCHED,UNLABELED_B4_B6,0.08570969854287869,0.08570969854287869
2021-10-24,DURATION_MASS_MATCHED,UNLABELED_B7_B9,0.10364878177378177,0.10364878177378177
2021-10-31,TIMING,ALIGN_0,0.04522401366894372,0.04522402366894368
2021-10-31,TIMING,SHIFT_MINUS_1,0.04522401366894379,0.06343622513847195
2021-10-31,TIMING,SHIFT_MINUS_2,0.044147620383453746,0.05185092858394587
2021-10-31,TIMING,SHIFT_MINUS_3,0.044147620383453746,0.05185092858394587
2021-10-31,TIMING,SHIFT_MINUS_4,0.06174096783767596,0.06174097783767596
2021-10-31,TIMING,SHIFT_PLUS_1,0.0321116410300261,0.04414763038345374
2021-10-31,TIMING,SHIFT_PLUS_2,0.08686860909664215,0.08686861909664215
2021-10-31,TIMING,SHIFT_PLUS_3,0.08686860909664215,0.08686861909664215
2021-10-31,TIMING,SHIFT_PLUS_4,0.08686860909664215,0.08686861909664215
2021-10-31,DURATION_MASS_MATCHED,UNLABELED_B2_B4,0.06423737254135098,0.06423737254135098
2021-10-31,DURATION_MASS_MATCHED,UNLABELED_B4_B6,0.08686861909664215,0.08686861909664215
2021-10-31,DURATION_MASS_MATCHED,UNLABELED_B7_B9,0.08686861909664215,0.08686861909664215
2021-11-07,TIMING,ALIGN_0,0.043957418267478184,0.04395742826747814
2021-11-07,TIMING,SHIFT_MINUS_1,0.04395741826747823,0.06058991888703594
2021-11-07,TIMING,SHIFT_MINUS_2,0.05515852126217826,0.05515853126217826
2021-11-07,TIMING,SHIFT_MINUS_3,0.05515852126217826,0.05515853126217826
2021-11-07,TIMING,SHIFT_MINUS_4,0.06005572028109316,0.060055730281093164
2021-11-07,TIMING,SHIFT_PLUS_1,0.03278006533905907,0.04836821101969017
2021-11-07,TIMING,SHIFT_PLUS_2,0.08121400130986653,0.08121401130986654
2021-11-07,TIMING,SHIFT_PLUS_3,0.08121400130986653,0.08121401130986652
2021-11-07,TIMING,SHIFT_PLUS_4,0.08121400130986653,0.08121401130986652
2021-11-07,DURATION_MASS_MATCHED,UNLABELED_B2_B4,0.06171346130425414,0.06171346130425414
2021-11-07,DURATION_MASS_MATCHED,UNLABELED_B4_B6,0.08121401130986652,0.08121401130986652
2021-11-07,DURATION_MASS_MATCHED,UNLABELED_B7_B9,0.08121401130986652,0.08121401130986652
2021-11-14,TIMING,ALIGN_0,0.03535302210938903,0.03535303210938863
2021-11-14,TIMING,SHIFT_MINUS_1,0.07508837045112524,0.1012571389081521
2021-11-14,TIMING,SHIFT_MINUS_2,0.07508837045112518,0.1012571389081521
2021-11-14,TIMING,SHIFT_MINUS_3,0.07508837045112518,0.07508838045112518
2021-11-14,TIMING,SHIFT_MINUS_4,0.07508837045112518,0.08365961892732246
2021-11-14,TIMING,SHIFT_PLUS_1,0.12760403708331425,0.12760404708331424
2021-11-14,TIMING,SHIFT_PLUS_2,0.15377529765856973,0.15377530765856973
2021-11-14,TIMING,SHIFT_PLUS_3,0.15377529765856973,0.15377530765856973
2021-11-14,TIMING,SHIFT_PLUS_4,0.15377529765856973,0.15377530765856973
2021-11-14,DURATION_MASS_MATCHED,UNLABELED_B2_B4,0.12760404708331424,0.12760404708331424
2021-11-14,DURATION_MASS_MATCHED,UNLABELED_B4_B6,0.15377530765856973,0.15377530765856973
2021-11-14,DURATION_MASS_MATCHED,UNLABELED_B7_B9,0.15377530765856973,0.15377530765856973
2021-11-28,TIMING,ALIGN_0,0.07181596038133972,0.07181597038133965
2021-11-28,TIMING,SHIFT_MINUS_1,0.07181596038134051,0.07428428285729426
2021-11-28,TIMING,SHIFT_MINUS_2,0.07412062443211875,0.07412063443211878
2021-11-28,TIMING,SHIFT_MINUS_3,0.09863762753929929,0.09863763753929929
2021-11-28,TIMING,SHIFT_MINUS_4,0.09863762753929929,0.09863763753929929
2021-11-28,TIMING,SHIFT_PLUS_1,0.060634033400092095,0.06272547405773017
2021-11-28,TIMING,SHIFT_PLUS_2,0.04165922237426844,0.06332573552232593
2021-11-28,TIMING,SHIFT_PLUS_3,0.10027753231529196,0.10027754231529196
2021-11-28,TIMING,SHIFT_PLUS_4,0.10027753231529196,0.10027754231529196
2021-11-28,DURATION_MASS_MATCHED,UNLABELED_B2_B4,0.09863763753929929,0.09863763753929929
2021-11-28,DURATION_MASS_MATCHED,UNLABELED_B4_B6,0.10027754231529196,0.10027754231529196
2021-11-28,DURATION_MASS_MATCHED,UNLABELED_B7_B9,0.10027754231529196,0.10027754231529196
2021-12-05,TIMING,ALIGN_0,0.053791055594547284,0.05379106559454733
2021-12-05,TIMING,SHIFT_MINUS_1,0.07003464574358019,0.07003465574357993
2021-12-05,TIMING,SHIFT_MINUS_2,0.07433894305796133,0.07433895305796133
2021-12-05,TIMING,SHIFT_MINUS_3,0.07433894305796133,0.07433895305796133
2021-12-05,TIMING,SHIFT_MINUS_4,0.07433894305796133,0.07433895305796133
2021-12-05,TIMING,SHIFT_PLUS_1,0.05379105559454737,0.05379106559454733
2021-12-05,TIMING,SHIFT_PLUS_2,0.053791055594547346,0.05379106559454733
2021-12-05,TIMING,SHIFT_PLUS_3,0.0653481078567684,0.06534811785676839
2021-12-05,TIMING,SHIFT_PLUS_4,0.0653481078567684,0.06534811785676839
2021-12-05,DURATION_MASS_MATCHED,UNLABELED_B2_B4,0.07433895305796133,0.07433895305796133
2021-12-05,DURATION_MASS_MATCHED,UNLABELED_B4_B6,0.07433895305796133,0.07433895305796133
2021-12-05,DURATION_MASS_MATCHED,UNLABELED_B7_B9,0.06573035842919853,0.06573035842919853
2021-12-12,TIMING,ALIGN_0,0.029040902275113353,0.056070956490434254
2021-12-12,TIMING,SHIFT_MINUS_1,0.08263312191202665,0.08263313191202613
2021-12-12,TIMING,SHIFT_MINUS_2,0.08263312191202613,0.08263313191202612
2021-12-12,TIMING,SHIFT_MINUS_3,0.08006749199912565,0.08006750199912564
2021-12-12,TIMING,SHIFT_MINUS_4,0.06460859094812349,0.0646086009481235
2021-12-12,TIMING,SHIFT_PLUS_1,0.05881893315444443,0.058818943154444435
2021-12-12,TIMING,SHIFT_PLUS_2,0.05881893315444443,0.08006750199912564
2021-12-12,TIMING,SHIFT_PLUS_3,0.05881893315444443,0.08263313191202612
2021-12-12,TIMING,SHIFT_PLUS_4,0.07514415827732754,0.07514416827732753
2021-12-12,DURATION_MASS_MATCHED,UNLABELED_B2_B4,0.10065766287592874,0.10065766287592874
2021-12-12,DURATION_MASS_MATCHED,UNLABELED_B4_B6,0.06460860094812348,0.06460860094812348
2021-12-12,DURATION_MASS_MATCHED,UNLABELED_B7_B9,0.10065766287592874,0.10065766287592874
2021-12-19,TIMING,ALIGN_0,0.07961390468682349,0.07961391468682326
2021-12-19,TIMING,SHIFT_MINUS_1,0.09651923587286315,0.1033083917041108
2021-12-19,TIMING,SHIFT_MINUS_2,0.15424665020254258,0.15424666020254257
2021-12-19,TIMING,SHIFT_MINUS_3,0.18326227778511028,0.18326228778511028
2021-12-19,TIMING,SHIFT_MINUS_4,0.18326227778511028,0.18326228778511028
2021-12-19,TIMING,SHIFT_PLUS_1,0.07821599941644634,0.07821600941644612
2021-12-19,TIMING,SHIFT_PLUS_2,0.073476697463074,0.08545033551033833
2021-12-19,TIMING,SHIFT_PLUS_3,0.05186723933408801,0.09651924587286283
2021-12-19,TIMING,SHIFT_PLUS_4,0.07148059375939765,0.07961391468682326
2021-12-19,DURATION_MASS_MATCHED,UNLABELED_B2_B4,0.18326228778511028,0.18326228778511028
2021-12-19,DURATION_MASS_MATCHED,UNLABELED_B4_B6,0.18326228778511028,0.18326228778511028
2021-12-19,DURATION_MASS_MATCHED,UNLABELED_B7_B9,0.07961391468682326,0.07961391468682326
2021-12-26,TIMING,ALIGN_0,0.07220259334331766,0.0722026033433177
2021-12-26,TIMING,SHIFT_MINUS_1,0.07053052344621107,0.07053053344621041
2021-12-26,TIMING,SHIFT_MINUS_2,0.07053052344621041,0.07053053344621041
2021-12-26,TIMING,SHIFT_MINUS_3,0.09457925607570312,0.09457926607570312
2021-12-26,TIMING,SHIFT_MINUS_4,0.09457925607570312,0.09457926607570312
2021-12-26,TIMING,SHIFT_PLUS_1,0.12875596684757995,0.12875597684757994
2021-12-26,TIMING,SHIFT_PLUS_2,0.12875596684757995,0.12875597684757994
2021-12-26,TIMING,SHIFT_PLUS_3,0.12875596684757995,0.12875597684757994
2021-12-26,TIMING,SHIFT_PLUS_4,0.12875596684757995,0.12875597684757994
2021-12-26,DURATION_MASS_MATCHED,UNLABELED_B2_B4,0.12875597684757994,0.12875597684757994
2021-12-26,DURATION_MASS_MATCHED,UNLABELED_B4_B6,0.12875597684757994,0.12875597684757994
2021-12-26,DURATION_MASS_MATCHED,UNLABELED_B7_B9,0.12875597684757994,0.12875597684757994
2022-01-02,TIMING,ALIGN_0,0.04524529627115822,0.0636097035941829
2022-01-02,TIMING,SHIFT_MINUS_1,0.09573098287916003,0.0957309928791595
2022-01-02,TIMING,SHIFT_MINUS_2,0.18514566571289387,0.18514567571289386
2022-01-02,TIMING,SHIFT_MINUS_3,0.18514566571289387,0.18514567571289386
2022-01-02,TIMING,SHIFT_MINUS_4,0.18514566571289387,0.18514567571289386
2022-01-02,TIMING,SHIFT_PLUS_1,0.1919637336030879,0.1919637436030879
2022-01-02,TIMING,SHIFT_PLUS_2,0.1919637336030879,0.1919637436030879
2022-01-02,TIMING,SHIFT_PLUS_3,0.1919637336030879,0.1919637436030879
2022-01-02,TIMING,SHIFT_PLUS_4,0.1919637336030879,0.1919637436030879
2022-01-02,DURATION_MASS_MATCHED,UNLABELED_B2_B4,0.1919637436030879,0.1919637436030879
2022-01-02,DURATION_MASS_MATCHED,UNLABELED_B4_B6,0.1919637436030879,0.1919637436030879
2022-01-02,DURATION_MASS_MATCHED,UNLABELED_B7_B9,0.1919637436030879,0.1919637436030879
2022-01-09,TIMING,ALIGN_0,0.05541312153812397,0.055413131538124015
2022-01-09,TIMING,SHIFT_MINUS_1,0.05096109961517179,0.06960422327951793
2022-01-09,TIMING,SHIFT_MINUS_2,0.06887433538977188,0.06887434538977187
2022-01-09,TIMING,SHIFT_MINUS_3,0.06887433538977188,0.06887434538977187
2022-01-09,TIMING,SHIFT_MINUS_4,0.06887433538977188,0.06887434538977187
2022-01-09,TIMING,SHIFT_PLUS_1,0.060470138389934494,0.060470148389934496
2022-01-09,TIMING,SHIFT_PLUS_2,0.060470138389934494,0.0604701483899345
2022-01-09,TIMING,SHIFT_PLUS_3,0.08283130920556679,0.0828313192055668
2022-01-09,TIMING,SHIFT_PLUS_4,0.08283130920556679,0.08283131920556679
2022-01-09,DURATION_MASS_MATCHED,UNLABELED_B2_B4,0.08305825584671739,0.08305825584671739
2022-01-09,DURATION_MASS_MATCHED,UNLABELED_B4_B6,0.08283131920556679,0.08283131920556679
2022-01-09,DURATION_MASS_MATCHED,UNLABELED_B7_B9,0.08305825584671739,0.08305825584671739
2022-01-23,TIMING,ALIGN_0,0.05039858493256088,0.07326594345825116
2022-01-23,TIMING,SHIFT_MINUS_1,0.09242324350263673,0.09242325350263672
2022-01-23,TIMING,SHIFT_MINUS_2,0.09242324350263673,0.09242325350263672
2022-01-23,TIMING,SHIFT_MINUS_3,0.09242324350263673,0.09242325350263672
2022-01-23,TIMING,SHIFT_MINUS_4,0.09242324350263673,0.09242325350263672
2022-01-23,TIMING,SHIFT_PLUS_1,0.07326593345825116,0.0751831105524124
2022-01-23,TIMING,SHIFT_PLUS_2,0.08326196279935022,0.08326197279935023
2022-01-23,TIMING,SHIFT_PLUS_3,0.08326196279935025,0.08326197279935021
2022-01-23,TIMING,SHIFT_PLUS_4,0.08326196279935022,0.08326197279935021
2022-01-23,DURATION_MASS_MATCHED,UNLABELED_B2_B4,0.09242325350263672,0.09242325350263672
2022-01-23,DURATION_MASS_MATCHED,UNLABELED_B4_B6,0.09242325350263672,0.09242325350263672
2022-01-23,DURATION_MASS_MATCHED,UNLABELED_B7_B9,0.09242325350263672,0.09242325350263672
2022-01-30,TIMING,ALIGN_0,0.058754187834205114,0.058754197834205005
2022-01-30,TIMING,SHIFT_MINUS_1,0.05875418783420532,0.07090333572896673
2022-01-30,TIMING,SHIFT_MINUS_2,0.06855389661692471,0.07090333572896673
2022-01-30,TIMING,SHIFT_MINUS_3,0.06855389661692471,0.0685539066169247
2022-01-30,TIMING,SHIFT_MINUS_4,0.06855389661692471,0.0685539066169247
2022-01-30,TIMING,SHIFT_PLUS_1,0.04517848798397099,0.07090333572896673
2022-01-30,TIMING,SHIFT_PLUS_2,0.04517848798396983,0.04517849798396982
2022-01-30,TIMING,SHIFT_PLUS_3,0.10128798745576062,0.10128799745576061
2022-01-30,TIMING,SHIFT_PLUS_4,0.10128798745576062,0.10128799745576061
2022-01-30,DURATION_MASS_MATCHED,UNLABELED_B2_B4,0.07090333572896673,0.07090333572896673
2022-01-30,DURATION_MASS_MATCHED,UNLABELED_B4_B6,0.10128799745576061,0.10128799745576061
2022-01-30,DURATION_MASS_MATCHED,UNLABELED_B7_B9,0.10128799745576061,0.10128799745576061
2022-02-06,TIMING,ALIGN_0,0.058826808822433276,0.05882681882243304
2022-02-06,TIMING,SHIFT_MINUS_1,0.0588268088224339,0.06891525431628973
2022-02-06,TIMING,SHIFT_MINUS_2,0.10217010496219582,0.10217011496219582
2022-02-06,TIMING,SHIFT_MINUS_3,0.10217010496219582,0.10217011496219582
2022-02-06,TIMING,SHIFT_MINUS_4,0.10217010496219582,0.10217011496219582
2022-02-06,TIMING,SHIFT_PLUS_1,0.055118293325367614,0.06891525431628974
2022-02-06,TIMING,SHIFT_PLUS_2,0.045232159025827105,0.04729553187460443
2022-02-06,TIMING,SHIFT_PLUS_3,0.09968560295091908,0.09968561295091909
2022-02-06,TIMING,SHIFT_PLUS_4,0.09968560295091908,0.09968561295091907
2022-02-06,DURATION_MASS_MATCHED,UNLABELED_B2_B4,0.10217011496219582,0.10217011496219582
2022-02-06,DURATION_MASS_MATCHED,UNLABELED_B4_B6,0.10217011496219582,0.10217011496219582
2022-02-06,DURATION_MASS_MATCHED,UNLABELED_B7_B9,0.09968561295091907,0.09968561295091907
2022-02-13,TIMING,ALIGN_0,0.04490553140663201,0.05910040320102154
2022-02-13,TIMING,SHIFT_MINUS_1,0.07718965528226032,0.07718966528226032
2022-02-13,TIMING,SHIFT_MINUS_2,0.07769405166352736,0.07769406166352734
2022-02-13,TIMING,SHIFT_MINUS_3,0.07769405166352734,0.07769406166352734
2022-02-13,TIMING,SHIFT_MINUS_4,0.07769405166352734,0.07769406166352734
2022-02-13,TIMING,SHIFT_PLUS_1,0.1202528635632184,0.1202528735632184
2022-02-13,TIMING,SHIFT_PLUS_2,0.1202528635632184,0.1202528735632184
2022-02-13,TIMING,SHIFT_PLUS_3,0.1202528635632184,0.1202528735632184
2022-02-13,TIMING,SHIFT_PLUS_4,0.1202528635632184,0.1202528735632184
2022-02-13,DURATION_MASS_MATCHED,UNLABELED_B2_B4,0.1202528735632184,0.1202528735632184
2022-02-13,DURATION_MASS_MATCHED,UNLABELED_B4_B6,0.1202528735632184,0.1202528735632184
2022-02-13,DURATION_MASS_MATCHED,UNLABELED_B7_B9,0.12025287356321841,0.12025287356321841
2022-02-20,TIMING,ALIGN_0,0.066868282484709,0.06686829248470828
2022-02-20,TIMING,SHIFT_MINUS_1,0.11400946449529933,0.11400947449529933
2022-02-20,TIMING,SHIFT_MINUS_2,0.11400946449529932,0.11400947449529931
2022-02-20,TIMING,SHIFT_MINUS_3,0.11400946449529932,0.11400947449529933
2022-02-20,TIMING,SHIFT_MINUS_4,0.11400946449529932,0.11400947449529933
2022-02-20,TIMING,SHIFT_PLUS_1,0.049453478414765877,0.06074721887285568
2022-02-20,TIMING,SHIFT_PLUS_2,0.036393877586277316,0.08329932672897263
2022-02-20,TIMING,SHIFT_PLUS_3,0.11392784569917096,0.11392785569917097
2022-02-20,TIMING,SHIFT_PLUS_4,0.11392784569917096,0.11392785569917097
2022-02-20,DURATION_MASS_MATCHED,UNLABELED_B2_B4,0.11400947449529931,0.11400947449529931
2022-02-20,DURATION_MASS_MATCHED,UNLABELED_B4_B6,0.11400947449529931,0.11400947449529931
2022-02-20,DURATION_MASS_MATCHED,UNLABELED_B7_B9,0.11400947449529931,0.11400947449529931
2022-02-27,TIMING,ALIGN_0,0.06583710117031807,0.06583711117031736
2022-02-27,TIMING,SHIFT_MINUS_1,0.03949792034300076,0.04477781622434235
2022-02-27,TIMING,SHIFT_MINUS_2,0.059848577602430196,0.08479993644048342
2022-02-27,TIMING,SHIFT_MINUS_3,0.10048539439773965,0.10048540439773965
2022-02-27,TIMING,SHIFT_MINUS_4,0.10048539439773965,0.10048540439773965
2022-02-27,TIMING,SHIFT_PLUS_1,0.065837101170318,0.06583711117031736
2022-02-27,TIMING,SHIFT_PLUS_2,0.1325614661848474,0.1325614761848474
2022-02-27,TIMING,SHIFT_PLUS_3,0.1325614661848474,0.1325614761848474
2022-02-27,TIMING,SHIFT_PLUS_4,0.1325614661848474,0.1325614761848474
2022-02-27,DURATION_MASS_MATCHED,UNLABELED_B2_B4,0.10048540439773965,0.10048540439773965
2022-02-27,DURATION_MASS_MATCHED,UNLABELED_B4_B6,0.1325614761848474,0.1325614761848474
2022-02-27,DURATION_MASS_MATCHED,UNLABELED_B7_B9,0.1325614761848474,0.1325614761848474
2022-03-06,TIMING,ALIGN_0,0.05271212564033816,0.059023789592503526
2022-03-06,TIMING,SHIFT_MINUS_1,0.08773963449464865,0.0877396444946482
2022-03-06,TIMING,SHIFT_MINUS_2,0.10436430721642989,0.10436431721642989
2022-03-06,TIMING,SHIFT_MINUS_3,0.10436430721642989,0.10436431721642989
2022-03-06,TIMING,SHIFT_MINUS_4,0.19316390577532233,0.19316391577532233
2022-03-06,TIMING,SHIFT_PLUS_1,0.06253232782602436,0.06253233782602434
2022-03-06,TIMING,SHIFT_PLUS_2,0.16826740916960095,0.16826741916960095
2022-03-06,TIMING,SHIFT_PLUS_3,0.16826740916960098,0.16826741916960095
2022-03-06,TIMING,SHIFT_PLUS_4,0.16826740916960098,0.16826741916960095
2022-03-06,DURATION_MASS_MATCHED,UNLABELED_B2_B4,0.19316391577532233,0.19316391577532233
2022-03-06,DURATION_MASS_MATCHED,UNLABELED_B4_B6,0.19316391577532235,0.19316391577532235
2022-03-06,DURATION_MASS_MATCHED,UNLABELED_B7_B9,0.16826741916960095,0.16826741916960095
2022-03-13,TIMING,ALIGN_0,0.042273126835444534,0.06907410678402412
2022-03-13,TIMING,SHIFT_MINUS_1,0.05133144380150818,0.06944925567382927
2022-03-13,TIMING,SHIFT_MINUS_2,0.06907409678402415,0.0737296689175109
2022-03-13,TIMING,SHIFT_MINUS_3,0.07095376185088974,0.07095377185088973
2022-03-13,TIMING,SHIFT_MINUS_4,0.07657562292288694,0.07657563292288694
2022-03-13,TIMING,SHIFT_PLUS_1,0.08938956217645747,0.08938957217645746
2022-03-13,TIMING,SHIFT_PLUS_2,0.08938956217645747,0.08938957217645746
2022-03-13,TIMING,SHIFT_PLUS_3,0.08938956217645747,0.08938957217645746
2022-03-13,TIMING,SHIFT_PLUS_4,0.08938956217645747,0.08938957217645746
2022-03-13,DURATION_MASS_MATCHED,UNLABELED_B2_B4,0.08938957217645746,0.08938957217645746
2022-03-13,DURATION_MASS_MATCHED,UNLABELED_B4_B6,0.08938957217645746,0.08938957217645746
2022-03-13,DURATION_MASS_MATCHED,UNLABELED_B7_B9,0.08938957217645746,0.08938957217645746
2022-03-20,TIMING,ALIGN_0,0.05337374182181204,0.05337375182181189
2022-03-20,TIMING,SHIFT_MINUS_1,0.054752545468827914,0.054752555468827846
2022-03-20,TIMING,SHIFT_MINUS_2,0.10154654801714624,0.10154655801714624
2022-03-20,TIMING,SHIFT_MINUS_3,0.10154654801714624,0.10154655801714624
2022-03-20,TIMING,SHIFT_MINUS_4,0.10154654801714624,0.10154655801714624
2022-03-20,TIMING,SHIFT_PLUS_1,0.07894230633137721,0.0789423163313772
2022-03-20,TIMING,SHIFT_PLUS_2,0.07894230633137721,0.07894231633137722
2022-03-20,TIMING,SHIFT_PLUS_3,0.08581352695324286,0.08581353695324286
2022-03-20,TIMING,SHIFT_PLUS_4,0.08581352695324286,0.08581353695324286
2022-03-20,DURATION_MASS_MATCHED,UNLABELED_B2_B4,0.10154655801714624,0.10154655801714624
2022-03-20,DURATION_MASS_MATCHED,UNLABELED_B4_B6,0.10154655801714624,0.10154655801714624
2022-03-20,DURATION_MASS_MATCHED,UNLABELED_B7_B9,0.08581353695324286,0.08581353695324286
2022-03-27,TIMING,ALIGN_0,0.05993027267463339,0.06109600141220458
2022-03-27,TIMING,SHIFT_MINUS_1,0.06156561640111364,0.06156562640111321
2022-03-27,TIMING,SHIFT_MINUS_2,0.08012283330604168,0.08012284330604168
2022-03-27,TIMING,SHIFT_MINUS_3,0.08012283330604168,0.08012284330604168
2022-03-27,TIMING,SHIFT_MINUS_4,0.08012283330604168,0.08012284330604168
2022-03-27,TIMING,SHIFT_PLUS_1,0.05993027267463327,0.0687895019743776
2022-03-27,TIMING,SHIFT_PLUS_2,0.05319170268313788,0.06109600141220459
2022-03-27,TIMING,SHIFT_PLUS_3,0.06631622172861942,0.06631623172861942
2022-03-27,TIMING,SHIFT_PLUS_4,0.06631622172861942,0.06631623172861942
2022-03-27,DURATION_MASS_MATCHED,UNLABELED_B2_B4,0.08170323285296545,0.08170323285296545
2022-03-27,DURATION_MASS_MATCHED,UNLABELED_B4_B6,0.08012284330604168,0.08012284330604168
2022-03-27,DURATION_MASS_MATCHED,UNLABELED_B7_B9,0.08170323285296545,0.08170323285296545
2022-04-03,TIMING,ALIGN_0,0.04073115126022219,0.0542288741408225
2022-04-03,TIMING,SHIFT_MINUS_1,0.052841974072006165,0.08858827710976863
2022-04-03,TIMING,SHIFT_MINUS_2,0.052841974072005964,0.07192684708222102
2022-04-03,TIMING,SHIFT_MINUS_3,0.05284197407200592,0.07192684708222102
2022-04-03,TIMING,SHIFT_MINUS_4,0.05745437702892677,0.08113105315776731
2022-04-03,TIMING,SHIFT_PLUS_1,0.04338150927437641,0.05201612435467305
2022-04-03,TIMING,SHIFT_PLUS_2,0.1330660109825554,0.1330660209825554
2022-04-03,TIMING,SHIFT_PLUS_3,0.1330660109825554,0.1330660209825554
2022-04-03,TIMING,SHIFT_PLUS_4,0.1330660109825554,0.1330660209825554
2022-04-03,DURATION_MASS_MATCHED,UNLABELED_B2_B4,0.08858827710976863,0.08858827710976863
2022-04-03,DURATION_MASS_MATCHED,UNLABELED_B4_B6,0.1330660209825554,0.1330660209825554
2022-04-03,DURATION_MASS_MATCHED,UNLABELED_B7_B9,0.1330660209825554,0.1330660209825554
2022-04-10,TIMING,ALIGN_0,0.06614829447720777,0.06614830447720763
2022-04-10,TIMING,SHIFT_MINUS_1,0.07366252256785176,0.07366253256785146
2022-04-10,TIMING,SHIFT_MINUS_2,0.07366252256785147,0.07366253256785146
2022-04-10,TIMING,SHIFT_MINUS_3,0.07366252256785147,0.07997587927604949
2022-04-10,TIMING,SHIFT_MINUS_4,0.0898622638700726,0.08986227387007259
2022-04-10,TIMING,SHIFT_PLUS_1,0.06614829447720763,0.06614830447720763
2022-04-10,TIMING,SHIFT_PLUS_2,0.05887079980815661,0.058870809808156455
2022-04-10,TIMING,SHIFT_PLUS_3,0.0809433521933622,0.08094336219336219
2022-04-10,TIMING,SHIFT_PLUS_4,0.0809433521933622,0.08094336219336219
2022-04-10,DURATION_MASS_MATCHED,UNLABELED_B2_B4,0.1055517372652923,0.1055517372652923
2022-04-10,DURATION_MASS_MATCHED,UNLABELED_B4_B6,0.08094336219336219,0.08094336219336219
2022-04-10,DURATION_MASS_MATCHED,UNLABELED_B7_B9,0.1055517372652923,0.1055517372652923
2022-04-24,TIMING,ALIGN_0,0.046412835417220306,0.04641284541722027
2022-04-24,TIMING,SHIFT_MINUS_1,0.0566469080468451,0.05664691804684465
2022-04-24,TIMING,SHIFT_MINUS_2,0.05704337145514616,0.07421922833712505
2022-04-24,TIMING,SHIFT_MINUS_3,0.05704337145514616,0.05704338145514616
2022-04-24,TIMING,SHIFT_MINUS_4,0.05704337145514616,0.05704338145514616
2022-04-24,TIMING,SHIFT_PLUS_1,0.05296602243850954,0.052966032438509524
2022-04-24,TIMING,SHIFT_PLUS_2,0.05296602243850952,0.05296603243850952
2022-04-24,TIMING,SHIFT_PLUS_3,0.09547241423574059,0.09547242423574058
2022-04-24,TIMING,SHIFT_PLUS_4,0.09547241423574059,0.09547242423574058
2022-04-24,DURATION_MASS_MATCHED,UNLABELED_B2_B4,0.0768088680094609,0.0768088680094609
2022-04-24,DURATION_MASS_MATCHED,UNLABELED_B4_B6,0.09547242423574058,0.09547242423574058
2022-04-24,DURATION_MASS_MATCHED,UNLABELED_B7_B9,0.09547242423574058,0.09547242423574058
2022-05-01,TIMING,ALIGN_0,0.027685509737114245,0.04682627494370663
2022-05-01,TIMING,SHIFT_MINUS_1,0.056537491764749474,0.056537501764749316
2022-05-01,TIMING,SHIFT_MINUS_2,0.05133639038449816,0.051336400384498146
2022-05-01,TIMING,SHIFT_MINUS_3,0.04164384392953168,0.05563389090352015
2022-05-01,TIMING,SHIFT_MINUS_4,0.05677708776575573,0.056777097765755735
2022-05-01,TIMING,SHIFT_PLUS_1,0.04272300094475357,0.05104911599227544
2022-05-01,TIMING,SHIFT_PLUS_2,0.04272300094475357,0.04272301094475357
2022-05-01,TIMING,SHIFT_PLUS_3,0.07155961475844366,0.07155962475844366
2022-05-01,TIMING,SHIFT_PLUS_4,0.07155961475844366,0.07155962475844366
2022-05-01,DURATION_MASS_MATCHED,UNLABELED_B2_B4,0.08760496262423506,0.08760496262423506
2022-05-01,DURATION_MASS_MATCHED,UNLABELED_B4_B6,0.07155962475844366,0.07155962475844366
2022-05-01,DURATION_MASS_MATCHED,UNLABELED_B7_B9,0.08760496262423506,0.08760496262423506
2022-05-08,TIMING,ALIGN_0,0.040767304038248846,0.040767314038248695
2022-05-08,TIMING,SHIFT_MINUS_1,0.06250739277074438,0.0625074027707441
2022-05-08,TIMING,SHIFT_MINUS_2,0.0625073927707441,0.0625074027707441
2022-05-08,TIMING,SHIFT_MINUS_3,0.0625073927707441,0.0625074027707441
2022-05-08,TIMING,SHIFT_MINUS_4,0.06837742211260998,0.06837743211260998
2022-05-08,TIMING,SHIFT_PLUS_1,0.03457597694753623,0.03846033036874959
2022-05-08,TIMING,SHIFT_PLUS_2,0.04956632562515916,0.0625074027707441
2022-05-08,TIMING,SHIFT_PLUS_3,0.05561128067500883,0.0625074027707441
2022-05-08,TIMING,SHIFT_PLUS_4,0.05561128067500884,0.05561129067500882
2022-05-08,DURATION_MASS_MATCHED,UNLABELED_B2_B4,0.08218752595531531,0.08218752595531531
2022-05-08,DURATION_MASS_MATCHED,UNLABELED_B4_B6,0.06837743211260998,0.06837743211260998
2022-05-08,DURATION_MASS_MATCHED,UNLABELED_B7_B9,0.08218752595531531,0.08218752595531531
2022-05-15,TIMING,ALIGN_0,0.04467919669861089,0.08107920910423097
2022-05-15,TIMING,SHIFT_MINUS_1,0.05659841845326775,0.08499014663118297
2022-05-15,TIMING,SHIFT_MINUS_2,0.09845490015273972,0.0984549101527396
2022-05-15,TIMING,SHIFT_MINUS_3,0.09837874742733237,0.09837875742733229
2022-05-15,TIMING,SHIFT_MINUS_4,0.09166510194625363,0.1317624636569835
2022-05-15,TIMING,SHIFT_PLUS_1,0.1660435346906036,0.16604354469060356
2022-05-15,TIMING,SHIFT_PLUS_2,0.3282019528990655,0.3282019628990655
2022-05-15,TIMING,SHIFT_PLUS_3,0.3282019528990655,0.3282019628990655
2022-05-15,TIMING,SHIFT_PLUS_4,0.3282019528990655,0.3282019628990655
2022-05-15,DURATION_MASS_MATCHED,UNLABELED_B2_B4,0.20012975699493585,0.20012975699493585
2022-05-15,DURATION_MASS_MATCHED,UNLABELED_B4_B6,0.3282019628990655,0.3282019628990655
2022-05-15,DURATION_MASS_MATCHED,UNLABELED_B7_B9,0.3282019628990655,0.3282019628990655
2022-05-22,TIMING,ALIGN_0,0.05482738267965361,0.09388618966799281
2022-05-22,TIMING,SHIFT_MINUS_1,0.05482738267965417,0.12345884156978143
2022-05-22,TIMING,SHIFT_MINUS_2,0.1322908031312508,0.13229081313125063
2022-05-22,TIMING,SHIFT_MINUS_3,0.12718437428965737,0.12718438428965725
2022-05-22,TIMING,SHIFT_MINUS_4,0.10837813568050811,0.1586958277416506
2022-05-22,TIMING,SHIFT_PLUS_1,0.12051993767822114,0.12051994767822112
2022-05-22,TIMING,SHIFT_PLUS_2,0.30829231701420673,0.3082923270142067
2022-05-22,TIMING,SHIFT_PLUS_3,0.30829231701420673,0.3082923270142067
2022-05-22,TIMING,SHIFT_PLUS_4,0.30829231701420673,0.3082923270142067
2022-05-22,DURATION_MASS_MATCHED,UNLABELED_B2_B4,0.2561833347662656,0.2561833347662656
2022-05-22,DURATION_MASS_MATCHED,UNLABELED_B4_B6,0.3082923270142067,0.3082923270142067
2022-05-22,DURATION_MASS_MATCHED,UNLABELED_B7_B9,0.3082923270142067,0.3082923270142067
2022-05-29,TIMING,ALIGN_0,0.08064861935369469,0.08064862935369468
2022-05-29,TIMING,SHIFT_MINUS_1,0.08064861935369491,0.08064862935369468
2022-05-29,TIMING,SHIFT_MINUS_2,0.0802063265614902,0.08020633656149019
2022-05-29,TIMING,SHIFT_MINUS_3,0.09061964937641225,0.09061965937641224
2022-05-29,TIMING,SHIFT_MINUS_4,0.09061964937641225,0.09061965937641224
2022-05-29,TIMING,SHIFT_PLUS_1,0.0806486193536947,0.08064862935369468
2022-05-29,TIMING,SHIFT_PLUS_2,0.1057077179886948,0.1057077279886948
2022-05-29,TIMING,SHIFT_PLUS_3,0.1057077179886948,0.1057077279886948
2022-05-29,TIMING,SHIFT_PLUS_4,0.1057077179886948,0.1057077279886948
2022-05-29,DURATION_MASS_MATCHED,UNLABELED_B2_B4,0.09061965937641224,0.09061965937641224
2022-05-29,DURATION_MASS_MATCHED,UNLABELED_B4_B6,0.1057077279886948,0.1057077279886948
2022-05-29,DURATION_MASS_MATCHED,UNLABELED_B7_B9,0.1057077279886948,0.1057077279886948
2022-06-05,TIMING,ALIGN_0,0.04624831926888077,0.04624832926887986
2022-06-05,TIMING,SHIFT_MINUS_1,0.060327095222696955,0.06032710522269688
2022-06-05,TIMING,SHIFT_MINUS_2,0.08054713188899496,0.08054714188899495
2022-06-05,TIMING,SHIFT_MINUS_3,0.08054713188899496,0.08054714188899495
2022-06-05,TIMING,SHIFT_MINUS_4,0.08054713188899497,0.08054714188899495
2022-06-05,TIMING,SHIFT_PLUS_1,0.0715131511683336,0.07151316116833357
2022-06-05,TIMING,SHIFT_PLUS_2,0.15032526607862068,0.15032527607862067
2022-06-05,TIMING,SHIFT_PLUS_3,0.15032526607862068,0.15032527607862067
2022-06-05,TIMING,SHIFT_PLUS_4,0.15032526607862068,0.15032527607862067
2022-06-05,DURATION_MASS_MATCHED,UNLABELED_B2_B4,0.08054714188899495,0.08054714188899495
2022-06-05,DURATION_MASS_MATCHED,UNLABELED_B4_B6,0.15032527607862067,0.15032527607862067
2022-06-05,DURATION_MASS_MATCHED,UNLABELED_B7_B9,0.15032527607862067,0.15032527607862067
2022-06-12,TIMING,ALIGN_0,0.04244685069967757,0.054124788844261154
2022-06-12,TIMING,SHIFT_MINUS_1,0.05553732476861841,0.06113923698182046
2022-06-12,TIMING,SHIFT_MINUS_2,0.08978791070078376,0.08978792070078376
2022-06-12,TIMING,SHIFT_MINUS_3,0.08978791070078376,0.08978792070078376
2022-06-12,TIMING,SHIFT_MINUS_4,0.10128750225007911,0.1012875122500791
2022-06-12,TIMING,SHIFT_PLUS_1,0.07831610604769501,0.07831611604769499
2022-06-12,TIMING,SHIFT_PLUS_2,0.078316106047695,0.07831611604769499
2022-06-12,TIMING,SHIFT_PLUS_3,0.078316106047695,0.07831611604769499
2022-06-12,TIMING,SHIFT_PLUS_4,0.078316106047695,0.07831611604769499
2022-06-12,DURATION_MASS_MATCHED,UNLABELED_B2_B4,0.1012875122500791,0.1012875122500791
2022-06-12,DURATION_MASS_MATCHED,UNLABELED_B4_B6,0.1012875122500791,0.1012875122500791
2022-06-12,DURATION_MASS_MATCHED,UNLABELED_B7_B9,0.08033407950074617,0.08033407950074617
2022-06-19,TIMING,ALIGN_0,0.12957140805383133,0.12957141805383057
2022-06-19,TIMING,SHIFT_MINUS_1,0.25819041480763555,0.25819042480763554
2022-06-19,TIMING,SHIFT_MINUS_2,0.25819041480763555,0.25819042480763554
2022-06-19,TIMING,SHIFT_MINUS_3,0.25819041480763555,0.25819042480763554
2022-06-19,TIMING,SHIFT_MINUS_4,0.25819041480763555,0.25819042480763554
2022-06-19,TIMING,SHIFT_PLUS_1,0.10181790193085669,0.10942453503016546
2022-06-19,TIMING,SHIFT_PLUS_2,0.07587811092122437,0.07832854736182641
2022-06-19,TIMING,SHIFT_PLUS_3,0.07587811092122437,0.07612632508156808
2022-06-19,TIMING,SHIFT_PLUS_4,0.07587811092122437,0.11126378803389497
2022-06-19,DURATION_MASS_MATCHED,UNLABELED_B2_B4,0.25819042480763554,0.25819042480763554
2022-06-19,DURATION_MASS_MATCHED,UNLABELED_B4_B6,0.25819042480763554,0.25819042480763554
2022-06-19,DURATION_MASS_MATCHED,UNLABELED_B7_B9,0.25819042480763554,0.25819042480763554
2022-06-26,TIMING,ALIGN_0,0.160619729000388,0.16061973900038762
2022-06-26,TIMING,SHIFT_MINUS_1,0.21988798171534052,0.21988799171534051
2022-06-26,TIMING,SHIFT_MINUS_2,0.21988798171534052,0.21988799171534051
2022-06-26,TIMING,SHIFT_MINUS_3,0.21988798171534052,0.21988799171534051
2022-06-26,TIMING,SHIFT_MINUS_4,0.21988798171534052,0.21988799171534051
2022-06-26,TIMING,SHIFT_PLUS_1,0.12814102557369728,0.1404533784923882
2022-06-26,TIMING,SHIFT_PLUS_2,0.12814102557369747,0.12814103557369733
2022-06-26,TIMING,SHIFT_PLUS_3,0.15490469550954428,0.15490470550954427
2022-06-26,TIMING,SHIFT_PLUS_4,0.15490469550954425,0.15490470550954424
2022-06-26,DURATION_MASS_MATCHED,UNLABELED_B2_B4,0.21988799171534051,0.21988799171534051
2022-06-26,DURATION_MASS_MATCHED,UNLABELED_B4_B6,0.21988799171534051,0.21988799171534051
2022-06-26,DURATION_MASS_MATCHED,UNLABELED_B7_B9,0.21988799171534051,0.21988799171534051
2022-07-10,TIMING,ALIGN_0,0.11586819344736965,0.11586820344736984
2022-07-10,TIMING,SHIFT_MINUS_1,0.08205144920424834,0.0862250660017491
2022-07-10,TIMING,SHIFT_MINUS_2,0.09830369486043428,0.0983037048604343
2022-07-10,TIMING,SHIFT_MINUS_3,0.09830369486043428,0.0983037048604343
2022-07-10,TIMING,SHIFT_MINUS_4,0.14968493769049288,0.1496849476904929
2022-07-10,TIMING,SHIFT_PLUS_1,0.07369815443897819,0.11236263095946866
2022-07-10,TIMING,SHIFT_PLUS_2,0.07369815443897819,0.0983037048604343
2022-07-10,TIMING,SHIFT_PLUS_3,0.06339042309631546,0.06339043309631545
2022-07-10,TIMING,SHIFT_PLUS_4,0.06339042309631546,0.06339043309631545
2022-07-10,DURATION_MASS_MATCHED,UNLABELED_B2_B4,0.14968494769049287,0.14968494769049287
2022-07-10,DURATION_MASS_MATCHED,UNLABELED_B4_B6,0.14968494769049287,0.14968494769049287
2022-07-10,DURATION_MASS_MATCHED,UNLABELED_B7_B9,0.08205145920424681,0.08205145920424681
2022-07-17,TIMING,ALIGN_0,0.10940346286185174,0.1094034728618514
2022-07-17,TIMING,SHIFT_MINUS_1,0.07412880639676517,0.08037188422967534
2022-07-17,TIMING,SHIFT_MINUS_2,0.09692058092980756,0.09692059092980757
2022-07-17,TIMING,SHIFT_MINUS_3,0.10236032527758737,0.10236033527758738
2022-07-17,TIMING,SHIFT_MINUS_4,0.18279825136969,0.18279826136969
2022-07-17,TIMING,SHIFT_PLUS_1,0.06541362353267395,0.10799778346959837
2022-07-17,TIMING,SHIFT_PLUS_2,0.07094402578157187,0.09688350236354866
2022-07-17,TIMING,SHIFT_PLUS_3,0.07094402578157182,0.07412881639676422
2022-07-17,TIMING,SHIFT_PLUS_4,0.0709440257815718,0.07094403578157178
2022-07-17,DURATION_MASS_MATCHED,UNLABELED_B2_B4,0.18279826136969,0.18279826136969
2022-07-17,DURATION_MASS_MATCHED,UNLABELED_B4_B6,0.18279826136969,0.18279826136969
2022-07-17,DURATION_MASS_MATCHED,UNLABELED_B7_B9,0.0709440357815718,0.0709440357815718
2022-07-24,TIMING,ALIGN_0,0.08124983542323994,0.08124984542323958
2022-07-24,TIMING,SHIFT_MINUS_1,0.089090064745658,0.0890900747456577
2022-07-24,TIMING,SHIFT_MINUS_2,0.08909006474565768,0.0890900747456577
2022-07-24,TIMING,SHIFT_MINUS_3,0.1463426245485778,0.1463426345485778
2022-07-24,TIMING,SHIFT_MINUS_4,0.1463426245485778,0.1463426345485778
2022-07-24,TIMING,SHIFT_PLUS_1,0.07337822836900967,0.07337823836900957
2022-07-24,TIMING,SHIFT_PLUS_2,0.037226522688800744,0.07651405127387384
2022-07-24,TIMING,SHIFT_PLUS_3,0.06051475336520535,0.0890900747456577
2022-07-24,TIMING,SHIFT_PLUS_4,0.06615400369989376,0.08124984542323958
2022-07-24,DURATION_MASS_MATCHED,UNLABELED_B2_B4,0.1463426345485778,0.1463426345485778
2022-07-24,DURATION_MASS_MATCHED,UNLABELED_B4_B6,0.1463426345485778,0.1463426345485778
2022-07-24,DURATION_MASS_MATCHED,UNLABELED_B7_B9,0.08124984542323958,0.08124984542323958
2022-07-31,TIMING,ALIGN_0,0.05717551095128451,0.08139887574381073
2022-07-31,TIMING,SHIFT_MINUS_1,0.09401076096339891,0.09401077096339824
2022-07-31,TIMING,SHIFT_MINUS_2,0.12928451616335115,0.12928452616335115
2022-07-31,TIMING,SHIFT_MINUS_3,0.12928451616335115,0.12928452616335115
2022-07-31,TIMING,SHIFT_MINUS_4,0.12928451616335115,0.12928452616335115
2022-07-31,TIMING,SHIFT_PLUS_1,0.105938890355144,0.105938900355144
2022-07-31,TIMING,SHIFT_PLUS_2,0.11211379486458857,0.11211380486458858
2022-07-31,TIMING,SHIFT_PLUS_3,0.11211379486458858,0.11211380486458856
2022-07-31,TIMING,SHIFT_PLUS_4,0.11211379486458858,0.11211380486458856
2022-07-31,DURATION_MASS_MATCHED,UNLABELED_B2_B4,0.12928452616335115,0.12928452616335115
2022-07-31,DURATION_MASS_MATCHED,UNLABELED_B4_B6,0.12928452616335115,0.12928452616335115
2022-07-31,DURATION_MASS_MATCHED,UNLABELED_B7_B9,0.11211380486458856,0.11211380486458856
2022-08-07,TIMING,ALIGN_0,0.06564457043138067,0.06564458043138055
2022-08-07,TIMING,SHIFT_MINUS_1,0.061484488272712697,0.06957689630609684
2022-08-07,TIMING,SHIFT_MINUS_2,0.06161024278317894,0.07578977334288718
2022-08-07,TIMING,SHIFT_MINUS_3,0.05709443675773329,0.06359425922215962
2022-08-07,TIMING,SHIFT_MINUS_4,0.074194704105028,0.074194714105028
2022-08-07,TIMING,SHIFT_PLUS_1,0.06151368236351018,0.06151369236351017
2022-08-07,TIMING,SHIFT_PLUS_2,0.06944672307369477,0.06944673307369474
2022-08-07,TIMING,SHIFT_PLUS_3,0.09383775131514986,0.09383776131514986
2022-08-07,TIMING,SHIFT_PLUS_4,0.09383775131514986,0.09383776131514986
2022-08-07,DURATION_MASS_MATCHED,UNLABELED_B2_B4,0.11041453777505278,0.11041453777505278
2022-08-07,DURATION_MASS_MATCHED,UNLABELED_B4_B6,0.09383776131514986,0.09383776131514986
2022-08-07,DURATION_MASS_MATCHED,UNLABELED_B7_B9,0.11041453777505278,0.11041453777505278
2022-08-14,TIMING,ALIGN_0,0.039950845181069464,0.08835875107773608
2022-08-14,TIMING,SHIFT_MINUS_1,0.06619480907896724,0.08835875107773608
2022-08-14,TIMING,SHIFT_MINUS_2,0.07699895347783674,0.10338592079142156
2022-08-14,TIMING,SHIFT_MINUS_3,0.07699895347783674,0.09135791626645944
2022-08-14,TIMING,SHIFT_MINUS_4,0.08835874107773607,0.08835875107773608
2022-08-14,TIMING,SHIFT_PLUS_1,0.08952021063477171,0.0895202206347717
2022-08-14,TIMING,SHIFT_PLUS_2,0.08952021063477171,0.0895202206347717
2022-08-14,TIMING,SHIFT_PLUS_3,0.11725161094807142,0.11725162094807141
2022-08-14,TIMING,SHIFT_PLUS_4,0.11725161094807142,0.11725162094807143
2022-08-14,DURATION_MASS_MATCHED,UNLABELED_B2_B4,0.0895202206347717,0.0895202206347717
2022-08-14,DURATION_MASS_MATCHED,UNLABELED_B4_B6,0.11725162094807141,0.11725162094807141
2022-08-14,DURATION_MASS_MATCHED,UNLABELED_B7_B9,0.11725162094807141,0.11725162094807141
2022-08-21,TIMING,ALIGN_0,0.11733521699051458,0.11733522699051425
2022-08-21,TIMING,SHIFT_MINUS_1,0.09118171920238731,0.09118172920238654
2022-08-21,TIMING,SHIFT_MINUS_2,0.09118171920238667,0.09118172920238654
2022-08-21,TIMING,SHIFT_MINUS_3,0.09693126729032947,0.10020612310063123
2022-08-21,TIMING,SHIFT_MINUS_4,0.20939746635914794,0.20939747635914796
2022-08-21,TIMING,SHIFT_PLUS_1,0.09455342796711534,0.11211543766065325
2022-08-21,TIMING,SHIFT_PLUS_2,0.09455342796711512,0.09455343796711509
2022-08-21,TIMING,SHIFT_PLUS_3,0.09455342796711519,0.09455343796711507
2022-08-21,TIMING,SHIFT_PLUS_4,0.09455342796711508,0.09455343796711509
2022-08-21,DURATION_MASS_MATCHED,UNLABELED_B2_B4,0.20939747635914796,0.20939747635914796
2022-08-21,DURATION_MASS_MATCHED,UNLABELED_B4_B6,0.20939747635914793,0.20939747635914793
2022-08-21,DURATION_MASS_MATCHED,UNLABELED_B7_B9,0.09769642817132235,0.09769642817132235
2022-08-28,TIMING,ALIGN_0,0.10034530442516373,0.10034531442516356
2022-08-28,TIMING,SHIFT_MINUS_1,0.05967827060145432,0.05967828060145346
2022-08-28,TIMING,SHIFT_MINUS_2,0.11890722767490494,0.11890723767490494
2022-08-28,TIMING,SHIFT_MINUS_3,0.11890722767490494,0.11890723767490494
2022-08-28,TIMING,SHIFT_MINUS_4,0.15714550705335117,0.15714551705335117
2022-08-28,TIMING,SHIFT_PLUS_1,0.08062303300551468,0.09222887237409462
2022-08-28,TIMING,SHIFT_PLUS_2,0.06833930025061047,0.07250660095444596
2022-08-28,TIMING,SHIFT_PLUS_3,0.057067035318925034,0.06022286819954156
2022-08-28,TIMING,SHIFT_PLUS_4,0.057067035318925034,0.05706704531892501
2022-08-28,DURATION_MASS_MATCHED,UNLABELED_B2_B4,0.15714551705335117,0.15714551705335117
2022-08-28,DURATION_MASS_MATCHED,UNLABELED_B4_B6,0.15714551705335117,0.15714551705335117
2022-08-28,DURATION_MASS_MATCHED,UNLABELED_B7_B9,0.08191582502494482,0.08191582502494482
2022-09-11,TIMING,ALIGN_0,0.07874969872401341,0.07874970872401339
2022-09-11,TIMING,SHIFT_MINUS_1,0.07874969872401398,0.08633366515669502
2022-09-11,TIMING,SHIFT_MINUS_2,0.08898355029934978,0.08898356029934978
2022-09-11,TIMING,SHIFT_MINUS_3,0.08898355029934978,0.08898356029934978
2022-09-11,TIMING,SHIFT_MINUS_4,0.11166576740386042,0.11166577740386043
2022-09-11,TIMING,SHIFT_PLUS_1,0.10187163350800714,0.10187164350800718
2022-09-11,TIMING,SHIFT_PLUS_2,0.10187163350800715,0.10187164350800713
2022-09-11,TIMING,SHIFT_PLUS_3,0.11235872015873018,0.11235873015873017
2022-09-11,TIMING,SHIFT_PLUS_4,0.11235872015873018,0.11235873015873017
2022-09-11,DURATION_MASS_MATCHED,UNLABELED_B2_B4,0.1264695200028166,0.1264695200028166
2022-09-11,DURATION_MASS_MATCHED,UNLABELED_B4_B6,0.11235873015873017,0.11235873015873017
2022-09-11,DURATION_MASS_MATCHED,UNLABELED_B7_B9,0.1264695200028166,0.1264695200028166
2022-09-18,TIMING,ALIGN_0,0.04602912906173035,0.0635483017909862
2022-09-18,TIMING,SHIFT_MINUS_1,0.07601076042140825,0.09857884313740972
2022-09-18,TIMING,SHIFT_MINUS_2,0.08886118363093048,0.08886119363093048
2022-09-18,TIMING,SHIFT_MINUS_3,0.08886118363093048,0.09024839420666353
2022-09-18,TIMING,SHIFT_MINUS_4,0.09857883313740973,0.09857884313740972
2022-09-18,TIMING,SHIFT_PLUS_1,0.07134003884004887,0.07134004884004884
2022-09-18,TIMING,SHIFT_PLUS_2,0.07134003884004886,0.09857884313740972
2022-09-18,TIMING,SHIFT_PLUS_3,0.13035346402634282,0.1303534740263428
2022-09-18,TIMING,SHIFT_PLUS_4,0.13035346402634282,0.1303534740263428
2022-09-18,DURATION_MASS_MATCHED,UNLABELED_B2_B4,0.09857884313740972,0.09857884313740972
2022-09-18,DURATION_MASS_MATCHED,UNLABELED_B4_B6,0.1303534740263428,0.1303534740263428
2022-09-18,DURATION_MASS_MATCHED,UNLABELED_B7_B9,0.1303534740263428,0.1303534740263428
2022-10-02,TIMING,ALIGN_0,0.031093765893306355,0.048688303608700925
2022-10-02,TIMING,SHIFT_MINUS_1,0.061815324932804915,0.061815334932804826
2022-10-02,TIMING,SHIFT_MINUS_2,0.061815324932804824,0.061815334932804826
2022-10-02,TIMING,SHIFT_MINUS_3,0.06860390167513139,0.06860391167513138
2022-10-02,TIMING,SHIFT_MINUS_4,0.06860390167513139,0.06860391167513138
2022-10-02,TIMING,SHIFT_PLUS_1,0.09156298156299157,0.09156299156299157
2022-10-02,TIMING,SHIFT_PLUS_2,0.09156298156299157,0.09156299156299157
2022-10-02,TIMING,SHIFT_PLUS_3,0.09156298156299157,0.09156299156299157
2022-10-02,TIMING,SHIFT_PLUS_4,0.09156298156299157,0.09156299156299157
2022-10-02,DURATION_MASS_MATCHED,UNLABELED_B2_B4,0.1390646414855901,0.1390646414855901
2022-10-02,DURATION_MASS_MATCHED,UNLABELED_B4_B6,0.09156299156299157,0.09156299156299157
2022-10-02,DURATION_MASS_MATCHED,UNLABELED_B7_B9,0.1390646414855901,0.1390646414855901
2022-10-09,TIMING,ALIGN_0,0.08501093394151907,0.085010943941519
2022-10-09,TIMING,SHIFT_MINUS_1,0.08504463285714288,0.08504464285714287
2022-10-09,TIMING,SHIFT_MINUS_2,0.08504463285714288,0.08504464285714287
2022-10-09,TIMING,SHIFT_MINUS_3,0.12057288484708843,0.12057289484708843
2022-10-09,TIMING,SHIFT_MINUS_4,0.12057288484708843,0.12057289484708843
2022-10-09,TIMING,SHIFT_PLUS_1,0.08501093394151896,0.085010943941519
2022-10-09,TIMING,SHIFT_PLUS_2,0.06724680794654625,0.07801898422513442
2022-10-09,TIMING,SHIFT_PLUS_3,0.08737086994513736,0.08737087994513736
2022-10-09,TIMING,SHIFT_PLUS_4,0.08737086994513736,0.08737087994513736
2022-10-09,DURATION_MASS_MATCHED,UNLABELED_B2_B4,0.12057289484708843,0.12057289484708843
2022-10-09,DURATION_MASS_MATCHED,UNLABELED_B4_B6,0.12057289484708844,0.12057289484708844
2022-10-09,DURATION_MASS_MATCHED,UNLABELED_B7_B9,0.08737087994513736,0.08737087994513736
2022-10-16,TIMING,ALIGN_0,0.06409665722166713,0.06409666722166724
2022-10-16,TIMING,SHIFT_MINUS_1,0.06409665722166741,0.06668312889701719
2022-10-16,TIMING,SHIFT_MINUS_2,0.07440141888512454,0.07440142888512455
2022-10-16,TIMING,SHIFT_MINUS_3,0.07440141888512453,0.07440142888512455
2022-10-16,TIMING,SHIFT_MINUS_4,0.0845328182828283,0.08453282828282829
2022-10-16,TIMING,SHIFT_PLUS_1,0.052726180476190584,0.06615332080633968
2022-10-16,TIMING,SHIFT_PLUS_2,0.11538132190680964,0.11538133190680963
2022-10-16,TIMING,SHIFT_PLUS_3,0.11538132190680964,0.11538133190680963
2022-10-16,TIMING,SHIFT_PLUS_4,0.11538132190680964,0.11538133190680963
2022-10-16,DURATION_MASS_MATCHED,UNLABELED_B2_B4,0.08453282828282829,0.08453282828282829
2022-10-16,DURATION_MASS_MATCHED,UNLABELED_B4_B6,0.11538133190680963,0.11538133190680963
2022-10-16,DURATION_MASS_MATCHED,UNLABELED_B7_B9,0.11538133190680963,0.11538133190680963
2022-10-23,TIMING,ALIGN_0,0.06281020018802981,0.06281021018802974
2022-10-23,TIMING,SHIFT_MINUS_1,0.06281020018803056,0.06745907331346108
2022-10-23,TIMING,SHIFT_MINUS_2,0.07748745867167922,0.07748746867167922
2022-10-23,TIMING,SHIFT_MINUS_3,0.07748745867167922,0.07748746867167922
2022-10-23,TIMING,SHIFT_MINUS_4,0.07748745867167922,0.07748746867167922
2022-10-23,TIMING,SHIFT_PLUS_1,0.06281020018802974,0.06281021018802974
2022-10-23,TIMING,SHIFT_PLUS_2,0.07097390057787098,0.07097391057787097
2022-10-23,TIMING,SHIFT_PLUS_3,0.07097390057787098,0.07097391057787097
2022-10-23,TIMING,SHIFT_PLUS_4,0.07097390057787098,0.07097391057787097
2022-10-23,DURATION_MASS_MATCHED,UNLABELED_B2_B4,0.07748746867167922,0.07748746867167922
2022-10-23,DURATION_MASS_MATCHED,UNLABELED_B4_B6,0.07748746867167922,0.07748746867167922
2022-10-23,DURATION_MASS_MATCHED,UNLABELED_B7_B9,0.07097391057787097,0.07097391057787097
2022-10-30,TIMING,ALIGN_0,0.02613485714280434,0.03284295787763194
2022-10-30,TIMING,SHIFT_MINUS_1,0.03070738902874822,0.041347778209941906
2022-10-30,TIMING,SHIFT_MINUS_2,0.04346843261641716,0.04346844261641717
2022-10-30,TIMING,SHIFT_MINUS_3,0.043468432616417155,0.04346844261641717
2022-10-30,TIMING,SHIFT_MINUS_4,0.04346843261641718,0.04346844261641717
2022-10-30,TIMING,SHIFT_PLUS_1,0.05402826562462187,0.05402827562462187
2022-10-30,TIMING,SHIFT_PLUS_2,0.06654206137400415,0.06654207137400414
2022-10-30,TIMING,SHIFT_PLUS_3,0.06654206137400415,0.06654207137400414
2022-10-30,TIMING,SHIFT_PLUS_4,0.06654206137400415,0.06654207137400414
2022-10-30,DURATION_MASS_MATCHED,UNLABELED_B2_B4,0.05522167487684729,0.05522167487684729
2022-10-30,DURATION_MASS_MATCHED,UNLABELED_B4_B6,0.06654207137400414,0.06654207137400414
2022-10-30,DURATION_MASS_MATCHED,UNLABELED_B7_B9,0.06654207137400414,0.06654207137400414
2022-11-06,TIMING,ALIGN_0,0.04042922425048844,0.044067027484365
2022-11-06,TIMING,SHIFT_MINUS_1,0.060466662822257336,0.060466672822256914
2022-11-06,TIMING,SHIFT_MINUS_2,0.07395728270729272,0.07395729270729272
2022-11-06,TIMING,SHIFT_MINUS_3,0.07395728270729272,0.07395729270729272
2022-11-06,TIMING,SHIFT_MINUS_4,0.07395728270729272,0.07395729270729273
2022-11-06,TIMING,SHIFT_PLUS_1,0.04042922425048848,0.04042923425048833
2022-11-06,TIMING,SHIFT_PLUS_2,0.031749975622268285,0.04961117367470707
2022-11-06,TIMING,SHIFT_PLUS_3,0.0663056837821089,0.06630569378210889
2022-11-06,TIMING,SHIFT_PLUS_4,0.0663056837821089,0.06630569378210889
2022-11-06,DURATION_MASS_MATCHED,UNLABELED_B2_B4,0.07395729270729272,0.07395729270729272
2022-11-06,DURATION_MASS_MATCHED,UNLABELED_B4_B6,0.07395729270729272,0.07395729270729272
2022-11-06,DURATION_MASS_MATCHED,UNLABELED_B7_B9,0.06630569378210889,0.06630569378210889
2022-11-13,TIMING,ALIGN_0,0.057061756221673574,0.05706176622167275
2022-11-13,TIMING,SHIFT_MINUS_1,0.06167644287564028,0.06167645287563987
2022-11-13,TIMING,SHIFT_MINUS_2,0.1386527193844367,0.1386527293844367
2022-11-13,TIMING,SHIFT_MINUS_3,0.1386527193844367,0.1386527293844367
2022-11-13,TIMING,SHIFT_MINUS_4,0.1386527193844367,0.1386527293844367
2022-11-13,TIMING,SHIFT_PLUS_1,0.05121753398272655,0.051563100289098225
2022-11-13,TIMING,SHIFT_PLUS_2,0.1060309765573024,0.10603098655730236
2022-11-13,TIMING,SHIFT_PLUS_3,0.10603097655730237,0.10603098655730236
2022-11-13,TIMING,SHIFT_PLUS_4,0.10603097655730237,0.10603098655730236
2022-11-13,DURATION_MASS_MATCHED,UNLABELED_B2_B4,0.1386527293844367,0.1386527293844367
2022-11-13,DURATION_MASS_MATCHED,UNLABELED_B4_B6,0.1386527293844367,0.1386527293844367
2022-11-13,DURATION_MASS_MATCHED,UNLABELED_B7_B9,0.10603098655730238,0.10603098655730238
2022-11-27,TIMING,ALIGN_0,0.08840894444878096,0.08840895444878097
2022-11-27,TIMING,SHIFT_MINUS_1,0.09041101334402446,0.09041102334402407
2022-11-27,TIMING,SHIFT_MINUS_2,0.08550093702268617,0.08550094702268618
2022-11-27,TIMING,SHIFT_MINUS_3,0.08550093702268617,0.08550094702268617
2022-11-27,TIMING,SHIFT_MINUS_4,0.09131695187487578,0.09131696187487577
2022-11-27,TIMING,SHIFT_PLUS_1,0.061847800111699,0.07860529696174616
2022-11-27,TIMING,SHIFT_PLUS_2,0.07262249529023697,0.07262250529023692
2022-11-27,TIMING,SHIFT_PLUS_3,0.07262249529023693,0.07262250529023695
2022-11-27,TIMING,SHIFT_PLUS_4,0.07262249529023698,0.08840895444878097
2022-11-27,DURATION_MASS_MATCHED,UNLABELED_B2_B4,0.10809499243925474,0.10809499243925474
2022-11-27,DURATION_MASS_MATCHED,UNLABELED_B4_B6,0.09131696187487577,0.09131696187487577
2022-11-27,DURATION_MASS_MATCHED,UNLABELED_B7_B9,0.10809499243925474,0.10809499243925474
2022-12-04,TIMING,ALIGN_0,0.07694135580855345,0.10202628581267517
2022-12-04,TIMING,SHIFT_MINUS_1,0.07694135580855402,0.07999707203550961
2022-12-04,TIMING,SHIFT_MINUS_2,0.06153035153036155,0.10202628581267517
2022-12-04,TIMING,SHIFT_MINUS_3,0.06153035153036153,0.10202628581267517
2022-12-04,TIMING,SHIFT_MINUS_4,0.10349272122710623,0.10349273122710623
2022-12-04,TIMING,SHIFT_PLUS_1,0.13901601557990223,0.13901602557990222
2022-12-04,TIMING,SHIFT_PLUS_2,0.13901601557990223,0.13901602557990222
2022-12-04,TIMING,SHIFT_PLUS_3,0.13901601557990223,0.13901602557990222
2022-12-04,TIMING,SHIFT_PLUS_4,0.13901601557990223,0.13901602557990222
2022-12-04,DURATION_MASS_MATCHED,UNLABELED_B2_B4,0.13901602557990222,0.13901602557990222
2022-12-04,DURATION_MASS_MATCHED,UNLABELED_B4_B6,0.13901602557990222,0.13901602557990222
2022-12-04,DURATION_MASS_MATCHED,UNLABELED_B7_B9,0.13901602557990222,0.13901602557990222
2022-12-11,TIMING,ALIGN_0,0.039955353592533854,0.05255457173142009
2022-12-11,TIMING,SHIFT_MINUS_1,0.05610531114887747,0.06297644974469502
2022-12-11,TIMING,SHIFT_MINUS_2,0.08554592554593556,0.08554593554593555
2022-12-11,TIMING,SHIFT_MINUS_3,0.08554592554593556,0.08554593554593555
2022-12-11,TIMING,SHIFT_MINUS_4,0.08554592554593556,0.08554593554593555
2022-12-11,TIMING,SHIFT_PLUS_1,0.0812899243886739,0.08128993438867389
2022-12-11,TIMING,SHIFT_PLUS_2,0.0812899243886739,0.08128993438867389
2022-12-11,TIMING,SHIFT_PLUS_3,0.0812899243886739,0.08128993438867389
2022-12-11,TIMING,SHIFT_PLUS_4,0.0812899243886739,0.08128993438867389
2022-12-11,DURATION_MASS_MATCHED,UNLABELED_B2_B4,0.08554593554593555,0.08554593554593555
2022-12-11,DURATION_MASS_MATCHED,UNLABELED_B4_B6,0.08554593554593555,0.08554593554593555
2022-12-11,DURATION_MASS_MATCHED,UNLABELED_B7_B9,0.08128993438867389,0.08128993438867389
2022-12-18,TIMING,ALIGN_0,0.07968127635112704,0.07968128635112708
2022-12-18,TIMING,SHIFT_MINUS_1,0.07014065237973019,0.07014066237973002
2022-12-18,TIMING,SHIFT_MINUS_2,0.09614747677248679,0.09614748677248679
2022-12-18,TIMING,SHIFT_MINUS_3,0.09907209959191153,0.09907210959191153
2022-12-18,TIMING,SHIFT_MINUS_4,0.09907209959191153,0.09907210959191153
2022-12-18,TIMING,SHIFT_PLUS_1,0.0796812763511271,0.07968128635112708
2022-12-18,TIMING,SHIFT_PLUS_2,0.0796812763511271,0.07968128635112708
2022-12-18,TIMING,SHIFT_PLUS_3,0.04800759149320852,0.07715284615889738
2022-12-18,TIMING,SHIFT_PLUS_4,0.07040493881753664,0.07040494881753663
2022-12-18,DURATION_MASS_MATCHED,UNLABELED_B2_B4,0.09907210959191153,0.09907210959191153
2022-12-18,DURATION_MASS_MATCHED,UNLABELED_B4_B6,0.09907210959191153,0.09907210959191153
2022-12-18,DURATION_MASS_MATCHED,UNLABELED_B7_B9,0.07040494881753663,0.07040494881753663
2023-01-08,TIMING,ALIGN_0,0.06959255197179487,0.06959256197179489
2023-01-08,TIMING,SHIFT_MINUS_1,0.07201720539106195,0.07641637129026843
2023-01-08,TIMING,SHIFT_MINUS_2,0.09794433761967232,0.10011317840053707
2023-01-08,TIMING,SHIFT_MINUS_3,0.09794433761967232,0.09794434761967231
2023-01-08,TIMING,SHIFT_MINUS_4,0.09794433761967232,0.09794434761967231
2023-01-08,TIMING,SHIFT_PLUS_1,0.1441739072508403,0.14417391725084033
2023-01-08,TIMING,SHIFT_PLUS_2,0.1441739072508403,0.14417391725084033
2023-01-08,TIMING,SHIFT_PLUS_3,0.1441739072508403,0.1441739172508403
2023-01-08,TIMING,SHIFT_PLUS_4,0.1441739072508403,0.1441739172508403
2023-01-08,DURATION_MASS_MATCHED,UNLABELED_B2_B4,0.1441739172508403,0.1441739172508403
2023-01-08,DURATION_MASS_MATCHED,UNLABELED_B4_B6,0.1441739172508403,0.1441739172508403
2023-01-08,DURATION_MASS_MATCHED,UNLABELED_B7_B9,0.1441739172508403,0.1441739172508403
2023-01-22,TIMING,ALIGN_0,0.028519023418387447,0.06412770534939488
2023-01-22,TIMING,SHIFT_MINUS_1,0.07442594183886644,0.07442595183886594
2023-01-22,TIMING,SHIFT_MINUS_2,0.058404803160969625,0.06412770534939488
2023-01-22,TIMING,SHIFT_MINUS_3,0.058404803160969666,0.06412770534939488
2023-01-22,TIMING,SHIFT_MINUS_4,0.054195133161825955,0.07552758326254619
2023-01-22,TIMING,SHIFT_PLUS_1,0.08384360210448166,0.08384361210448166
2023-01-22,TIMING,SHIFT_PLUS_2,0.08384360210448166,0.08384361210448166
2023-01-22,TIMING,SHIFT_PLUS_3,0.08384360210448166,0.08384361210448167
2023-01-22,TIMING,SHIFT_PLUS_4,0.08384360210448166,0.08384361210448167
2023-01-22,DURATION_MASS_MATCHED,UNLABELED_B2_B4,0.11232845341971369,0.11232845341971369
2023-01-22,DURATION_MASS_MATCHED,UNLABELED_B4_B6,0.08384361210448166,0.08384361210448166
2023-01-22,DURATION_MASS_MATCHED,UNLABELED_B7_B9,0.11232845341971369,0.11232845341971369
2023-01-29,TIMING,ALIGN_0,0.04552872938592618,0.045528739385926026
2023-01-29,TIMING,SHIFT_MINUS_1,0.06714377811153004,0.06714378811153003
2023-01-29,TIMING,SHIFT_MINUS_2,0.10525415917821986,0.10525416917821985
2023-01-29,TIMING,SHIFT_MINUS_3,0.10525415917821986,0.10525416917821985
2023-01-29,TIMING,SHIFT_MINUS_4,0.10525415917821986,0.10525416917821985
2023-01-29,TIMING,SHIFT_PLUS_1,0.045528729385926024,0.045795255092694984
2023-01-29,TIMING,SHIFT_PLUS_2,0.0640008860573477,0.06400089605734771
2023-01-29,TIMING,SHIFT_PLUS_3,0.0640008860573477,0.06400089605734771
2023-01-29,TIMING,SHIFT_PLUS_4,0.0640008860573477,0.0640008960573477
2023-01-29,DURATION_MASS_MATCHED,UNLABELED_B2_B4,0.10525416917821985,0.10525416917821985
2023-01-29,DURATION_MASS_MATCHED,UNLABELED_B4_B6,0.10525416917821985,0.10525416917821985
2023-01-29,DURATION_MASS_MATCHED,UNLABELED_B7_B9,0.06714378811153003,0.06714378811153003
2023-02-05,TIMING,ALIGN_0,0.04149633106662392,0.041496341066623726
2023-02-05,TIMING,SHIFT_MINUS_1,0.06537446082423172,0.06537447082423159
2023-02-05,TIMING,SHIFT_MINUS_2,0.07296538186491339,0.07296539186491338
2023-02-05,TIMING,SHIFT_MINUS_3,0.07296538186491339,0.07296539186491338
2023-02-05,TIMING,SHIFT_MINUS_4,0.07296538186491339,0.07296539186491338
2023-02-05,TIMING,SHIFT_PLUS_1,0.04652487827246108,0.04652488827246108
2023-02-05,TIMING,SHIFT_PLUS_2,0.04652487827246108,0.04652488827246108
2023-02-05,TIMING,SHIFT_PLUS_3,0.04652487827246108,0.04652488827246108
2023-02-05,TIMING,SHIFT_PLUS_4,0.04652487827246108,0.04652488827246108
2023-02-05,DURATION_MASS_MATCHED,UNLABELED_B2_B4,0.07296539186491338,0.07296539186491338
2023-02-05,DURATION_MASS_MATCHED,UNLABELED_B4_B6,0.07296539186491338,0.07296539186491338
2023-02-05,DURATION_MASS_MATCHED,UNLABELED_B7_B9,0.05778354978354978,0.05778354978354978
2023-02-12,TIMING,ALIGN_0,0.054351825181001276,0.05435183518100093
2023-02-12,TIMING,SHIFT_MINUS_1,0.09814617880114128,0.0981461888011409
2023-02-12,TIMING,SHIFT_MINUS_2,0.09814617880114089,0.0981461888011409
2023-02-12,TIMING,SHIFT_MINUS_3,0.09956020377746619,0.0995602137774662
2023-02-12,TIMING,SHIFT_MINUS_4,0.09956020377746619,0.09956021377746618
2023-02-12,TIMING,SHIFT_PLUS_1,0.0543518251810009,0.05435183518100093
2023-02-12,TIMING,SHIFT_PLUS_2,0.10192750932665473,0.10192751932665473
2023-02-12,TIMING,SHIFT_PLUS_3,0.10192750932665473,0.10192751932665473
2023-02-12,TIMING,SHIFT_PLUS_4,0.10192750932665473,0.10192751932665473
2023-02-12,DURATION_MASS_MATCHED,UNLABELED_B2_B4,0.09956021377746618,0.09956021377746618
2023-02-12,DURATION_MASS_MATCHED,UNLABELED_B4_B6,0.10192751932665473,0.10192751932665473
2023-02-12,DURATION_MASS_MATCHED,UNLABELED_B7_B9,0.10192751932665473,0.10192751932665473
2023-02-26,TIMING,ALIGN_0,0.056572952430308805,0.1019962004030292
2023-02-26,TIMING,SHIFT_MINUS_1,0.15786547667424505,0.15786548667424427
2023-02-26,TIMING,SHIFT_MINUS_2,0.131868483835416,0.131868493835416
2023-02-26,TIMING,SHIFT_MINUS_3,0.13186848383541602,0.131868493835416
2023-02-26,TIMING,SHIFT_MINUS_4,0.12569323918722508,0.12569324918722508
2023-02-26,TIMING,SHIFT_PLUS_1,0.08492747124712131,0.1019962004030292
2023-02-26,TIMING,SHIFT_PLUS_2,0.08492747124712127,0.131868493835416
2023-02-26,TIMING,SHIFT_PLUS_3,0.08492747124712127,0.131868493835416
2023-02-26,TIMING,SHIFT_PLUS_4,0.08492747124712126,0.1019962004030292
2023-02-26,DURATION_MASS_MATCHED,UNLABELED_B2_B4,0.24487729983524054,0.24487729983524054
2023-02-26,DURATION_MASS_MATCHED,UNLABELED_B4_B6,0.12569324918722508,0.12569324918722508
2023-02-26,DURATION_MASS_MATCHED,UNLABELED_B7_B9,0.24487729983524054,0.24487729983524054
2023-03-05,TIMING,ALIGN_0,0.03859085902214874,0.06408223186245615
2023-03-05,TIMING,SHIFT_MINUS_1,0.08307180439711573,0.08307181439711558
2023-03-05,TIMING,SHIFT_MINUS_2,0.08307180439711559,0.08307181439711558
2023-03-05,TIMING,SHIFT_MINUS_3,0.08307180439711559,0.08307181439711558
2023-03-05,TIMING,SHIFT_MINUS_4,0.08307180439711559,0.08307181439711558
2023-03-05,TIMING,SHIFT_PLUS_1,0.05150108890109925,0.07113790119029544
2023-03-05,TIMING,SHIFT_PLUS_2,0.05150108890109891,0.07113790119029544
2023-03-05,TIMING,SHIFT_PLUS_3,0.07127827372641662,0.07127828372641651
2023-03-05,TIMING,SHIFT_PLUS_4,0.07127827372641651,0.07127828372641651
2023-03-05,DURATION_MASS_MATCHED,UNLABELED_B2_B4,0.10070179453439368,0.10070179453439368
2023-03-05,DURATION_MASS_MATCHED,UNLABELED_B4_B6,0.08307181439711558,0.08307181439711558
2023-03-05,DURATION_MASS_MATCHED,UNLABELED_B7_B9,0.10070179453439368,0.10070179453439368
2023-03-12,TIMING,ALIGN_0,0.03542942888486823,0.05090992724054918
2023-03-12,TIMING,SHIFT_MINUS_1,0.08592226344713846,0.08592227344713846
2023-03-12,TIMING,SHIFT_MINUS_2,0.08592226344713846,0.08592227344713846
2023-03-12,TIMING,SHIFT_MINUS_3,0.08592226344713846,0.08592227344713846
2023-03-12,TIMING,SHIFT_MINUS_4,0.08592226344713846,0.08592227344713846
2023-03-12,TIMING,SHIFT_PLUS_1,0.06587141432730674,0.0658714243273067
2023-03-12,TIMING,SHIFT_PLUS_2,0.08479182625760288,0.08479183625760289
2023-03-12,TIMING,SHIFT_PLUS_3,0.08479182625760288,0.08479183625760288
2023-03-12,TIMING,SHIFT_PLUS_4,0.08479182625760288,0.08479183625760288
2023-03-12,DURATION_MASS_MATCHED,UNLABELED_B2_B4,0.08592227344713846,0.08592227344713846
2023-03-12,DURATION_MASS_MATCHED,UNLABELED_B4_B6,0.08592227344713846,0.08592227344713846
2023-03-12,DURATION_MASS_MATCHED,UNLABELED_B7_B9,0.08592227344713846,0.08592227344713846
2023-03-19,TIMING,ALIGN_0,0.09125276490965392,0.09125277490965383
2023-03-19,TIMING,SHIFT_MINUS_1,0.09901205821671091,0.09901206821671023
2023-03-19,TIMING,SHIFT_MINUS_2,0.11080078966090333,0.11080079966090332
2023-03-19,TIMING,SHIFT_MINUS_3,0.11080078966090333,0.11080079966090332
2023-03-19,TIMING,SHIFT_MINUS_4,0.11080078966090333,0.11080079966090334
2023-03-19,TIMING,SHIFT_PLUS_1,0.11048497208872968,0.11048498208872969
2023-03-19,TIMING,SHIFT_PLUS_2,0.11048497208872968,0.11048498208872969
2023-03-19,TIMING,SHIFT_PLUS_3,0.11048497208872968,0.11048498208872969
2023-03-19,TIMING,SHIFT_PLUS_4,0.11048497208872968,0.11048498208872967
2023-03-19,DURATION_MASS_MATCHED,UNLABELED_B2_B4,0.11080079966090332,0.11080079966090332
2023-03-19,DURATION_MASS_MATCHED,UNLABELED_B4_B6,0.11080079966090334,0.11080079966090334
2023-03-19,DURATION_MASS_MATCHED,UNLABELED_B7_B9,0.11048498208872967,0.11048498208872967
2023-03-26,TIMING,ALIGN_0,0.03853501074813879,0.07934284709064567
2023-03-26,TIMING,SHIFT_MINUS_1,0.04137279618704799,0.05508833836243771
2023-03-26,TIMING,SHIFT_MINUS_2,0.0714666186929445,0.07934284709064567
2023-03-26,TIMING,SHIFT_MINUS_3,0.0714666186929445,0.07934284709064567
2023-03-26,TIMING,SHIFT_MINUS_4,0.0714666186929445,0.07146662869294451
2023-03-26,TIMING,SHIFT_PLUS_1,0.11837213052287579,0.11837214052287579
2023-03-26,TIMING,SHIFT_PLUS_2,0.11837213052287579,0.11837214052287579
2023-03-26,TIMING,SHIFT_PLUS_3,0.11837213052287579,0.11837214052287579
2023-03-26,TIMING,SHIFT_PLUS_4,0.11837213052287579,0.11837214052287579
2023-03-26,DURATION_MASS_MATCHED,UNLABELED_B2_B4,0.11837214052287579,0.11837214052287579
2023-03-26,DURATION_MASS_MATCHED,UNLABELED_B4_B6,0.11837214052287579,0.11837214052287579
2023-03-26,DURATION_MASS_MATCHED,UNLABELED_B7_B9,0.11837214052287579,0.11837214052287579
2023-04-02,TIMING,ALIGN_0,0.06861627086196591,0.06861628086196551
2023-04-02,TIMING,SHIFT_MINUS_1,0.0686162708619656,0.06861628086196551
2023-04-02,TIMING,SHIFT_MINUS_2,0.06062359815636396,0.06948539213953582
2023-04-02,TIMING,SHIFT_MINUS_3,0.0653450574227739,0.06534506742277389
2023-04-02,TIMING,SHIFT_MINUS_4,0.09099308678577972,0.09099309678577971
2023-04-02,TIMING,SHIFT_PLUS_1,0.09332378090443606,0.09332379090443607
2023-04-02,TIMING,SHIFT_PLUS_2,0.09950745219809401,0.099507462198094
2023-04-02,TIMING,SHIFT_PLUS_3,0.09950745219809401,0.099507462198094
2023-04-02,TIMING,SHIFT_PLUS_4,0.10426095426096428,0.10426096426096428
2023-04-02,DURATION_MASS_MATCHED,UNLABELED_B2_B4,0.09332379090443607,0.09332379090443607
2023-04-02,DURATION_MASS_MATCHED,UNLABELED_B4_B6,0.099507462198094,0.099507462198094
2023-04-02,DURATION_MASS_MATCHED,UNLABELED_B7_B9,0.10426096426096428,0.10426096426096428
2023-04-16,TIMING,ALIGN_0,0.04744694829833601,0.08431987810474671
2023-04-16,TIMING,SHIFT_MINUS_1,0.11798884392547546,0.11798885392547498
2023-04-16,TIMING,SHIFT_MINUS_2,0.11798884392547497,0.11798885392547498
2023-04-16,TIMING,SHIFT_MINUS_3,0.11798884392547497,0.11798885392547498
2023-04-16,TIMING,SHIFT_MINUS_4,0.1085208119011036,0.1085208219011036
2023-04-16,TIMING,SHIFT_PLUS_1,0.04719717190306479,0.08431987810474671
2023-04-16,TIMING,SHIFT_PLUS_2,0.048896103576346196,0.11798885392547497
2023-04-16,TIMING,SHIFT_PLUS_3,0.12116487394515302,0.12116488394515303
2023-04-16,TIMING,SHIFT_PLUS_4,0.12116487394515302,0.12116488394515301
2023-04-16,DURATION_MASS_MATCHED,UNLABELED_B2_B4,0.1358027297232159,0.1358027297232159
2023-04-16,DURATION_MASS_MATCHED,UNLABELED_B4_B6,0.12116488394515301,0.12116488394515301
2023-04-16,DURATION_MASS_MATCHED,UNLABELED_B7_B9,0.1358027297232159,0.1358027297232159
2023-04-23,TIMING,ALIGN_0,0.03882969710478313,0.0463710168231682
2023-04-23,TIMING,SHIFT_MINUS_1,0.09832752876014081,0.09832753876014037
2023-04-23,TIMING,SHIFT_MINUS_2,0.08441914227629511,0.08441915227629511
2023-04-23,TIMING,SHIFT_MINUS_3,0.08441914227629511,0.08441915227629511
2023-04-23,TIMING,SHIFT_MINUS_4,0.08441914227629511,0.08441915227629511
2023-04-23,TIMING,SHIFT_PLUS_1,0.05660627592522282,0.05660628592522282
2023-04-23,TIMING,SHIFT_PLUS_2,0.05660627592522282,0.08325702908403633
2023-04-23,TIMING,SHIFT_PLUS_3,0.05660627592522282,0.08325702908403634
2023-04-23,TIMING,SHIFT_PLUS_4,0.08338503594326571,0.08338504594326572
2023-04-23,DURATION_MASS_MATCHED,UNLABELED_B2_B4,0.11223592524398564,0.11223592524398564
2023-04-23,DURATION_MASS_MATCHED,UNLABELED_B4_B6,0.08441915227629512,0.08441915227629512
2023-04-23,DURATION_MASS_MATCHED,UNLABELED_B7_B9,0.11223592524398564,0.11223592524398564
2023-04-30,TIMING,ALIGN_0,0.04432247504053303,0.05053745541278713
2023-04-30,TIMING,SHIFT_MINUS_1,0.036581712418050034,0.09701089710603447
2023-04-30,TIMING,SHIFT_MINUS_2,0.09491322142144716,0.09491323142144709
2023-04-30,TIMING,SHIFT_MINUS_3,0.09389613208504896,0.09389614208504884
2023-04-30,TIMING,SHIFT_MINUS_4,0.06945439070301261,0.08668220105710725
2023-04-30,TIMING,SHIFT_PLUS_1,0.06439022695602643,0.06439023695602644
2023-04-30,TIMING,SHIFT_PLUS_2,0.06439022695602643,0.09389614208504886
2023-04-30,TIMING,SHIFT_PLUS_3,0.06439022695602643,0.06439023695602644
2023-04-30,TIMING,SHIFT_PLUS_4,0.06439022695602643,0.06439023695602643
2023-04-30,DURATION_MASS_MATCHED,UNLABELED_B2_B4,0.16446402349486056,0.16446402349486056
2023-04-30,DURATION_MASS_MATCHED,UNLABELED_B4_B6,0.06439023695602644,0.06439023695602644
2023-04-30,DURATION_MASS_MATCHED,UNLABELED_B7_B9,0.16446402349486056,0.16446402349486056
2023-05-07,TIMING,ALIGN_0,0.03985618353453558,0.05309032111046605
2023-05-07,TIMING,SHIFT_MINUS_1,0.0401135362823219,0.06268999121684166
2023-05-07,TIMING,SHIFT_MINUS_2,0.07066450646223053,0.07066451646223051
2023-05-07,TIMING,SHIFT_MINUS_3,0.07066450646223055,0.09254523961676396
2023-05-07,TIMING,SHIFT_MINUS_4,0.10051975486215281,0.10051976486215283
2023-05-07,TIMING,SHIFT_PLUS_1,0.08644803752736824,0.08644804752736823
2023-05-07,TIMING,SHIFT_PLUS_2,0.08644803752736824,0.08644804752736823
2023-05-07,TIMING,SHIFT_PLUS_3,0.12996121190566634,0.12996122190566634
2023-05-07,TIMING,SHIFT_PLUS_4,0.12996121190566634,0.12996122190566634
2023-05-07,DURATION_MASS_MATCHED,UNLABELED_B2_B4,0.08765620427552243,0.08765620427552243
2023-05-07,DURATION_MASS_MATCHED,UNLABELED_B4_B6,0.12996122190566634,0.12996122190566634
2023-05-07,DURATION_MASS_MATCHED,UNLABELED_B7_B9,0.12996122190566634,0.12996122190566634
2023-05-14,TIMING,ALIGN_0,0.09705742771179207,0.09705743771179205
2023-05-14,TIMING,SHIFT_MINUS_1,0.10306363211949905,0.10306364211949905
2023-05-14,TIMING,SHIFT_MINUS_2,0.10306363211949905,0.11829495124765564
2023-05-14,TIMING,SHIFT_MINUS_3,0.10306363211949905,0.11262136709981957
2023-05-14,TIMING,SHIFT_MINUS_4,0.1199439944355298,0.11994400443552987
2023-05-14,TIMING,SHIFT_PLUS_1,0.09705742771179204,0.09705743771179205
2023-05-14,TIMING,SHIFT_PLUS_2,0.09705742771179204,0.09705743771179207
2023-05-14,TIMING,SHIFT_PLUS_3,0.16647793296099384,0.16647794296099383
2023-05-14,TIMING,SHIFT_PLUS_4,0.16647793296099384,0.16647794296099383
2023-05-14,DURATION_MASS_MATCHED,UNLABELED_B2_B4,0.10306364211949905,0.10306364211949905
2023-05-14,DURATION_MASS_MATCHED,UNLABELED_B4_B6,0.16647794296099383,0.16647794296099383
2023-05-14,DURATION_MASS_MATCHED,UNLABELED_B7_B9,0.16647794296099383,0.16647794296099383
2023-05-21,TIMING,ALIGN_0,0.10832814525696481,0.10832815525696471
2023-05-21,TIMING,SHIFT_MINUS_1,0.1319196057195799,0.13191961571957933
2023-05-21,TIMING,SHIFT_MINUS_2,0.13191960571957934,0.13191961571957933
2023-05-21,TIMING,SHIFT_MINUS_3,0.12422851881483248,0.12422852881483248
2023-05-21,TIMING,SHIFT_MINUS_4,0.12422851881483248,0.12422852881483248
2023-05-21,TIMING,SHIFT_PLUS_1,0.10832814525696445,0.10832815525696472
2023-05-21,TIMING,SHIFT_PLUS_2,0.058033516942532594,0.11303660590460599
2023-05-21,TIMING,SHIFT_PLUS_3,0.0802151914652015,0.13191961571957933
2023-05-21,TIMING,SHIFT_PLUS_4,0.0802151914652015,0.08021520146520149
2023-05-21,DURATION_MASS_MATCHED,UNLABELED_B2_B4,0.17141144974006167,0.17141144974006167
2023-05-21,DURATION_MASS_MATCHED,UNLABELED_B4_B6,0.12422852881483247,0.12422852881483247
2023-05-21,DURATION_MASS_MATCHED,UNLABELED_B7_B9,0.17141144974006167,0.17141144974006167
2023-05-28,TIMING,ALIGN_0,0.059672041770062134,0.059672051770061144
2023-05-28,TIMING,SHIFT_MINUS_1,0.09283267857957082,0.10369572716665951
2023-05-28,TIMING,SHIFT_MINUS_2,0.10234109306437793,0.1023411030643779
2023-05-28,TIMING,SHIFT_MINUS_3,0.06623199953635739,0.06623200953635736
2023-05-28,TIMING,SHIFT_MINUS_4,0.07265439483871335,0.08550425378511955
2023-05-28,TIMING,SHIFT_PLUS_1,0.09828484433324143,0.09828485433324137
2023-05-28,TIMING,SHIFT_PLUS_2,0.0982848443332414,0.09828485433324138
2023-05-28,TIMING,SHIFT_PLUS_3,0.09828484433324139,0.09828485433324137
2023-05-28,TIMING,SHIFT_PLUS_4,0.09828484433324142,0.09828485433324137
2023-05-28,DURATION_MASS_MATCHED,UNLABELED_B2_B4,0.13845019659239843,0.13845019659239843
2023-05-28,DURATION_MASS_MATCHED,UNLABELED_B4_B6,0.09828485433324137,0.09828485433324137
2023-05-28,DURATION_MASS_MATCHED,UNLABELED_B7_B9,0.13845019659239843,0.13845019659239843
2023-06-04,TIMING,ALIGN_0,0.03531167347582186,0.06213036006814612
2023-06-04,TIMING,SHIFT_MINUS_1,0.043023419316528595,0.07522964006711144
2023-06-04,TIMING,SHIFT_MINUS_2,0.07143722040701565,0.10337378676860398
2023-06-04,TIMING,SHIFT_MINUS_3,0.11365776438824336,0.11365777438824336
2023-06-04,TIMING,SHIFT_MINUS_4,0.11365776438824336,0.11365777438824336
2023-06-04,TIMING,SHIFT_PLUS_1,0.100062646641604,0.11365777438824336
2023-06-04,TIMING,SHIFT_PLUS_2,0.10006264664160401,0.10006265664160399
2023-06-04,TIMING,SHIFT_PLUS_3,0.100062646641604,0.11365777438824336
2023-06-04,TIMING,SHIFT_PLUS_4,0.11452033939592147,0.11452034939592148
2023-06-04,DURATION_MASS_MATCHED,UNLABELED_B2_B4,0.11279519938056524,0.11279519938056524
2023-06-04,DURATION_MASS_MATCHED,UNLABELED_B4_B6,0.11365777438824336,0.11365777438824336
2023-06-04,DURATION_MASS_MATCHED,UNLABELED_B7_B9,0.11452034939592147,0.11452034939592147
2023-06-11,TIMING,ALIGN_0,0.04986885801091335,0.06147428370218039
2023-06-11,TIMING,SHIFT_MINUS_1,0.04986885801091475,0.11607022495081623
2023-06-11,TIMING,SHIFT_MINUS_2,0.048177247525083636,0.1430128891521543
2023-06-11,TIMING,SHIFT_MINUS_3,0.1497309927342051,0.1497310027342051
2023-06-11,TIMING,SHIFT_MINUS_4,0.1497309927342051,0.1497310027342051
2023-06-11,TIMING,SHIFT_PLUS_1,0.06361780903950641,0.1497310027342051
2023-06-11,TIMING,SHIFT_PLUS_2,0.06361780903950597,0.11032172570515496
2023-06-11,TIMING,SHIFT_PLUS_3,0.06361780903950581,0.1497310027342051
2023-06-11,TIMING,SHIFT_PLUS_4,0.22469068558913305,0.22469069558913304
2023-06-11,DURATION_MASS_MATCHED,UNLABELED_B2_B4,0.11607022495081623,0.11607022495081623
2023-06-11,DURATION_MASS_MATCHED,UNLABELED_B4_B6,0.1497310027342051,0.1497310027342051
2023-06-11,DURATION_MASS_MATCHED,UNLABELED_B7_B9,0.22469069558913304,0.22469069558913304
2023-06-18,TIMING,ALIGN_0,0.09233811681581729,0.09233812681581693
2023-06-18,TIMING,SHIFT_MINUS_1,0.12946756977307441,0.1294675797730744
2023-06-18,TIMING,SHIFT_MINUS_2,0.12946756977307441,0.1294675797730744
2023-06-18,TIMING,SHIFT_MINUS_3,0.12946756977307441,0.1294675797730744
2023-06-18,TIMING,SHIFT_MINUS_4,0.12946756977307441,0.1294675797730744
2023-06-18,TIMING,SHIFT_PLUS_1,0.11266695266696268,0.11266696266696268
2023-06-18,TIMING,SHIFT_PLUS_2,0.11266695266696267,0.11266696266696266
2023-06-18,TIMING,SHIFT_PLUS_3,0.11266695266696267,0.11266696266696266
2023-06-18,TIMING,SHIFT_PLUS_4,0.11266695266696267,0.11266696266696266
2023-06-18,DURATION_MASS_MATCHED,UNLABELED_B2_B4,0.1294675797730744,0.1294675797730744
2023-06-18,DURATION_MASS_MATCHED,UNLABELED_B4_B6,0.1294675797730744,0.1294675797730744
2023-06-18,DURATION_MASS_MATCHED,UNLABELED_B7_B9,0.1294675797730744,0.1294675797730744
2023-06-25,TIMING,ALIGN_0,0.05474734152244781,0.05981625230671659
2023-06-25,TIMING,SHIFT_MINUS_1,0.05985313035315414,0.059853140353151896
2023-06-25,TIMING,SHIFT_MINUS_2,0.05985313035315188,0.05985314035315188
2023-06-25,TIMING,SHIFT_MINUS_3,0.05713580186882157,0.05981625230671659
2023-06-25,TIMING,SHIFT_MINUS_4,0.061645952732919264,0.06164596273291927
2023-06-25,TIMING,SHIFT_PLUS_1,0.1607206890540324,0.1607206990540324
2023-06-25,TIMING,SHIFT_PLUS_2,0.1607206890540324,0.1607206990540324
2023-06-25,TIMING,SHIFT_PLUS_3,0.1607206890540324,0.1607206990540324
2023-06-25,TIMING,SHIFT_PLUS_4,0.1607206890540324,0.1607206990540324
2023-06-25,DURATION_MASS_MATCHED,UNLABELED_B2_B4,0.16072069905403238,0.16072069905403238
2023-06-25,DURATION_MASS_MATCHED,UNLABELED_B4_B6,0.16072069905403238,0.16072069905403238
2023-06-25,DURATION_MASS_MATCHED,UNLABELED_B7_B9,0.16072069905403238,0.16072069905403238
2023-07-09,TIMING,ALIGN_0,0.06589975331074233,0.06589976331074157
2023-07-09,TIMING,SHIFT_MINUS_1,0.10411935364720257,0.10411936364720252
2023-07-09,TIMING,SHIFT_MINUS_2,0.10411935364720253,0.10411936364720252
2023-07-09,TIMING,SHIFT_MINUS_3,0.10411935364720253,0.10411936364720252
2023-07-09,TIMING,SHIFT_MINUS_4,0.10411935364720253,0.10411936364720252
2023-07-09,TIMING,SHIFT_PLUS_1,0.11394079996884736,0.11394080996884735
2023-07-09,TIMING,SHIFT_PLUS_2,0.11394079996884736,0.11394080996884737
2023-07-09,TIMING,SHIFT_PLUS_3,0.11394079996884736,0.11394080996884735
2023-07-09,TIMING,SHIFT_PLUS_4,0.11394079996884736,0.11394080996884735
2023-07-09,DURATION_MASS_MATCHED,UNLABELED_B2_B4,0.11394080996884735,0.11394080996884735
2023-07-09,DURATION_MASS_MATCHED,UNLABELED_B4_B6,0.11394080996884735,0.11394080996884735
2023-07-09,DURATION_MASS_MATCHED,UNLABELED_B7_B9,0.11394080996884735,0.11394080996884735
2023-07-16,TIMING,ALIGN_0,0.05619800685921546,0.07617896492269768
2023-07-16,TIMING,SHIFT_MINUS_1,0.07617895492269791,0.07617896492269768
2023-07-16,TIMING,SHIFT_MINUS_2,0.07617895492269774,0.0924972835344196
2023-07-16,TIMING,SHIFT_MINUS_3,0.078754196730799,0.07875420673079903
2023-07-16,TIMING,SHIFT_MINUS_4,0.07875419673079909,0.07875420673079903
2023-07-16,TIMING,SHIFT_PLUS_1,0.1031465478465283,0.10314655784652829
2023-07-16,TIMING,SHIFT_PLUS_2,0.1031465478465283,0.10314655784652829
2023-07-16,TIMING,SHIFT_PLUS_3,0.1031465478465283,0.10314655784652829
2023-07-16,TIMING,SHIFT_PLUS_4,0.1031465478465283,0.10314655784652829
2023-07-16,DURATION_MASS_MATCHED,UNLABELED_B2_B4,0.11229029851478828,0.11229029851478828
2023-07-16,DURATION_MASS_MATCHED,UNLABELED_B4_B6,0.10314655784652829,0.10314655784652829
2023-07-16,DURATION_MASS_MATCHED,UNLABELED_B7_B9,0.11229029851478828,0.11229029851478828
2023-07-23,TIMING,ALIGN_0,0.07448785602155433,0.07448786602155397
2023-07-23,TIMING,SHIFT_MINUS_1,0.06129446778384015,0.08605138947662455
2023-07-23,TIMING,SHIFT_MINUS_2,0.08838893664215179,0.08838894664215177
2023-07-23,TIMING,SHIFT_MINUS_3,0.0883889366421518,0.08838894664215177
2023-07-23,TIMING,SHIFT_MINUS_4,0.15158528741863075,0.15158529741863075
2023-07-23,TIMING,SHIFT_PLUS_1,0.064349451560623,0.08838894664215177
2023-07-23,TIMING,SHIFT_PLUS_2,0.06434945156062291,0.08838894664215177
2023-07-23,TIMING,SHIFT_PLUS_3,0.09583109388063948,0.09583110388063948
2023-07-23,TIMING,SHIFT_PLUS_4,0.0958310938806395,0.09583110388063948
2023-07-23,DURATION_MASS_MATCHED,UNLABELED_B2_B4,0.15158529741863075,0.15158529741863075
2023-07-23,DURATION_MASS_MATCHED,UNLABELED_B4_B6,0.15158529741863075,0.15158529741863075
2023-07-23,DURATION_MASS_MATCHED,UNLABELED_B7_B9,0.12008121419179112,0.12008121419179112
2023-07-30,TIMING,ALIGN_0,0.0516511632528354,0.0635506928874276
2023-07-30,TIMING,SHIFT_MINUS_1,0.05091768865354849,0.10255995011209579
2023-07-30,TIMING,SHIFT_MINUS_2,0.11638432958492548,0.11638433958492547
2023-07-30,TIMING,SHIFT_MINUS_3,0.11638432958492545,0.11638433958492547
2023-07-30,TIMING,SHIFT_MINUS_4,0.1459646113377557,0.1459646213377557
2023-07-30,TIMING,SHIFT_PLUS_1,0.07269258054973345,0.07555748071994048
2023-07-30,TIMING,SHIFT_PLUS_2,0.14368317756073862,0.14368318756073864
2023-07-30,TIMING,SHIFT_PLUS_3,0.14368317756073862,0.1436831875607386
2023-07-30,TIMING,SHIFT_PLUS_4,0.14368317756073862,0.1436831875607386
2023-07-30,DURATION_MASS_MATCHED,UNLABELED_B2_B4,0.1459646213377557,0.1459646213377557
2023-07-30,DURATION_MASS_MATCHED,UNLABELED_B4_B6,0.1459646213377557,0.1459646213377557
2023-07-30,DURATION_MASS_MATCHED,UNLABELED_B7_B9,0.1436831875607386,0.1436831875607386
2023-08-06,TIMING,ALIGN_0,0.060190596351809574,0.060190606351809076
2023-08-06,TIMING,SHIFT_MINUS_1,0.13543908489633177,0.13543909489633177
2023-08-06,TIMING,SHIFT_MINUS_2,0.13543908489633177,0.13543909489633177
2023-08-06,TIMING,SHIFT_MINUS_3,0.13543908489633177,0.13543909489633177
2023-08-06,TIMING,SHIFT_MINUS_4,0.13543908489633177,0.13543909489633177
2023-08-06,TIMING,SHIFT_PLUS_1,0.11227210755380768,0.11227211755380767
2023-08-06,TIMING,SHIFT_PLUS_2,0.12072415830481348,0.12072416830481347
2023-08-06,TIMING,SHIFT_PLUS_3,0.12072415830481352,0.12072416830481347
2023-08-06,TIMING,SHIFT_PLUS_4,0.12072415830481348,0.12072416830481347
2023-08-06,DURATION_MASS_MATCHED,UNLABELED_B2_B4,0.13543909489633177,0.13543909489633177
2023-08-06,DURATION_MASS_MATCHED,UNLABELED_B4_B6,0.13543909489633177,0.13543909489633177
2023-08-06,DURATION_MASS_MATCHED,UNLABELED_B7_B9,0.13543909489633177,0.13543909489633177
2023-08-13,TIMING,ALIGN_0,0.0524355821355019,0.05786321317571318
2023-08-13,TIMING,SHIFT_MINUS_1,0.086158168267292,0.08615817826729198
2023-08-13,TIMING,SHIFT_MINUS_2,0.09795876697432102,0.09795877697432101
2023-08-13,TIMING,SHIFT_MINUS_3,0.09795876697432102,0.09795877697432101
2023-08-13,TIMING,SHIFT_MINUS_4,0.10831459206460207,0.10831460206460207
2023-08-13,TIMING,SHIFT_PLUS_1,0.09180433078393269,0.09180434078393261
2023-08-13,TIMING,SHIFT_PLUS_2,0.10968831093832096,0.10968832093832095
2023-08-13,TIMING,SHIFT_PLUS_3,0.10968831093832096,0.10968832093832095
2023-08-13,TIMING,SHIFT_PLUS_4,0.10968831093832096,0.10968832093832095
2023-08-13,DURATION_MASS_MATCHED,UNLABELED_B2_B4,0.10831460206460207,0.10831460206460207
2023-08-13,DURATION_MASS_MATCHED,UNLABELED_B4_B6,0.10968832093832095,0.10968832093832095
2023-08-13,DURATION_MASS_MATCHED,UNLABELED_B7_B9,0.10968832093832095,0.10968832093832095
2023-08-20,TIMING,ALIGN_0,0.04807574805990243,0.0687973595399144
2023-08-20,TIMING,SHIFT_MINUS_1,0.06522708605416373,0.06522709605416373
2023-08-20,TIMING,SHIFT_MINUS_2,0.06522708605416373,0.07088795472109741
2023-08-20,TIMING,SHIFT_MINUS_3,0.06522708605416373,0.0687973595399144
2023-08-20,TIMING,SHIFT_MINUS_4,0.06522708605416373,0.07530348557199722
2023-08-20,TIMING,SHIFT_PLUS_1,0.09457495526462044,0.09457496526462045
2023-08-20,TIMING,SHIFT_PLUS_2,0.09457495526462044,0.09457496526462043
2023-08-20,TIMING,SHIFT_PLUS_3,0.09457495526462044,0.09457496526462043
2023-08-20,TIMING,SHIFT_PLUS_4,0.09457495526462044,0.09457496526462045
2023-08-20,DURATION_MASS_MATCHED,UNLABELED_B2_B4,0.09457496526462045,0.09457496526462045
2023-08-20,DURATION_MASS_MATCHED,UNLABELED_B4_B6,0.09457496526462045,0.09457496526462045
2023-08-20,DURATION_MASS_MATCHED,UNLABELED_B7_B9,0.09457496526462043,0.09457496526462043
2023-08-27,TIMING,ALIGN_0,0.0617755812633732,0.061775591263373224
2023-08-27,TIMING,SHIFT_MINUS_1,0.04889841300556589,0.054721499335574984
2023-08-27,TIMING,SHIFT_MINUS_2,0.07465274952118059,0.07465275952118058
2023-08-27,TIMING,SHIFT_MINUS_3,0.07465274952118059,0.07465275952118058
2023-08-27,TIMING,SHIFT_MINUS_4,0.07465274952118059,0.07465275952118058
2023-08-27,TIMING,SHIFT_PLUS_1,0.0714962021212121,0.0714962121212121
2023-08-27,TIMING,SHIFT_PLUS_2,0.0714962021212121,0.0714962121212121
2023-08-27,TIMING,SHIFT_PLUS_3,0.0714962021212121,0.0714962121212121
2023-08-27,TIMING,SHIFT_PLUS_4,0.07398945313837474,0.07398946313837473
2023-08-27,DURATION_MASS_MATCHED,UNLABELED_B2_B4,0.07465275952118058,0.07465275952118058
2023-08-27,DURATION_MASS_MATCHED,UNLABELED_B4_B6,0.07465275952118058,0.07465275952118058
2023-08-27,DURATION_MASS_MATCHED,UNLABELED_B7_B9,0.07398946313837473,0.07398946313837473
2023-09-10,TIMING,ALIGN_0,0.03965281521247079,0.06530803513616013
2023-09-10,TIMING,SHIFT_MINUS_1,0.06209218660362733,0.08576922528601973
2023-09-10,TIMING,SHIFT_MINUS_2,0.08882020601586818,0.08882021601586819
2023-09-10,TIMING,SHIFT_MINUS_3,0.08882020601586821,0.08882021601586819
2023-09-10,TIMING,SHIFT_MINUS_4,0.08083395072526507,0.08083396072526507
2023-09-10,TIMING,SHIFT_PLUS_1,0.13189286564287567,0.13189287564287566
2023-09-10,TIMING,SHIFT_PLUS_2,0.13189286564287567,0.13189287564287566
2023-09-10,TIMING,SHIFT_PLUS_3,0.13189286564287567,0.13189287564287566
2023-09-10,TIMING,SHIFT_PLUS_4,0.13189286564287567,0.13189287564287566
2023-09-10,DURATION_MASS_MATCHED,UNLABELED_B2_B4,0.13189287564287566,0.13189287564287566
2023-09-10,DURATION_MASS_MATCHED,UNLABELED_B4_B6,0.13189287564287566,0.13189287564287566
2023-09-10,DURATION_MASS_MATCHED,UNLABELED_B7_B9,0.13189287564287566,0.13189287564287566
2023-09-17,TIMING,ALIGN_0,0.05289323359758968,0.06243816267964834
2023-09-17,TIMING,SHIFT_MINUS_1,0.0625559046009121,0.09027277293956223
2023-09-17,TIMING,SHIFT_MINUS_2,0.09650380082206608,0.09650381082206608
2023-09-17,TIMING,SHIFT_MINUS_3,0.09424970651862409,0.09424971651862409
2023-09-17,TIMING,SHIFT_MINUS_4,0.09424970651862409,0.0942497165186241
2023-09-17,TIMING,SHIFT_PLUS_1,0.07821935409380358,0.08746870144529298
2023-09-17,TIMING,SHIFT_PLUS_2,0.07821935409380357,0.07821936409380356
2023-09-17,TIMING,SHIFT_PLUS_3,0.0782193540938036,0.08746870144529298
2023-09-17,TIMING,SHIFT_PLUS_4,0.07821935409380357,0.07821936409380356
2023-09-17,DURATION_MASS_MATCHED,UNLABELED_B2_B4,0.11368317165971922,0.11368317165971922
2023-09-17,DURATION_MASS_MATCHED,UNLABELED_B4_B6,0.09424971651862409,0.09424971651862409
2023-09-17,DURATION_MASS_MATCHED,UNLABELED_B7_B9,0.11368317165971922,0.11368317165971922
2023-09-24,TIMING,ALIGN_0,0.0822451538407146,0.09246202518188801
2023-09-24,TIMING,SHIFT_MINUS_1,0.09207998598891991,0.09207999598891936
2023-09-24,TIMING,SHIFT_MINUS_2,0.09207998598891937,0.11250371684706932
2023-09-24,TIMING,SHIFT_MINUS_3,0.09207998598891937,0.09246202518188801
2023-09-24,TIMING,SHIFT_MINUS_4,0.09207998598891937,0.09207999598891936
2023-09-24,TIMING,SHIFT_PLUS_1,0.13751358225292878,0.13751359225292878
2023-09-24,TIMING,SHIFT_PLUS_2,0.13751358225292878,0.13751359225292878
2023-09-24,TIMING,SHIFT_PLUS_3,0.13751358225292878,0.1375135922529288
2023-09-24,TIMING,SHIFT_PLUS_4,0.13751358225292878,0.13751359225292878
2023-09-24,DURATION_MASS_MATCHED,UNLABELED_B2_B4,0.13751359225292878,0.13751359225292878
2023-09-24,DURATION_MASS_MATCHED,UNLABELED_B4_B6,0.13751359225292878,0.13751359225292878
2023-09-24,DURATION_MASS_MATCHED,UNLABELED_B7_B9,0.13751359225292878,0.13751359225292878
2023-10-01,TIMING,ALIGN_0,0.09026337548109567,0.09042381091233798
2023-10-01,TIMING,SHIFT_MINUS_1,0.061296596477323294,0.09042381091233798
2023-10-01,TIMING,SHIFT_MINUS_2,0.14320990201522177,0.15033133826715922
2023-10-01,TIMING,SHIFT_MINUS_3,0.14320990201522177,0.14320991201522176
2023-10-01,TIMING,SHIFT_MINUS_4,0.14320990201522177,0.1432099120152218
2023-10-01,TIMING,SHIFT_PLUS_1,0.1256803302177852,0.1256803402177852
2023-10-01,TIMING,SHIFT_PLUS_2,0.1256803302177852,0.1256803402177852
2023-10-01,TIMING,SHIFT_PLUS_3,0.17498232631653327,0.17498233631653326
2023-10-01,TIMING,SHIFT_PLUS_4,0.17498232631653327,0.17498233631653326
2023-10-01,DURATION_MASS_MATCHED,UNLABELED_B2_B4,0.14320991201522176,0.14320991201522176
2023-10-01,DURATION_MASS_MATCHED,UNLABELED_B4_B6,0.17498233631653326,0.17498233631653326
2023-10-01,DURATION_MASS_MATCHED,UNLABELED_B7_B9,0.17498233631653326,0.17498233631653326
2023-10-08,TIMING,ALIGN_0,0.0401847950856076,0.04018480508560753
2023-10-08,TIMING,SHIFT_MINUS_1,0.0625606186717398,0.0625606286717398
2023-10-08,TIMING,SHIFT_MINUS_2,0.0625606186717398,0.06799505663088387
2023-10-08,TIMING,SHIFT_MINUS_3,0.0625606186717398,0.09168770657378655
2023-10-08,TIMING,SHIFT_MINUS_4,0.06566562467492262,0.06566563467492262
2023-10-08,TIMING,SHIFT_PLUS_1,0.03350771034982563,0.04281248274477377
2023-10-08,TIMING,SHIFT_PLUS_2,0.05155260902573733,0.051552619025737295
2023-10-08,TIMING,SHIFT_PLUS_3,0.12952522311267706,0.12952523311267705
2023-10-08,TIMING,SHIFT_PLUS_4,0.12952522311267706,0.12952523311267705
2023-10-08,DURATION_MASS_MATCHED,UNLABELED_B2_B4,0.06566563467492262,0.06566563467492262
2023-10-08,DURATION_MASS_MATCHED,UNLABELED_B4_B6,0.12952523311267705,0.12952523311267705
2023-10-08,DURATION_MASS_MATCHED,UNLABELED_B7_B9,0.12952523311267705,0.12952523311267705
2023-10-15,TIMING,ALIGN_0,0.06415968390619749,0.06415969390619741
2023-10-15,TIMING,SHIFT_MINUS_1,0.0691578851791372,0.06915789517913701
2023-10-15,TIMING,SHIFT_MINUS_2,0.08693925443926444,0.08693926443926443
2023-10-15,TIMING,SHIFT_MINUS_3,0.08693925443926444,0.08693926443926443
2023-10-15,TIMING,SHIFT_MINUS_4,0.08693925443926444,0.08693926443926443
2023-10-15,TIMING,SHIFT_PLUS_1,0.06415968390619739,0.06836471254969423
2023-10-15,TIMING,SHIFT_PLUS_2,0.058966859329247175,0.058966869329247176
2023-10-15,TIMING,SHIFT_PLUS_3,0.1054185742647381,0.1054185842647381
2023-10-15,TIMING,SHIFT_PLUS_4,0.1054185742647381,0.10541858426473809
2023-10-15,DURATION_MASS_MATCHED,UNLABELED_B2_B4,0.08693926443926443,0.08693926443926443
2023-10-15,DURATION_MASS_MATCHED,UNLABELED_B4_B6,0.10541858426473809,0.10541858426473809
2023-10-15,DURATION_MASS_MATCHED,UNLABELED_B7_B9,0.1054185842647381,0.1054185842647381
2023-10-22,TIMING,ALIGN_0,0.09679563029670954,0.09679564029670944
2023-10-22,TIMING,SHIFT_MINUS_1,0.09679563029670978,0.09679564029670945
2023-10-22,TIMING,SHIFT_MINUS_2,0.12000943956295772,0.12000944956295771
2023-10-22,TIMING,SHIFT_MINUS_3,0.12000943956295772,0.12000944956295771
2023-10-22,TIMING,SHIFT_MINUS_4,0.12000943956295772,0.12000944956295771
2023-10-22,TIMING,SHIFT_PLUS_1,0.09679563029670943,0.09679564029670944
2023-10-22,TIMING,SHIFT_PLUS_2,0.061540764776068915,0.08512724748717707
2023-10-22,TIMING,SHIFT_PLUS_3,0.061540764776069005,0.06154077477606889
2023-10-22,TIMING,SHIFT_PLUS_4,0.06154076477606898,0.09679564029670944
2023-10-22,DURATION_MASS_MATCHED,UNLABELED_B2_B4,0.12000944956295771,0.12000944956295771
2023-10-22,DURATION_MASS_MATCHED,UNLABELED_B4_B6,0.12000944956295773,0.12000944956295773
2023-10-22,DURATION_MASS_MATCHED,UNLABELED_B7_B9,0.09679564029670944,0.09679564029670944
2023-10-29,TIMING,ALIGN_0,0.06283751249183564,0.0628375224918348
2023-10-29,TIMING,SHIFT_MINUS_1,0.12489836101484687,0.12489837101484687
2023-10-29,TIMING,SHIFT_MINUS_2,0.12489836101484687,0.12489837101484688
2023-10-29,TIMING,SHIFT_MINUS_3,0.12489836101484687,0.12489837101484687
2023-10-29,TIMING,SHIFT_MINUS_4,0.12489836101484687,0.12489837101484687
2023-10-29,TIMING,SHIFT_PLUS_1,0.05823588109303403,0.058235891093033954
2023-10-29,TIMING,SHIFT_PLUS_2,0.09782036359356948,0.09782037359356949
2023-10-29,TIMING,SHIFT_PLUS_3,0.09782036359356948,0.09782037359356949
2023-10-29,TIMING,SHIFT_PLUS_4,0.09782036359356948,0.09782037359356947
2023-10-29,DURATION_MASS_MATCHED,UNLABELED_B2_B4,0.12489837101484687,0.12489837101484687
2023-10-29,DURATION_MASS_MATCHED,UNLABELED_B4_B6,0.12489837101484687,0.12489837101484687
2023-10-29,DURATION_MASS_MATCHED,UNLABELED_B7_B9,0.12489837101484687,0.12489837101484687
2023-11-05,TIMING,ALIGN_0,0.04055069178531027,0.040550701785310055
2023-11-05,TIMING,SHIFT_MINUS_1,0.0496111003572365,0.04961111035723619
2023-11-05,TIMING,SHIFT_MINUS_2,0.07295792884820801,0.072957938848208
2023-11-05,TIMING,SHIFT_MINUS_3,0.07295792884820801,0.072957938848208
2023-11-05,TIMING,SHIFT_MINUS_4,0.07295792884820801,0.072957938848208
2023-11-05,TIMING,SHIFT_PLUS_1,0.040550691785310025,0.040550701785310055
2023-11-05,TIMING,SHIFT_PLUS_2,0.040550691785310074,0.04961111035723619
2023-11-05,TIMING,SHIFT_PLUS_3,0.04685557873740935,0.04961111035723619
2023-11-05,TIMING,SHIFT_PLUS_4,0.04685557873740935,0.04685558873740935
2023-11-05,DURATION_MASS_MATCHED,UNLABELED_B2_B4,0.07667364574052427,0.07667364574052427
2023-11-05,DURATION_MASS_MATCHED,UNLABELED_B4_B6,0.072957938848208,0.072957938848208
2023-11-05,DURATION_MASS_MATCHED,UNLABELED_B7_B9,0.07667364574052427,0.07667364574052427
2023-11-12,TIMING,ALIGN_0,0.06650494460881932,0.06650495460881935
2023-11-12,TIMING,SHIFT_MINUS_1,0.0665049446088197,0.06650495460881935
2023-11-12,TIMING,SHIFT_MINUS_2,0.06000500556057111,0.06000501556057111
2023-11-12,TIMING,SHIFT_MINUS_3,0.07236714979167332,0.07236715979167331
2023-11-12,TIMING,SHIFT_MINUS_4,0.07300488365706757,0.07300489365706758
2023-11-12,TIMING,SHIFT_PLUS_1,0.05585524988923917,0.05874247910480483
2023-11-12,TIMING,SHIFT_PLUS_2,0.043371560957777944,0.05178402218142421
2023-11-12,TIMING,SHIFT_PLUS_3,0.043371560957777854,0.04337157095777786
2023-11-12,TIMING,SHIFT_PLUS_4,0.04834555966022483,0.06650495460881935
2023-11-12,DURATION_MASS_MATCHED,UNLABELED_B2_B4,0.07300489365706757,0.07300489365706757
2023-11-12,DURATION_MASS_MATCHED,UNLABELED_B4_B6,0.07300489365706757,0.07300489365706757
2023-11-12,DURATION_MASS_MATCHED,UNLABELED_B7_B9,0.06650495460881933,0.06650495460881933
2023-11-26,TIMING,ALIGN_0,0.12660942093880248,0.12660943093880275
2023-11-26,TIMING,SHIFT_MINUS_1,0.09848483848485093,0.15496746220265026
2023-11-26,TIMING,SHIFT_MINUS_2,0.1744652306417112,0.17446524064171123
2023-11-26,TIMING,SHIFT_MINUS_3,0.1744652306417112,0.17446524064171123
2023-11-26,TIMING,SHIFT_MINUS_4,0.19696968696969697,0.19696969696969696
2023-11-26,TIMING,SHIFT_PLUS_1,0.04949880155111352,0.1361606292864478
2023-11-26,TIMING,SHIFT_PLUS_2,0.060663495604854574,0.17446524064171123
2023-11-26,TIMING,SHIFT_PLUS_3,0.06066349560485458,0.09848484848484851
2023-11-26,TIMING,SHIFT_PLUS_4,0.1492158721460124,0.1492158821460124
2023-11-26,DURATION_MASS_MATCHED,UNLABELED_B2_B4,0.19696969696969696,0.19696969696969696
2023-11-26,DURATION_MASS_MATCHED,UNLABELED_B4_B6,0.19696969696969696,0.19696969696969696
2023-11-26,DURATION_MASS_MATCHED,UNLABELED_B7_B9,0.15196078431372548,0.15196078431372548
2023-12-03,TIMING,ALIGN_0,0.0758703603703709,0.07587037037037035
2023-12-03,TIMING,SHIFT_MINUS_1,0.07969575719576844,0.07969576719576718
2023-12-03,TIMING,SHIFT_MINUS_2,0.08793304835988758,0.11116439186002261
2023-12-03,TIMING,SHIFT_MINUS_3,0.11720913601709301,0.11720914601709305
2023-12-03,TIMING,SHIFT_MINUS_4,0.15939152439153437,0.15939153439153436
2023-12-03,TIMING,SHIFT_PLUS_1,0.09881763740635724,0.09881764740635708
2023-12-03,TIMING,SHIFT_PLUS_2,0.09881763740635709,0.09881764740635707
2023-12-03,TIMING,SHIFT_PLUS_3,0.0988176374063571,0.0988176474063571
2023-12-03,TIMING,SHIFT_PLUS_4,0.09881763740635709,0.09881764740635707
2023-12-03,DURATION_MASS_MATCHED,UNLABELED_B2_B4,0.15939153439153436,0.15939153439153436
2023-12-03,DURATION_MASS_MATCHED,UNLABELED_B4_B6,0.15939153439153436,0.15939153439153436
2023-12-03,DURATION_MASS_MATCHED,UNLABELED_B7_B9,0.09881764740635707,0.09881764740635707
2023-12-10,TIMING,ALIGN_0,0.0726554345698416,0.09154370572324255
2023-12-10,TIMING,SHIFT_MINUS_1,0.11336889519769894,0.11336890519769893
2023-12-10,TIMING,SHIFT_MINUS_2,0.11336889519769894,0.11841138896548829
2023-12-10,TIMING,SHIFT_MINUS_3,0.11336889519769894,0.11336890519769896
2023-12-10,TIMING,SHIFT_MINUS_4,0.11336889519769894,0.11336890519769893
2023-12-10,TIMING,SHIFT_PLUS_1,0.2656402016402115,0.2656402116402115
2023-12-10,TIMING,SHIFT_PLUS_2,0.2656402016402115,0.2656402116402115
2023-12-10,TIMING,SHIFT_PLUS_3,0.2656402016402115,0.2656402116402115
2023-12-10,TIMING,SHIFT_PLUS_4,0.2656402016402115,0.2656402116402115
2023-12-10,DURATION_MASS_MATCHED,UNLABELED_B2_B4,0.2656402116402115,0.2656402116402115
2023-12-10,DURATION_MASS_MATCHED,UNLABELED_B4_B6,0.2656402116402115,0.2656402116402115
2023-12-10,DURATION_MASS_MATCHED,UNLABELED_B7_B9,0.26564021164021157,0.26564021164021157
2023-12-17,TIMING,ALIGN_0,0.07742465130549195,0.0774246613054918
2023-12-17,TIMING,SHIFT_MINUS_1,0.10245001437835202,0.10245002437835203
2023-12-17,TIMING,SHIFT_MINUS_2,0.10245001437835202,0.10245002437835202
2023-12-17,TIMING,SHIFT_MINUS_3,0.113062452942224,0.11306246294222404
2023-12-17,TIMING,SHIFT_MINUS_4,0.11306245294222414,0.11306246294222405
2023-12-17,TIMING,SHIFT_PLUS_1,0.07626751919597885,0.11306246294222404
2023-12-17,TIMING,SHIFT_PLUS_2,0.06992321312158001,0.08237775141626572
2023-12-17,TIMING,SHIFT_PLUS_3,0.043853512765489364,0.08353488352577879
2023-12-17,TIMING,SHIFT_PLUS_4,0.06140512596172048,0.06356663579628219
2023-12-17,DURATION_MASS_MATCHED,UNLABELED_B2_B4,0.217154801065163,0.217154801065163
2023-12-17,DURATION_MASS_MATCHED,UNLABELED_B4_B6,0.11306246294222405,0.11306246294222405
2023-12-17,DURATION_MASS_MATCHED,UNLABELED_B7_B9,0.217154801065163,0.217154801065163
2024-02-04,TIMING,ALIGN_0,0.08241495918559139,0.08241496918559138
2024-02-04,TIMING,SHIFT_MINUS_1,0.0994976558692795,0.09949766586927918
2024-02-04,TIMING,SHIFT_MINUS_2,0.09949765586927918,0.09949766586927918
2024-02-04,TIMING,SHIFT_MINUS_3,0.0994976558692792,0.09949766586927918
2024-02-04,TIMING,SHIFT_MINUS_4,0.13476497357963876,0.13476498357963876
2024-02-04,TIMING,SHIFT_PLUS_1,0.046805880188243144,0.0858243822819629
2024-02-04,TIMING,SHIFT_PLUS_2,0.09746323365866753,0.09949766586927918
2024-02-04,TIMING,SHIFT_PLUS_3,0.09746323365866749,0.09949766586927918
2024-02-04,TIMING,SHIFT_PLUS_4,0.09746323365866749,0.09746324365866749
2024-02-04,DURATION_MASS_MATCHED,UNLABELED_B2_B4,0.13476498357963876,0.13476498357963876
2024-02-04,DURATION_MASS_MATCHED,UNLABELED_B4_B6,0.13476498357963876,0.13476498357963876
2024-02-04,DURATION_MASS_MATCHED,UNLABELED_B7_B9,0.11309037585144519,0.11309037585144519
2024-02-18,TIMING,ALIGN_0,0.07667054324480829,0.07667055324480751
2024-02-18,TIMING,SHIFT_MINUS_1,0.07667054324480813,0.07667055324480751
2024-02-18,TIMING,SHIFT_MINUS_2,0.07786961315924423,0.07786962315924416
2024-02-18,TIMING,SHIFT_MINUS_3,0.07621878089902345,0.07621879089902345
2024-02-18,TIMING,SHIFT_MINUS_4,0.14897811451035398,0.14897812451035397
2024-02-18,TIMING,SHIFT_PLUS_1,0.05660397305663729,0.07119673923504007
2024-02-18,TIMING,SHIFT_PLUS_2,0.0949430550650163,0.09494306506501629
2024-02-18,TIMING,SHIFT_PLUS_3,0.0949430550650164,0.0949430650650163
2024-02-18,TIMING,SHIFT_PLUS_4,0.09494305506501634,0.0949430650650163
2024-02-18,DURATION_MASS_MATCHED,UNLABELED_B2_B4,0.15137626433922727,0.15137626433922727
2024-02-18,DURATION_MASS_MATCHED,UNLABELED_B4_B6,0.14897812451035397,0.14897812451035397
2024-02-18,DURATION_MASS_MATCHED,UNLABELED_B7_B9,0.1513762643392273,0.1513762643392273
2024-02-25,TIMING,ALIGN_0,0.06250972248630163,0.06250973248630148
2024-02-25,TIMING,SHIFT_MINUS_1,0.05324705678729387,0.05324706678729373
2024-02-25,TIMING,SHIFT_MINUS_2,0.0850533509327579,0.0850533609327579
2024-02-25,TIMING,SHIFT_MINUS_3,0.0850533509327579,0.0850533609327579
2024-02-25,TIMING,SHIFT_MINUS_4,0.0850533509327579,0.0850533609327579
2024-02-25,TIMING,SHIFT_PLUS_1,0.06250972248630149,0.06250973248630148
2024-02-25,TIMING,SHIFT_PLUS_2,0.06250972248630147,0.06250973248630148
2024-02-25,TIMING,SHIFT_PLUS_3,0.0648071706601652,0.06480718066016519
2024-02-25,TIMING,SHIFT_PLUS_4,0.0648071706601652,0.06480718066016519
2024-02-25,DURATION_MASS_MATCHED,UNLABELED_B2_B4,0.0850533609327579,0.0850533609327579
2024-02-25,DURATION_MASS_MATCHED,UNLABELED_B4_B6,0.0850533609327579,0.0850533609327579
2024-02-25,DURATION_MASS_MATCHED,UNLABELED_B7_B9,0.06480718066016519,0.06480718066016519
2024-03-03,TIMING,ALIGN_0,0.06369981277055067,0.06369982277055067
2024-03-03,TIMING,SHIFT_MINUS_1,0.08075296921752342,0.08361000164737115
2024-03-03,TIMING,SHIFT_MINUS_2,0.08633426250092337,0.08633427250092338
2024-03-03,TIMING,SHIFT_MINUS_3,0.10872727321794537,0.10872728321794536
2024-03-03,TIMING,SHIFT_MINUS_4,0.10872727321794537,0.10872728321794536
2024-03-03,TIMING,SHIFT_PLUS_1,0.05890476588872818,0.0650489276183833
2024-03-03,TIMING,SHIFT_PLUS_2,0.05890476588872816,0.05890477588872815
2024-03-03,TIMING,SHIFT_PLUS_3,0.08142762289104752,0.08142763289104751
2024-03-03,TIMING,SHIFT_PLUS_4,0.08142762289104752,0.08142763289104751
2024-03-03,DURATION_MASS_MATCHED,UNLABELED_B2_B4,0.10872728321794536,0.10872728321794536
2024-03-03,DURATION_MASS_MATCHED,UNLABELED_B4_B6,0.10872728321794536,0.10872728321794536
2024-03-03,DURATION_MASS_MATCHED,UNLABELED_B7_B9,0.08142763289104751,0.08142763289104751
2024-03-10,TIMING,ALIGN_0,0.055820949441838796,0.055820959441838694
2024-03-10,TIMING,SHIFT_MINUS_1,0.060329712519860884,0.08104575448785115
2024-03-10,TIMING,SHIFT_MINUS_2,0.10441630314207494,0.10441631314207495
2024-03-10,TIMING,SHIFT_MINUS_3,0.10441630314207494,0.10441631314207495
2024-03-10,TIMING,SHIFT_MINUS_4,0.10441630314207494,0.10441631314207495
2024-03-10,TIMING,SHIFT_PLUS_1,0.08253026584660235,0.08253027584660234
2024-03-10,TIMING,SHIFT_PLUS_2,0.08253026584660235,0.08253027584660234
2024-03-10,TIMING,SHIFT_PLUS_3,0.08253026584660235,0.08253027584660234
2024-03-10,TIMING,SHIFT_PLUS_4,0.08253026584660235,0.08253027584660234
2024-03-10,DURATION_MASS_MATCHED,UNLABELED_B2_B4,0.11559267937944409,0.11559267937944409
2024-03-10,DURATION_MASS_MATCHED,UNLABELED_B4_B6,0.10441631314207493,0.10441631314207493
2024-03-10,DURATION_MASS_MATCHED,UNLABELED_B7_B9,0.11559267937944409,0.11559267937944409
2024-03-17,TIMING,ALIGN_0,0.059187007719377384,0.06314623031903041
2024-03-17,TIMING,SHIFT_MINUS_1,0.0782973017216777,0.07829731172167743
2024-03-17,TIMING,SHIFT_MINUS_2,0.13802977523648913,0.13802978523648912
2024-03-17,TIMING,SHIFT_MINUS_3,0.13802977523648913,0.13802978523648912
2024-03-17,TIMING,SHIFT_MINUS_4,0.13802977523648913,0.13802978523648912
2024-03-17,TIMING,SHIFT_PLUS_1,0.06371556838183681,0.06371557838183681
2024-03-17,TIMING,SHIFT_PLUS_2,0.06542037208704882,0.07028083651437018
2024-03-17,TIMING,SHIFT_PLUS_3,0.06542037208704873,0.07425330426565185
2024-03-17,TIMING,SHIFT_PLUS_4,0.09658328490348415,0.09658329490348413
2024-03-17,DURATION_MASS_MATCHED,UNLABELED_B2_B4,0.13802978523648912,0.13802978523648912
2024-03-17,DURATION_MASS_MATCHED,UNLABELED_B4_B6,0.13802978523648912,0.13802978523648912
2024-03-17,DURATION_MASS_MATCHED,UNLABELED_B7_B9,0.12956558046764233,0.12956558046764233
2024-03-24,TIMING,ALIGN_0,0.03939565832185809,0.060117464850145394
2024-03-24,TIMING,SHIFT_MINUS_1,0.07455962956037349,0.07455963956037322
2024-03-24,TIMING,SHIFT_MINUS_2,0.07455962956037325,0.07455963956037322
2024-03-24,TIMING,SHIFT_MINUS_3,0.07455962956037325,0.08274005252619243
2024-03-24,TIMING,SHIFT_MINUS_4,0.07443363605348804,0.07443364605348803
2024-03-24,TIMING,SHIFT_PLUS_1,0.057595827076969135,0.060117464850145394
2024-03-24,TIMING,SHIFT_PLUS_2,0.057595827076969135,0.07455963956037322
2024-03-24,TIMING,SHIFT_PLUS_3,0.11980530905905042,0.11980531905905041
2024-03-24,TIMING,SHIFT_PLUS_4,0.11980530905905042,0.11980531905905041
2024-03-24,DURATION_MASS_MATCHED,UNLABELED_B2_B4,0.09117295665236515,0.09117295665236515
2024-03-24,DURATION_MASS_MATCHED,UNLABELED_B4_B6,0.11980531905905041,0.11980531905905041
2024-03-24,DURATION_MASS_MATCHED,UNLABELED_B7_B9,0.11980531905905041,0.11980531905905041
2024-03-31,TIMING,ALIGN_0,0.09358325730524938,0.09358326730524943
2024-03-31,TIMING,SHIFT_MINUS_1,0.08882615397948782,0.10082519778006187
2024-03-31,TIMING,SHIFT_MINUS_2,0.10957726046824995,0.10957727046824993
2024-03-31,TIMING,SHIFT_MINUS_3,0.10957726046824995,0.10957727046824994
2024-03-31,TIMING,SHIFT_MINUS_4,0.09834036063101105,0.09834037063101105
2024-03-31,TIMING,SHIFT_PLUS_1,0.04902935520861384,0.09677539585831399
2024-03-31,TIMING,SHIFT_PLUS_2,0.044811854139595396,0.10957727046824993
2024-03-31,TIMING,SHIFT_PLUS_3,0.04481185413959552,0.08351350037122889
2024-03-31,TIMING,SHIFT_PLUS_4,0.04481185413959527,0.08818538298489478
2024-03-31,DURATION_MASS_MATCHED,UNLABELED_B2_B4,0.12081417030548881,0.12081417030548881
2024-03-31,DURATION_MASS_MATCHED,UNLABELED_B4_B6,0.09834037063101105,0.09834037063101105
2024-03-31,DURATION_MASS_MATCHED,UNLABELED_B7_B9,0.12081417030548881,0.12081417030548881
2024-04-07,TIMING,ALIGN_0,0.07296205573955267,0.07296206573955273
2024-04-07,TIMING,SHIFT_MINUS_1,0.06315405933411661,0.06494900168716211
2024-04-07,TIMING,SHIFT_MINUS_2,0.08374432681638765,0.08374433681638764
2024-04-07,TIMING,SHIFT_MINUS_3,0.08374432681638767,0.08374433681638764
2024-04-07,TIMING,SHIFT_MINUS_4,0.09314043164790434,0.09314044164790433
2024-04-07,TIMING,SHIFT_PLUS_1,0.10240284282898918,0.10240285282898917
2024-04-07,TIMING,SHIFT_PLUS_2,0.10240284282898918,0.10240285282898917
2024-04-07,TIMING,SHIFT_PLUS_3,0.10240284282898918,0.10240285282898917
2024-04-07,TIMING,SHIFT_PLUS_4,0.10240284282898918,0.10240285282898917
2024-04-07,DURATION_MASS_MATCHED,UNLABELED_B2_B4,0.10240285282898917,0.10240285282898917
2024-04-07,DURATION_MASS_MATCHED,UNLABELED_B4_B6,0.10240285282898917,0.10240285282898917
2024-04-07,DURATION_MASS_MATCHED,UNLABELED_B7_B9,0.10240285282898917,0.10240285282898917
2024-04-14,TIMING,ALIGN_0,0.047951148262851344,0.04874888749379143
2024-04-14,TIMING,SHIFT_MINUS_1,0.047951148262851316,0.07084113883407618
2024-04-14,TIMING,SHIFT_MINUS_2,0.035930117086759104,0.0912397803474007
2024-04-14,TIMING,SHIFT_MINUS_3,0.11122123345227057,0.11122124345227057
2024-04-14,TIMING,SHIFT_MINUS_4,0.11122123345227057,0.1112212434522706
2024-04-14,TIMING,SHIFT_PLUS_1,0.07372604929424145,0.07372605929424113
2024-04-14,TIMING,SHIFT_PLUS_2,0.07372604929424116,0.07372605929424113
2024-04-14,TIMING,SHIFT_PLUS_3,0.10875349140056027,0.10875350140056027
2024-04-14,TIMING,SHIFT_PLUS_4,0.10875349140056027,0.10875350140056027
2024-04-14,DURATION_MASS_MATCHED,UNLABELED_B2_B4,0.11122124345227057,0.11122124345227057
2024-04-14,DURATION_MASS_MATCHED,UNLABELED_B4_B6,0.11122124345227057,0.11122124345227057
2024-04-14,DURATION_MASS_MATCHED,UNLABELED_B7_B9,0.10875350140056027,0.10875350140056027
2024-04-21,TIMING,ALIGN_0,0.0755411777563102,0.07554118775631033
2024-04-21,TIMING,SHIFT_MINUS_1,0.07554117775631047,0.07779757163839389
2024-04-21,TIMING,SHIFT_MINUS_2,0.09547163722475267,0.0954716472247527
2024-04-21,TIMING,SHIFT_MINUS_3,0.16676282847910026,0.16676283847910026
2024-04-21,TIMING,SHIFT_MINUS_4,0.16676282847910026,0.16676283847910026
2024-04-21,TIMING,SHIFT_PLUS_1,0.1668700296825397,0.16687003968253972
2024-04-21,TIMING,SHIFT_PLUS_2,0.1668700296825397,0.1668700396825397
2024-04-21,TIMING,SHIFT_PLUS_3,0.1668700296825397,0.1668700396825397
2024-04-21,TIMING,SHIFT_PLUS_4,0.1668700296825397,0.1668700396825397
2024-04-21,DURATION_MASS_MATCHED,UNLABELED_B2_B4,0.1668700396825397,0.1668700396825397
2024-04-21,DURATION_MASS_MATCHED,UNLABELED_B4_B6,0.1668700396825397,0.1668700396825397
2024-04-21,DURATION_MASS_MATCHED,UNLABELED_B7_B9,0.1668700396825397,0.1668700396825397
2024-04-28,TIMING,ALIGN_0,0.081074485671027,0.08107449567102709
2024-04-28,TIMING,SHIFT_MINUS_1,0.12696287753981061,0.1269628875398106
2024-04-28,TIMING,SHIFT_MINUS_2,0.12696287753981061,0.1269628875398106
2024-04-28,TIMING,SHIFT_MINUS_3,0.12696287753981061,0.1269628875398106
2024-04-28,TIMING,SHIFT_MINUS_4,0.12696287753981061,0.1269628875398106
2024-04-28,TIMING,SHIFT_PLUS_1,0.08973250079512939,0.08973251079512938
2024-04-28,TIMING,SHIFT_PLUS_2,0.08973250079512939,0.08973251079512938
2024-04-28,TIMING,SHIFT_PLUS_3,0.08973250079512939,0.08973251079512938
2024-04-28,TIMING,SHIFT_PLUS_4,0.08973250079512939,0.08973251079512938
2024-04-28,DURATION_MASS_MATCHED,UNLABELED_B2_B4,0.1269628875398106,0.1269628875398106
2024-04-28,DURATION_MASS_MATCHED,UNLABELED_B4_B6,0.1269628875398106,0.1269628875398106
2024-04-28,DURATION_MASS_MATCHED,UNLABELED_B7_B9,0.1269628875398106,0.1269628875398106
2024-05-05,TIMING,ALIGN_0,0.21251619085921317,0.21251620085921322
2024-05-05,TIMING,SHIFT_MINUS_1,0.1358755139919553,0.13587552399195477
2024-05-05,TIMING,SHIFT_MINUS_2,0.1346469601565243,0.1346469701565243
2024-05-05,TIMING,SHIFT_MINUS_3,0.23996521117288216,0.23996522117288216
2024-05-05,TIMING,SHIFT_MINUS_4,0.2903854215619021,0.2903854315619021
2024-05-05,TIMING,SHIFT_PLUS_1,0.18730608566470303,0.1937695699502354
2024-05-05,TIMING,SHIFT_PLUS_2,0.07664066686725915,0.16838259626653906
2024-05-05,TIMING,SHIFT_PLUS_3,0.08485282682772971,0.08485283682772969
2024-05-05,TIMING,SHIFT_PLUS_4,0.08485282682772977,0.13587552399195477
2024-05-05,DURATION_MASS_MATCHED,UNLABELED_B2_B4,0.2903854315619021,0.2903854315619021
2024-05-05,DURATION_MASS_MATCHED,UNLABELED_B4_B6,0.2903854315619021,0.2903854315619021
2024-05-05,DURATION_MASS_MATCHED,UNLABELED_B7_B9,0.17769834839786067,0.17769834839786067
2024-05-12,TIMING,ALIGN_0,0.20349313667127514,0.20349314667127477
2024-05-12,TIMING,SHIFT_MINUS_1,0.14719322360077716,0.15513544383955735
2024-05-12,TIMING,SHIFT_MINUS_2,0.17195958010565549,0.17195959010565556
2024-05-12,TIMING,SHIFT_MINUS_3,0.22520931825344584,0.22520932825344583
2024-05-12,TIMING,SHIFT_MINUS_4,0.3064442670597925,0.3064442770597925
2024-05-12,TIMING,SHIFT_PLUS_1,0.16287566226810124,0.1971995899383583
2024-05-12,TIMING,SHIFT_PLUS_2,0.13785115176283602,0.17195959010565556
2024-05-12,TIMING,SHIFT_PLUS_3,0.1378511517628359,0.13785116176283585
2024-05-12,TIMING,SHIFT_PLUS_4,0.13785115176283597,0.14719323360077674
2024-05-12,DURATION_MASS_MATCHED,UNLABELED_B2_B4,0.3064442770597925,0.3064442770597925
2024-05-12,DURATION_MASS_MATCHED,UNLABELED_B4_B6,0.3064442770597925,0.3064442770597925
2024-05-12,DURATION_MASS_MATCHED,UNLABELED_B7_B9,0.19197827483189325,0.19197827483189325
2024-05-19,TIMING,ALIGN_0,0.03327118594660685,0.04517053492188795
2024-05-19,TIMING,SHIFT_MINUS_1,0.08746258011604283,0.08746259011604282
2024-05-19,TIMING,SHIFT_MINUS_2,0.08746258011604283,0.08746259011604282
2024-05-19,TIMING,SHIFT_MINUS_3,0.08746258011604283,0.08746259011604282
2024-05-19,TIMING,SHIFT_MINUS_4,0.08746258011604283,0.08746259011604282
2024-05-19,TIMING,SHIFT_PLUS_1,0.12375302945816767,0.12375303945816768
2024-05-19,TIMING,SHIFT_PLUS_2,0.12375302945816767,0.12375303945816768
2024-05-19,TIMING,SHIFT_PLUS_3,0.12375302945816767,0.12375303945816768
2024-05-19,TIMING,SHIFT_PLUS_4,0.12375302945816767,0.12375303945816768
2024-05-19,DURATION_MASS_MATCHED,UNLABELED_B2_B4,0.12375303945816767,0.12375303945816767
2024-05-19,DURATION_MASS_MATCHED,UNLABELED_B4_B6,0.12375303945816767,0.12375303945816767
2024-05-19,DURATION_MASS_MATCHED,UNLABELED_B7_B9,0.12375303945816767,0.12375303945816767
2024-06-02,TIMING,ALIGN_0,0.054375796390770816,0.06479001886509901
2024-06-02,TIMING,SHIFT_MINUS_1,0.0615528834406503,0.11191720760697726
2024-06-02,TIMING,SHIFT_MINUS_2,0.09926270237906146,0.11191720760697726
2024-06-02,TIMING,SHIFT_MINUS_3,0.09926270237906147,0.09926271237906145
2024-06-02,TIMING,SHIFT_MINUS_4,0.09926270237906144,0.10633166647648581
2024-06-02,TIMING,SHIFT_PLUS_1,0.05733587801770649,0.11191720760697726
2024-06-02,TIMING,SHIFT_PLUS_2,0.13580991026221087,0.13580992026221086
2024-06-02,TIMING,SHIFT_PLUS_3,0.13580991026221087,0.13580992026221086
2024-06-02,TIMING,SHIFT_PLUS_4,0.13580991026221087,0.13580992026221086
2024-06-02,DURATION_MASS_MATCHED,UNLABELED_B2_B4,0.11191720760697726,0.11191720760697726
2024-06-02,DURATION_MASS_MATCHED,UNLABELED_B4_B6,0.13580992026221086,0.13580992026221086
2024-06-02,DURATION_MASS_MATCHED,UNLABELED_B7_B9,0.13580992026221086,0.13580992026221086
2024-06-09,TIMING,ALIGN_0,0.07673801829949095,0.07673802829949083
2024-06-09,TIMING,SHIFT_MINUS_1,0.10201775520380583,0.15516704447413
2024-06-09,TIMING,SHIFT_MINUS_2,0.1020177552038052,0.11863815809245304
2024-06-09,TIMING,SHIFT_MINUS_3,0.1020177552038052,0.10201776520380519
2024-06-09,TIMING,SHIFT_MINUS_4,0.10201775520380521,0.1366596133965791
2024-06-09,TIMING,SHIFT_PLUS_1,0.10039540262294325,0.11863815809245304
2024-06-09,TIMING,SHIFT_PLUS_2,0.16379594629901625,0.16379595629901628
2024-06-09,TIMING,SHIFT_PLUS_3,0.16379594629901625,0.16379595629901628
2024-06-09,TIMING,SHIFT_PLUS_4,0.16379594629901625,0.16379595629901628
2024-06-09,DURATION_MASS_MATCHED,UNLABELED_B2_B4,0.15516704447413,0.15516704447413
2024-06-09,DURATION_MASS_MATCHED,UNLABELED_B4_B6,0.16379595629901625,0.16379595629901625
2024-06-09,DURATION_MASS_MATCHED,UNLABELED_B7_B9,0.16379595629901625,0.16379595629901625
2024-06-16,TIMING,ALIGN_0,0.06312133592050143,0.06312134592050123
2024-06-16,TIMING,SHIFT_MINUS_1,0.07949889971868995,0.08170684767906991
2024-06-16,TIMING,SHIFT_MINUS_2,0.07949889971868995,0.07949890971868995
2024-06-16,TIMING,SHIFT_MINUS_3,0.08689926752427758,0.08689927752427759
2024-06-16,TIMING,SHIFT_MINUS_4,0.08689926752427758,0.08689927752427759
2024-06-16,TIMING,SHIFT_PLUS_1,0.06312133592050127,0.07279371806893498
2024-06-16,TIMING,SHIFT_PLUS_2,0.07445427520307751,0.07445428520307747
2024-06-16,TIMING,SHIFT_PLUS_3,0.07445427520307747,0.07445428520307747
2024-06-16,TIMING,SHIFT_PLUS_4,0.08895940015506233,0.08895941015506233
2024-06-16,DURATION_MASS_MATCHED,UNLABELED_B2_B4,0.08689927752427758,0.08689927752427758
2024-06-16,DURATION_MASS_MATCHED,UNLABELED_B4_B6,0.08689927752427758,0.08689927752427758
2024-06-16,DURATION_MASS_MATCHED,UNLABELED_B7_B9,0.08895941015506233,0.08895941015506233
2024-06-23,TIMING,ALIGN_0,0.04187818426368133,0.04187819426368124
2024-06-23,TIMING,SHIFT_MINUS_1,0.040375306149310855,0.04060902510626823
2024-06-23,TIMING,SHIFT_MINUS_2,0.04402233816000767,0.0486553609662536
2024-06-23,TIMING,SHIFT_MINUS_3,0.06607104098908376,0.06607105098908375
2024-06-23,TIMING,SHIFT_MINUS_4,0.06607104098908376,0.06607105098908375
2024-06-23,TIMING,SHIFT_PLUS_1,0.10302487242902753,0.10302488242902752
2024-06-23,TIMING,SHIFT_PLUS_2,0.10302487242902753,0.10302488242902752
2024-06-23,TIMING,SHIFT_PLUS_3,0.10302487242902753,0.10302488242902752
2024-06-23,TIMING,SHIFT_PLUS_4,0.10302487242902753,0.10302488242902752
2024-06-23,DURATION_MASS_MATCHED,UNLABELED_B2_B4,0.10302488242902752,0.10302488242902752
2024-06-23,DURATION_MASS_MATCHED,UNLABELED_B4_B6,0.10302488242902752,0.10302488242902752
2024-06-23,DURATION_MASS_MATCHED,UNLABELED_B7_B9,0.10302488242902752,0.10302488242902752
2024-06-30,TIMING,ALIGN_0,0.09221097502352901,0.09221098502352908
2024-06-30,TIMING,SHIFT_MINUS_1,0.0649775156026138,0.06497752560261374
2024-06-30,TIMING,SHIFT_MINUS_2,0.11944443444444441,0.11944444444444441
2024-06-30,TIMING,SHIFT_MINUS_3,0.11944443444444441,0.11944444444444441
2024-06-30,TIMING,SHIFT_MINUS_4,0.11944443444444441,0.11944444444444442
2024-06-30,TIMING,SHIFT_PLUS_1,0.0922109750235291,0.09221098502352908
2024-06-30,TIMING,SHIFT_PLUS_2,0.0922109750235291,0.09221098502352908
2024-06-30,TIMING,SHIFT_PLUS_3,0.054738640750587805,0.08365633932777866
2024-06-30,TIMING,SHIFT_PLUS_4,0.06531948971998337,0.06531949971998335
2024-06-30,DURATION_MASS_MATCHED,UNLABELED_B2_B4,0.11944444444444441,0.11944444444444441
2024-06-30,DURATION_MASS_MATCHED,UNLABELED_B4_B6,0.11944444444444441,0.11944444444444441
2024-06-30,DURATION_MASS_MATCHED,UNLABELED_B7_B9,0.06531949971998335,0.06531949971998335
2024-07-07,TIMING,ALIGN_0,0.0554133439073524,0.055413353907352414
2024-07-07,TIMING,SHIFT_MINUS_1,0.05541334390735282,0.07455242573415455
2024-07-07,TIMING,SHIFT_MINUS_2,0.05484000210646298,0.07092559575261398
2024-07-07,TIMING,SHIFT_MINUS_3,0.054840002106463,0.05484001210646297
2024-07-07,TIMING,SHIFT_MINUS_4,0.06710861780630224,0.06757854035898575
2024-07-07,TIMING,SHIFT_PLUS_1,0.07035098507209044,0.07092559575261398
2024-07-07,TIMING,SHIFT_PLUS_2,0.1083652711407049,0.1083652811407049
2024-07-07,TIMING,SHIFT_PLUS_3,0.1083652711407049,0.10836528114070491
2024-07-07,TIMING,SHIFT_PLUS_4,0.1083652711407049,0.1083652811407049
2024-07-07,DURATION_MASS_MATCHED,UNLABELED_B2_B4,0.07455242573415455,0.07455242573415455
2024-07-07,DURATION_MASS_MATCHED,UNLABELED_B4_B6,0.1083652811407049,0.1083652811407049
2024-07-07,DURATION_MASS_MATCHED,UNLABELED_B7_B9,0.1083652811407049,0.1083652811407049
2024-07-14,TIMING,ALIGN_0,0.04808660670706472,0.059387745244726176
2024-07-14,TIMING,SHIFT_MINUS_1,0.05627198764740444,0.07742925162012829
2024-07-14,TIMING,SHIFT_MINUS_2,0.058403557815332525,0.09041289472859558
2024-07-14,TIMING,SHIFT_MINUS_3,0.07304628499589716,0.09947552969572862
2024-07-14,TIMING,SHIFT_MINUS_4,0.08161603709223757,0.08161604709223758
2024-07-14,TIMING,SHIFT_PLUS_1,0.058971257832027786,0.07742925162012829
2024-07-14,TIMING,SHIFT_PLUS_2,0.05897125783202736,0.06950449438981549
2024-07-14,TIMING,SHIFT_PLUS_3,0.12185451162516384,0.12185452162516383
2024-07-14,TIMING,SHIFT_PLUS_4,0.12185451162516384,0.12185452162516383
2024-07-14,DURATION_MASS_MATCHED,UNLABELED_B2_B4,0.08161604709223756,0.08161604709223756
2024-07-14,DURATION_MASS_MATCHED,UNLABELED_B4_B6,0.12185452162516383,0.12185452162516383
2024-07-14,DURATION_MASS_MATCHED,UNLABELED_B7_B9,0.12185452162516383,0.12185452162516383
2024-07-21,TIMING,ALIGN_0,0.07232191845873065,0.07232192845873064
2024-07-21,TIMING,SHIFT_MINUS_1,0.09051214322059756,0.0905121532205971
2024-07-21,TIMING,SHIFT_MINUS_2,0.0905121432205971,0.09051215322059708
2024-07-21,TIMING,SHIFT_MINUS_3,0.09051214322059709,0.09051215322059708
2024-07-21,TIMING,SHIFT_MINUS_4,0.10191187493410311,0.10191188493410311
2024-07-21,TIMING,SHIFT_PLUS_1,0.07232191845873065,0.07232192845873064
2024-07-21,TIMING,SHIFT_PLUS_2,0.059670861250227546,0.09051215322059708
2024-07-21,TIMING,SHIFT_PLUS_3,0.05543768740751164,0.09051215322059708
2024-07-21,TIMING,SHIFT_PLUS_4,0.05806005163149034,0.05890845142762505
2024-07-21,DURATION_MASS_MATCHED,UNLABELED_B2_B4,0.10191188493410311,0.10191188493410311
2024-07-21,DURATION_MASS_MATCHED,UNLABELED_B4_B6,0.10191188493410311,0.10191188493410311
2024-07-21,DURATION_MASS_MATCHED,UNLABELED_B7_B9,0.07911242150709105,0.07911242150709105
2024-07-28,TIMING,ALIGN_0,0.039991925889320816,0.03999193588932057
2024-07-28,TIMING,SHIFT_MINUS_1,0.08620887487765742,0.08620888487765742
2024-07-28,TIMING,SHIFT_MINUS_2,0.08620887487765742,0.08620888487765742
2024-07-28,TIMING,SHIFT_MINUS_3,0.08620887487765742,0.08620888487765742
2024-07-28,TIMING,SHIFT_MINUS_4,0.08620887487765742,0.08620888487765742
2024-07-28,TIMING,SHIFT_PLUS_1,0.049368930918236686,0.049368940918236695
2024-07-28,TIMING,SHIFT_PLUS_2,0.04936893091823671,0.06660683286130398
2024-07-28,TIMING,SHIFT_PLUS_3,0.0493689309182367,0.06222742586935907
2024-07-28,TIMING,SHIFT_PLUS_4,0.08567069192899475,0.08567070192899474
2024-07-28,DURATION_MASS_MATCHED,UNLABELED_B2_B4,0.08620888487765742,0.08620888487765742
2024-07-28,DURATION_MASS_MATCHED,UNLABELED_B4_B6,0.08620888487765742,0.08620888487765742
2024-07-28,DURATION_MASS_MATCHED,UNLABELED_B7_B9,0.08620888487765742,0.08620888487765742
2024-08-04,TIMING,ALIGN_0,0.06852911379768517,0.06852912379768475
2024-08-04,TIMING,SHIFT_MINUS_1,0.0713945132214237,0.07139452322142348
2024-08-04,TIMING,SHIFT_MINUS_2,0.14006528369808346,0.14006529369808346
2024-08-04,TIMING,SHIFT_MINUS_3,0.14006528369808346,0.14006529369808346
2024-08-04,TIMING,SHIFT_MINUS_4,0.14006528369808346,0.14006529369808346
2024-08-04,TIMING,SHIFT_PLUS_1,0.07178393522144527,0.07178394522144523
2024-08-04,TIMING,SHIFT_PLUS_2,0.09500554665969202,0.09500555665969201
2024-08-04,TIMING,SHIFT_PLUS_3,0.09500554665969202,0.09500555665969203
2024-08-04,TIMING,SHIFT_PLUS_4,0.09500554665969202,0.09500555665969203
2024-08-04,DURATION_MASS_MATCHED,UNLABELED_B2_B4,0.14006529369808346,0.14006529369808346
2024-08-04,DURATION_MASS_MATCHED,UNLABELED_B4_B6,0.14006529369808346,0.14006529369808346
2024-08-04,DURATION_MASS_MATCHED,UNLABELED_B7_B9,0.09500555665969201,0.09500555665969201
2024-08-11,TIMING,ALIGN_0,0.08718374045582322,0.08718375045582324
2024-08-11,TIMING,SHIFT_MINUS_1,0.08718374045582336,0.08718375045582324
2024-08-11,TIMING,SHIFT_MINUS_2,0.0867848375742323,0.0867848475742323
2024-08-11,TIMING,SHIFT_MINUS_3,0.0867848375742323,0.0867848475742323
2024-08-11,TIMING,SHIFT_MINUS_4,0.12041401768003754,0.12041402768003753
2024-08-11,TIMING,SHIFT_PLUS_1,0.0789428374322199,0.08242683460896102
2024-08-11,TIMING,SHIFT_PLUS_2,0.06906581446051688,0.07143879698956165
2024-08-11,TIMING,SHIFT_PLUS_3,0.06738551610482436,0.0724217280744484
2024-08-11,TIMING,SHIFT_PLUS_4,0.07797662087765479,0.08718375045582324
2024-08-11,DURATION_MASS_MATCHED,UNLABELED_B2_B4,0.12041402768003753,0.12041402768003753
2024-08-11,DURATION_MASS_MATCHED,UNLABELED_B4_B6,0.12041402768003753,0.12041402768003753
2024-08-11,DURATION_MASS_MATCHED,UNLABELED_B7_B9,0.08718375045582324,0.08718375045582324
2024-08-18,TIMING,ALIGN_0,0.053972656823672936,0.05397266682367298
2024-08-18,TIMING,SHIFT_MINUS_1,0.08447751379877255,0.08447752379877228
2024-08-18,TIMING,SHIFT_MINUS_2,0.08447751379877229,0.08447752379877228
2024-08-18,TIMING,SHIFT_MINUS_3,0.08447751379877229,0.08447752379877228
2024-08-18,TIMING,SHIFT_MINUS_4,0.0897943114844623,0.0897943214844623
2024-08-18,TIMING,SHIFT_PLUS_1,0.05131425798082835,0.05586849811919371
2024-08-18,TIMING,SHIFT_PLUS_2,0.04875737718097022,0.06347163631472402
2024-08-18,TIMING,SHIFT_PLUS_3,0.07663887888888889,0.07663888888888888
2024-08-18,TIMING,SHIFT_PLUS_4,0.07663887888888889,0.07663888888888888
2024-08-18,DURATION_MASS_MATCHED,UNLABELED_B2_B4,0.0897943214844623,0.0897943214844623
2024-08-18,DURATION_MASS_MATCHED,UNLABELED_B4_B6,0.0897943214844623,0.0897943214844623
2024-08-18,DURATION_MASS_MATCHED,UNLABELED_B7_B9,0.087147266313933,0.087147266313933
2024-08-25,TIMING,ALIGN_0,0.08178250845317678,0.08731503033087307
2024-08-25,TIMING,SHIFT_MINUS_1,0.11152848902075904,0.11804946991812476
2024-08-25,TIMING,SHIFT_MINUS_2,0.11152848902075904,0.11804946991812476
2024-08-25,TIMING,SHIFT_MINUS_3,0.11152848902075904,0.11152849902075904
2024-08-25,TIMING,SHIFT_MINUS_4,0.11152848902075904,0.11152849902075904
2024-08-25,TIMING,SHIFT_PLUS_1,0.0636778212557372,0.11804946991812476
2024-08-25,TIMING,SHIFT_PLUS_2,0.12122467218056455,0.12122468218056455
2024-08-25,TIMING,SHIFT_PLUS_3,0.12122467218056455,0.12122468218056455
2024-08-25,TIMING,SHIFT_PLUS_4,0.12122467218056455,0.12122468218056455
2024-08-25,DURATION_MASS_MATCHED,UNLABELED_B2_B4,0.11804946991812476,0.11804946991812476
2024-08-25,DURATION_MASS_MATCHED,UNLABELED_B4_B6,0.12122468218056455,0.12122468218056455
2024-08-25,DURATION_MASS_MATCHED,UNLABELED_B7_B9,0.12122468218056455,0.12122468218056455
2024-09-15,TIMING,ALIGN_0,0.054914100183661795,0.06953943492405032
2024-09-15,TIMING,SHIFT_MINUS_1,0.10635148418075877,0.10635149418075876
2024-09-15,TIMING,SHIFT_MINUS_2,0.10635148418075877,0.10635149418075876
2024-09-15,TIMING,SHIFT_MINUS_3,0.10635148418075877,0.10635149418075876
2024-09-15,TIMING,SHIFT_MINUS_4,0.10635148418075877,0.10635149418075876
2024-09-15,TIMING,SHIFT_PLUS_1,0.06953942492405032,0.09401827141360225
2024-09-15,TIMING,SHIFT_PLUS_2,0.08325636031267383,0.08325637031267383
2024-09-15,TIMING,SHIFT_PLUS_3,0.116778445749044,0.116778455749044
2024-09-15,TIMING,SHIFT_PLUS_4,0.116778445749044,0.116778455749044
2024-09-15,DURATION_MASS_MATCHED,UNLABELED_B2_B4,0.10635149418075876,0.10635149418075876
2024-09-15,DURATION_MASS_MATCHED,UNLABELED_B4_B6,0.116778455749044,0.116778455749044
2024-09-15,DURATION_MASS_MATCHED,UNLABELED_B7_B9,0.11677845574904401,0.11677845574904401
2024-09-22,TIMING,ALIGN_0,0.03450853473050293,0.06594295269465934
2024-09-22,TIMING,SHIFT_MINUS_1,0.06240363011338553,0.08691047815796596
2024-09-22,TIMING,SHIFT_MINUS_2,0.11439447875997101,0.114394488759971
2024-09-22,TIMING,SHIFT_MINUS_3,0.11439447875997101,0.114394488759971
2024-09-22,TIMING,SHIFT_MINUS_4,0.11439447875997101,0.11439448875997102
2024-09-22,TIMING,SHIFT_PLUS_1,0.09421964317919075,0.09421965317919075
2024-09-22,TIMING,SHIFT_PLUS_2,0.09421964317919075,0.09421965317919075
2024-09-22,TIMING,SHIFT_PLUS_3,0.11491665563074932,0.11491666563074932
2024-09-22,TIMING,SHIFT_PLUS_4,0.11491665563074932,0.11491666563074932
2024-09-22,DURATION_MASS_MATCHED,UNLABELED_B2_B4,0.114394488759971,0.114394488759971
2024-09-22,DURATION_MASS_MATCHED,UNLABELED_B4_B6,0.11491666563074932,0.11491666563074932
2024-09-22,DURATION_MASS_MATCHED,UNLABELED_B7_B9,0.11491666563074933,0.11491666563074933
2024-09-29,TIMING,ALIGN_0,0.10377611553696164,0.10377612553696144
2024-09-29,TIMING,SHIFT_MINUS_1,0.10377611553696187,0.10377612553696144
2024-09-29,TIMING,SHIFT_MINUS_2,0.10377611553696146,0.10790863257973698
2024-09-29,TIMING,SHIFT_MINUS_3,0.11623299007748963,0.11623300007748966
2024-09-29,TIMING,SHIFT_MINUS_4,0.16017162635584686,0.16017163635584686
2024-09-29,TIMING,SHIFT_PLUS_1,0.07384895949290907,0.10626230391879089
2024-09-29,TIMING,SHIFT_PLUS_2,0.08051461104722976,0.091827060923533
2024-09-29,TIMING,SHIFT_PLUS_3,0.08051461104722975,0.10377612553696144
2024-09-29,TIMING,SHIFT_PLUS_4,0.08051461104722976,0.10377612553696144
2024-09-29,DURATION_MASS_MATCHED,UNLABELED_B2_B4,0.16017163635584686,0.16017163635584686
2024-09-29,DURATION_MASS_MATCHED,UNLABELED_B4_B6,0.16017163635584686,0.16017163635584686
2024-09-29,DURATION_MASS_MATCHED,UNLABELED_B7_B9,0.1373788205346531,0.1373788205346531
2024-10-06,TIMING,ALIGN_0,0.10488723660275912,0.10488724660275908
2024-10-06,TIMING,SHIFT_MINUS_1,0.08976863247502107,0.09112480684321718
2024-10-06,TIMING,SHIFT_MINUS_2,0.08976863247502072,0.10236276827467672
2024-10-06,TIMING,SHIFT_MINUS_3,0.10740271852653745,0.10740272852653748
2024-10-06,TIMING,SHIFT_MINUS_4,0.1486068341713603,0.1486068441713603
2024-10-06,TIMING,SHIFT_PLUS_1,0.06776356446583899,0.10538929362574494
2024-10-06,TIMING,SHIFT_PLUS_2,0.0981018881018981,0.0981018981018981
2024-10-06,TIMING,SHIFT_PLUS_3,0.12435007567821069,0.1243500856782107
2024-10-06,TIMING,SHIFT_PLUS_4,0.12435007567821069,0.1243500856782107
2024-10-06,DURATION_MASS_MATCHED,UNLABELED_B2_B4,0.1486068441713603,0.1486068441713603
2024-10-06,DURATION_MASS_MATCHED,UNLABELED_B4_B6,0.1486068441713603,0.1486068441713603
2024-10-06,DURATION_MASS_MATCHED,UNLABELED_B7_B9,0.12435008567821068,0.12435008567821068
2024-10-13,TIMING,ALIGN_0,0.04664214377101512,0.06048586399826071
2024-10-13,TIMING,SHIFT_MINUS_1,0.12308583847081259,0.12308584847081226
2024-10-13,TIMING,SHIFT_MINUS_2,0.11691491216854538,0.11691492216854538
2024-10-13,TIMING,SHIFT_MINUS_3,0.11691491216854538,0.11691492216854538
2024-10-13,TIMING,SHIFT_MINUS_4,0.11691491216854538,0.11691492216854538
2024-10-13,TIMING,SHIFT_PLUS_1,0.06048585399826086,0.07789790357842744
2024-10-13,TIMING,SHIFT_PLUS_2,0.060485853998260744,0.11349219426239468
2024-10-13,TIMING,SHIFT_PLUS_3,0.1224725790356143,0.1224725890356143
2024-10-13,TIMING,SHIFT_PLUS_4,0.1224725790356143,0.1224725890356143
2024-10-13,DURATION_MASS_MATCHED,UNLABELED_B2_B4,0.12925677477307915,0.12925677477307915
2024-10-13,DURATION_MASS_MATCHED,UNLABELED_B4_B6,0.1224725890356143,0.1224725890356143
2024-10-13,DURATION_MASS_MATCHED,UNLABELED_B7_B9,0.12925677477307915,0.12925677477307915
2024-10-20,TIMING,ALIGN_0,0.026959647838298427,0.05331819380678952
2024-10-20,TIMING,SHIFT_MINUS_1,0.0769005491425674,0.1011987699725015
2024-10-20,TIMING,SHIFT_MINUS_2,0.10071563434792485,0.10071564434792486
2024-10-20,TIMING,SHIFT_MINUS_3,0.10071563434792485,0.10071564434792485
2024-10-20,TIMING,SHIFT_MINUS_4,0.10071563434792485,0.10071564434792486
2024-10-20,TIMING,SHIFT_PLUS_1,0.0957170934094111,0.0957171034094111
2024-10-20,TIMING,SHIFT_PLUS_2,0.0957170934094111,0.0957171034094111
2024-10-20,TIMING,SHIFT_PLUS_3,0.0957170934094111,0.0957171034094111
2024-10-20,TIMING,SHIFT_PLUS_4,0.0957170934094111,0.09571710340941111
2024-10-20,DURATION_MASS_MATCHED,UNLABELED_B2_B4,0.1209397163120567,0.1209397163120567
2024-10-20,DURATION_MASS_MATCHED,UNLABELED_B4_B6,0.10071564434792485,0.10071564434792485
2024-10-20,DURATION_MASS_MATCHED,UNLABELED_B7_B9,0.12093971631205672,0.12093971631205672
2024-10-27,TIMING,ALIGN_0,0.037178283051898714,0.0371782930518988
2024-10-27,TIMING,SHIFT_MINUS_1,0.03945949892549353,0.08279176197380286
2024-10-27,TIMING,SHIFT_MINUS_2,0.09064010462016227,0.09064011462016228
2024-10-27,TIMING,SHIFT_MINUS_3,0.09064010462016227,0.09064011462016226
2024-10-27,TIMING,SHIFT_MINUS_4,0.09187322331158947,0.09187323331158946
2024-10-27,TIMING,SHIFT_PLUS_1,0.032204557204567205,0.05118060569466994
2024-10-27,TIMING,SHIFT_PLUS_2,0.032204557204567226,0.09064011462016228
2024-10-27,TIMING,SHIFT_PLUS_3,0.0322045572045674,0.03945950892549233
2024-10-27,TIMING,SHIFT_PLUS_4,0.0657227158731018,0.0657227258731018
2024-10-27,DURATION_MASS_MATCHED,UNLABELED_B2_B4,0.09187323331158948,0.09187323331158948
2024-10-27,DURATION_MASS_MATCHED,UNLABELED_B4_B6,0.09187323331158946,0.09187323331158946
2024-10-27,DURATION_MASS_MATCHED,UNLABELED_B7_B9,0.08940699592873506,0.08940699592873506
2024-11-03,TIMING,ALIGN_0,0.07164036268140068,0.07164037268140042
2024-11-03,TIMING,SHIFT_MINUS_1,0.0716403626814007,0.08647578123908334
2024-11-03,TIMING,SHIFT_MINUS_2,0.09597828521183163,0.09597829521183164
2024-11-03,TIMING,SHIFT_MINUS_3,0.0959782852118316,0.09597829521183164
2024-11-03,TIMING,SHIFT_MINUS_4,0.13560995086274802,0.135609960862748
2024-11-03,TIMING,SHIFT_PLUS_1,0.14026552996020603,0.14026553996020602
2024-11-03,TIMING,SHIFT_PLUS_2,0.14026552996020603,0.14026553996020602
2024-11-03,TIMING,SHIFT_PLUS_3,0.14026552996020603,0.14026553996020602
2024-11-03,TIMING,SHIFT_PLUS_4,0.14026552996020603,0.14026553996020602
2024-11-03,DURATION_MASS_MATCHED,UNLABELED_B2_B4,0.14026553996020602,0.14026553996020602
2024-11-03,DURATION_MASS_MATCHED,UNLABELED_B4_B6,0.14026553996020602,0.14026553996020602
2024-11-03,DURATION_MASS_MATCHED,UNLABELED_B7_B9,0.14026553996020602,0.14026553996020602
2024-11-10,TIMING,ALIGN_0,0.047650966547495316,0.06605708952818759
2024-11-10,TIMING,SHIFT_MINUS_1,0.08880042559193183,0.08880043559193171
2024-11-10,TIMING,SHIFT_MINUS_2,0.08880042559193171,0.08880043559193171
2024-11-10,TIMING,SHIFT_MINUS_3,0.10232853147948484,0.10232854147948484
2024-11-10,TIMING,SHIFT_MINUS_4,0.10232853147948484,0.10232854147948485
2024-11-10,TIMING,SHIFT_PLUS_1,0.0794436103912057,0.07944362039120569
2024-11-10,TIMING,SHIFT_PLUS_2,0.07944361039120569,0.08880043559193171
2024-11-10,TIMING,SHIFT_PLUS_3,0.0796425948045219,0.08880043559193171
2024-11-10,TIMING,SHIFT_PLUS_4,0.0796425948045219,0.0796426048045219
2024-11-10,DURATION_MASS_MATCHED,UNLABELED_B2_B4,0.10232854147948484,0.10232854147948484
2024-11-10,DURATION_MASS_MATCHED,UNLABELED_B4_B6,0.10232854147948484,0.10232854147948484
2024-11-10,DURATION_MASS_MATCHED,UNLABELED_B7_B9,0.0796426048045219,0.0796426048045219
2024-11-17,TIMING,ALIGN_0,0.050454577882177574,0.050454587882177576
2024-11-17,TIMING,SHIFT_MINUS_1,0.05045457788217769,0.05464260258541986
2024-11-17,TIMING,SHIFT_MINUS_2,0.061787995409286894,0.061788005409286896
2024-11-17,TIMING,SHIFT_MINUS_3,0.0617879954092869,0.061788005409286896
2024-11-17,TIMING,SHIFT_MINUS_4,0.06315406808862256,0.06315407808862256
2024-11-17,TIMING,SHIFT_PLUS_1,0.08348564015231681,0.0834856501523168
2024-11-17,TIMING,SHIFT_PLUS_2,0.08348564015231681,0.0834856501523168
2024-11-17,TIMING,SHIFT_PLUS_3,0.10180390435621556,0.10180391435621555
2024-11-17,TIMING,SHIFT_PLUS_4,0.10180390435621556,0.10180391435621555
2024-11-17,DURATION_MASS_MATCHED,UNLABELED_B2_B4,0.0834856501523168,0.0834856501523168
2024-11-17,DURATION_MASS_MATCHED,UNLABELED_B4_B6,0.10180391435621555,0.10180391435621555
2024-11-17,DURATION_MASS_MATCHED,UNLABELED_B7_B9,0.10180391435621555,0.10180391435621555
2024-12-01,TIMING,ALIGN_0,0.10056963158077475,0.10056964158077472
2024-12-01,TIMING,SHIFT_MINUS_1,0.10056963158077634,0.14946837109849218
2024-12-01,TIMING,SHIFT_MINUS_2,0.1604917701722743,0.1604917801722743
2024-12-01,TIMING,SHIFT_MINUS_3,0.1604917701722743,0.1604917801722743
2024-12-01,TIMING,SHIFT_MINUS_4,0.1604917701722743,0.1604917801722743
2024-12-01,TIMING,SHIFT_PLUS_1,0.07844153610068566,0.08469812949601795
2024-12-01,TIMING,SHIFT_PLUS_2,0.0953330299758972,0.09533303997589716
2024-12-01,TIMING,SHIFT_PLUS_3,0.09533302997589725,0.09533303997589714
2024-12-01,TIMING,SHIFT_PLUS_4,0.1160424241837176,0.11604243418371761
2024-12-01,DURATION_MASS_MATCHED,UNLABELED_B2_B4,0.1611193502060375,0.1611193502060375
2024-12-01,DURATION_MASS_MATCHED,UNLABELED_B4_B6,0.1604917801722743,0.1604917801722743
2024-12-01,DURATION_MASS_MATCHED,UNLABELED_B7_B9,0.1611193502060375,0.1611193502060375
2024-12-08,TIMING,ALIGN_0,0.050248867640938284,0.05169044097288543
2024-12-08,TIMING,SHIFT_MINUS_1,0.05024886764093852,0.09048661690341792
2024-12-08,TIMING,SHIFT_MINUS_2,0.08068638486549937,0.08796140687266146
2024-12-08,TIMING,SHIFT_MINUS_3,0.08068638486549937,0.08068639486549936
2024-12-08,TIMING,SHIFT_MINUS_4,0.08300422163285502,0.08300423163285497
2024-12-08,TIMING,SHIFT_PLUS_1,0.04758605580332845,0.07548691084908402
2024-12-08,TIMING,SHIFT_PLUS_2,0.05038257189643739,0.08300423163285497
2024-12-08,TIMING,SHIFT_PLUS_3,0.0808974258974359,0.0808974358974359
2024-12-08,TIMING,SHIFT_PLUS_4,0.13059064191039862,0.13059065191039862
2024-12-08,DURATION_MASS_MATCHED,UNLABELED_B2_B4,0.10545700388215211,0.10545700388215211
2024-12-08,DURATION_MASS_MATCHED,UNLABELED_B4_B6,0.0808974358974359,0.0808974358974359
2024-12-08,DURATION_MASS_MATCHED,UNLABELED_B7_B9,0.13059065191039865,0.13059065191039865
2024-12-15,TIMING,ALIGN_0,0.06177775019968707,0.061777760199687115
2024-12-15,TIMING,SHIFT_MINUS_1,0.0617777501996882,0.0715663764835126
2024-12-15,TIMING,SHIFT_MINUS_2,0.058605430680912375,0.058605440680912384
2024-12-15,TIMING,SHIFT_MINUS_3,0.06616669969279336,0.071381973990079
2024-12-15,TIMING,SHIFT_MINUS_4,0.09665360093932523,0.09665361093932524
2024-12-15,TIMING,SHIFT_PLUS_1,0.10897767252419416,0.10897768252419415
2024-12-15,TIMING,SHIFT_PLUS_2,0.1478768320063967,0.1478768420063967
2024-12-15,TIMING,SHIFT_PLUS_3,0.1478768320063967,0.1478768420063967
2024-12-15,TIMING,SHIFT_PLUS_4,0.1478768320063967,0.1478768420063967
2024-12-15,DURATION_MASS_MATCHED,UNLABELED_B2_B4,0.10897768252419415,0.10897768252419415
2024-12-15,DURATION_MASS_MATCHED,UNLABELED_B4_B6,0.1478768420063967,0.1478768420063967
2024-12-15,DURATION_MASS_MATCHED,UNLABELED_B7_B9,0.1478768420063967,0.1478768420063967
2024-12-29,TIMING,ALIGN_0,0.0,0.07000058356676009
2024-12-29,TIMING,SHIFT_MINUS_1,0.03841084983943218,0.13272945144149598
2024-12-29,TIMING,SHIFT_MINUS_2,0.05023047925460206,0.11007454979033035
2024-12-29,TIMING,SHIFT_MINUS_3,0.07571289536168428,0.11007454979033035
2024-12-29,TIMING,SHIFT_MINUS_4,0.07571289536168437,0.12820792186003074
2024-12-29,TIMING,SHIFT_PLUS_1,0.07000057356676007,0.09661826955096187
2024-12-29,TIMING,SHIFT_PLUS_2,0.15014850601390065,0.15014851601390064
2024-12-29,TIMING,SHIFT_PLUS_3,0.15014850601390065,0.15014851601390064
2024-12-29,TIMING,SHIFT_PLUS_4,0.15014850601390065,0.15014851601390064
2024-12-29,DURATION_MASS_MATCHED,UNLABELED_B2_B4,0.13272945144149598,0.13272945144149598
2024-12-29,DURATION_MASS_MATCHED,UNLABELED_B4_B6,0.15014851601390064,0.15014851601390064
2024-12-29,DURATION_MASS_MATCHED,UNLABELED_B7_B9,0.15014851601390064,0.15014851601390064
