window_start,bin,Delta_J00,Delta_J10,Delta_J01,Delta_J11,Delta_arrival,Delta_dispatch,simplex_error,arrival_identity_error,dispatch_identity_error
2021-08-29,B1,0.057422483276916,0.05394627794144292,0.004516272565471647,-0.1158850337838306,-0.11136876121835895,-0.06193875584238768,-3.122502256758253e-17,0.0,0.0
2021-08-29,B2,0.2777380648066689,0.05805029642559482,0.08649926714005592,-0.42228762837231976,-0.33578836123226385,-0.3642373319467249,-1.1796119636642288e-16,0.0,0.0
2021-08-29,B3,0.20202889584952752,0.08376971478246471,0.06771209220499283,-0.3535107028369851,-0.2857986106319923,-0.2697409880545204,-4.163336342344337e-17,0.0,0.0
2021-08-29,B4,0.09391530895638969,0.05373224663007888,0.06830634846294156,-0.21595390404941014,-0.14764755558646858,-0.16222165741933126,-6.938893903907228e-18,0.0,0.0
2021-08-29,B5,0.09277206797428171,0.13088920996541262,0.04215185977638085,-0.26581313771607507,-0.2236612779396942,-0.13492392775066245,1.1102230246251565e-16,0.0,0.0
2021-08-29,B6,0.15635013613176033,0.04415498886535223,0.30667649203789515,-0.5071816170350076,-0.20050512499711248,-0.4630266281696554,6.938893903907228e-17,0.0,0.0
2021-08-29,B7,0.14356448241321162,-0.011393412788761628,0.32307063653380874,-0.45524170615825876,-0.13217106962445002,-0.46663511894702037,-2.42861286636753e-17,0.0,0.0
2021-08-29,B8,0.04032792198589923,0.0009570323538513593,0.18649391466405307,-0.22777886900380373,-0.04128495433975066,-0.22682183664995237,-6.461844948013606e-17,0.0,0.0
2021-08-29,B9,0.008109040717736375,-0.07701863354037265,0.02268230963883138,0.046227283183804944,0.06890959282263633,-0.030791350356567708,4.85722573273506e-17,0.0,0.0
2021-08-29,B10,-0.022268785828107866,0.05078926373908423,0.012846288465183018,-0.041366766376159395,-0.028520477910976377,0.009422497362924838,-1.0408340855860843e-17,0.0,0.0
2020-01-12,B1,-0.00700236616385685,0.013269210846393894,0.0,-0.006266844682537064,-0.006266844682537064,0.00700236616385683,-1.9949319973733282e-17,0.0,0.0
2020-01-12,B2,-0.04005637608578784,0.024435933565345333,0.0,0.01562044252044253,0.01562044252044253,0.04005637608578786,2.2551405187698492e-17,0.0,0.0
2020-01-12,B3,-0.019029199044832183,-0.05885094919748384,0.0,0.07788014824231602,0.07788014824231602,0.019029199044832183,0.0,0.0,0.0
2020-01-12,B4,-0.009071941083034997,-0.00032536619312790224,0.0,0.009397307276162909,0.009397307276162909,0.009071941083035006,9.540979117872439e-18,0.0,0.0
2020-01-12,B5,-0.010519105787647988,0.01228138564638382,0.0,-0.0017622798587358258,-0.0017622798587358258,0.010519105787647995,6.938893903907228e-18,0.0,0.0
2020-01-12,B6,0.023571460669829427,-0.012376969847310931,0.0,-0.01119449082251849,-0.01119449082251849,-0.023571460669829424,5.204170427930421e-18,0.0,0.0
2020-01-12,B7,0.004355033152501504,0.10431842536272913,0.0,-0.10867345851523064,-0.10867345851523064,-0.004355033152501506,-1.734723475976807e-18,0.0,0.0
2020-01-12,B8,0.016108122075364665,0.017149264135681797,0.0,-0.03325738621104648,-0.03325738621104648,-0.016108122075364682,-1.734723475976807e-17,0.0,0.0
2020-01-12,B9,0.0016708052960779764,-0.017125250257490364,0.0,0.015454444961412385,0.015454444961412385,-0.001670805296077979,-2.6020852139652106e-18,0.0,0.0
2020-01-12,B10,0.02113770525195429,0.02568348184857645,0.0,-0.04682118710053073,-0.04682118710053073,-0.02113770525195428,1.0408340855860843e-17,0.0,0.0
2020-01-26,B1,-0.002637591575091576,0.012616989040769534,0.0,-0.00997939746567797,-0.00997939746567797,0.0026375915750915645,-1.1275702593849246e-17,0.0,0.0
2020-01-26,B2,-0.015666026614117885,-0.0024235789003045267,0.0,0.018089605514422406,0.018089605514422406,0.015666026614117878,-5.637851296924623e-18,0.0,0.0
2020-01-26,B3,0.03521855512734143,0.014993233580351973,0.0,-0.050211788707693404,-0.050211788707693404,-0.03521855512734143,-3.469446951953614e-18,0.0,0.0
2020-01-26,B4,-0.0024093660200760897,0.01301422785213309,0.0,-0.010604861832057,-0.010604861832057,0.0024093660200760897,0.0,0.0,0.0
2020-01-26,B5,0.03808803024932057,-0.023506955410181215,0.0,-0.014581074839139362,-0.014581074839139362,-0.03808803024932057,-3.469446951953614e-18,0.0,0.0
2020-01-26,B6,-0.010665615617279503,0.038973063953015405,0.0,-0.02830744833573591,-0.02830744833573591,0.010665615617279495,-8.673617379884035e-18,0.0,0.0
2020-01-26,B7,0.0015325307296110181,-0.00473409801876955,0.0,0.0032015672891585406,0.0032015672891585406,-0.0015325307296110095,8.673617379884035e-18,0.0,0.0
2020-01-26,B8,0.01773944746782726,-0.0120466006755558,0.0,-0.005692846792271443,-0.005692846792271443,-0.017739447467827244,1.8214596497756474e-17,0.0,0.0
2020-01-26,B9,0.008504024320350856,-2.7574168283086512e-05,0.0,-0.008476450152067772,-0.008476450152067772,-0.008504024320350858,-2.168404344971009e-18,0.0,0.0
2020-01-26,B10,-0.03197606223736929,0.04443438444304981,0.0,-0.012458322205680534,-0.012458322205680534,0.03197606223736928,-1.214306433183765e-17,0.0,0.0
2020-02-02,B1,0.02391985842212086,-0.012454997240065114,0.0,-0.011464861182055733,-0.011464861182055733,-0.023919858422120847,1.3877787807814457e-17,0.0,0.0
2020-02-02,B2,-0.013201610633757174,-0.0011319116040478243,0.0,0.014333522237804996,0.014333522237804996,0.01320161063375717,-2.8189256484623115e-18,0.0,0.0
2020-02-02,B3,-0.011839197755487347,0.013909475391375842,0.0,-0.0020702776358884805,-0.0020702776358884805,0.011839197755487363,1.474514954580286e-17,0.0,0.0
2020-02-02,B4,0.00771019800365173,-0.03553910907184045,0.0,0.027828911068188737,0.027828911068188737,-0.007710198003651712,1.734723475976807e-17,0.0,0.0
2020-02-02,B5,0.007080959502445047,0.02684104328618155,0.0,-0.033922002788626594,-0.033922002788626594,-0.007080959502445045,1.734723475976807e-18,0.0,0.0
2020-02-02,B6,0.011913153040827679,-0.010156413531955942,0.0,-0.0017567395088717254,-0.0017567395088717254,-0.011913153040827667,1.1275702593849246e-17,0.0,0.0
2020-02-02,B7,0.015024857703885836,0.003219185572126748,0.0,-0.01824404327601259,-0.01824404327601259,-0.015024857703885841,-5.204170427930421e-18,0.0,0.0
2020-02-02,B8,0.0013930771723377631,-0.02766238733653616,0.0,0.026269310164198388,0.026269310164198388,-0.001393077172337772,-8.890457814381136e-18,0.0,0.0
2020-02-02,B9,-0.0005927076163643164,0.03234171863714347,0.0,-0.03174901102077915,-0.03174901102077915,0.0005927076163643186,2.168404344971009e-18,0.0,0.0
2020-02-02,B10,-0.035001131810334624,-0.07219725894901352,0.0,0.10719839075934812,0.10719839075934812,0.035001131810334596,-2.7755575615628914e-17,0.0,0.0
2020-02-09,B1,-0.033811791656619246,0.0683183534354473,0.0,-0.034506561778828077,-0.034506561778828077,0.033811791656619225,-2.0816681711721685e-17,0.0,0.0
2020-02-09,B2,0.027363393509166098,0.04739450577892861,0.0,-0.07475789928809469,-0.07475789928809469,-0.027363393509166077,2.0816681711721685e-17,0.0,0.0
2020-02-09,B3,-0.018047752808988758,-0.033395689736568784,0.0,0.051443442545557556,0.051443442545557556,0.018047752808988772,1.3877787807814457e-17,0.0,0.0
2020-02-09,B4,-0.03489495138431309,0.030515583707073066,0.0,0.004379367677240031,0.004379367677240031,0.034894951384313096,7.806255641895632e-18,0.0,0.0
2020-02-09,B5,-0.026774059659654837,-0.024183407555339004,0.0,0.05095746721499385,0.05095746721499385,0.026774059659654844,6.938893903907228e-18,0.0,0.0
2020-02-09,B6,-0.028680339041814284,-0.013635572690149323,0.0,0.04231591173196361,0.04231591173196361,0.028680339041814287,5.204170427930421e-18,0.0,0.0
2020-02-09,B7,-0.005804341361879272,-0.029356711308927662,0.0,0.035161052670806936,0.035161052670806936,0.005804341361879274,1.734723475976807e-18,0.0,0.0
2020-02-09,B8,-0.00606774372312132,0.027085866585350594,0.0,-0.021018122862229257,-0.021018122862229257,0.0060677437231213376,1.734723475976807e-17,0.0,0.0
2020-02-09,B9,0.008822477940125,-0.01994160461764894,0.0,0.011119126677523936,0.011119126677523936,-0.008822477940125004,-3.469446951953614e-18,0.0,0.0
2020-02-09,B10,0.02625351405344112,0.035698389775210004,0.0,-0.061951903828651116,-0.061951903828651116,-0.02625351405344111,1.0408340855860843e-17,0.0,0.0
2020-02-16,B1,0.04022976537553796,-0.06251394949302683,0.0,0.022284184117488882,0.022284184117488882,-0.04022976537553795,1.734723475976807e-17,0.0,0.0
2020-02-16,B2,0.01781403180997502,-0.025593912510748214,0.0,0.0077798807007731915,0.0077798807007731915,-0.017814031809975022,-4.336808689942018e-18,0.0,0.0
2020-02-16,B3,-0.00283460413369779,0.041332108643286895,0.0,-0.03849750450958911,-0.03849750450958911,0.0028346041336977865,-3.469446951953614e-18,0.0,0.0
2020-02-16,B4,0.014988289807690642,-0.0006231162659114551,0.0,-0.014365173541779195,-0.014365173541779195,-0.014988289807690649,-7.806255641895632e-18,0.0,0.0
2020-02-16,B5,-0.003206896974602357,0.010085476374428215,0.0,-0.006878579399825875,-0.006878579399825875,0.0032068969746023405,-1.6479873021779667e-17,0.0,0.0
2020-02-16,B6,0.03023040285438917,0.0686032763796817,0.0,-0.09883367923407085,-0.09883367923407085,-0.03023040285438916,1.0408340855860843e-17,0.0,0.0
2020-02-16,B7,0.006018333163808917,0.09257969992014317,0.0,-0.0985980330839521,-0.0985980330839521,-0.0060183331638089255,-8.673617379884035e-18,0.0,0.0
2020-02-16,B8,-0.017901640641476493,0.026715393272674998,0.0,-0.008813752631198492,-0.008813752631198492,0.017901640641476507,1.214306433183765e-17,0.0,0.0
2020-02-16,B9,0.01610721837502023,-0.036879786879786866,0.0,0.02077256850476665,0.02077256850476665,-0.016107218375020216,1.3877787807814457e-17,0.0,0.0
2020-02-16,B10,0.011492596460925826,-0.03428244736305969,0.0,0.02278985090213385,0.02278985090213385,-0.011492596460925836,-1.0408340855860843e-17,0.0,0.0
2020-03-01,B1,-0.059514084546176994,-0.08481890567619203,0.0,0.14433299022236906,0.14433299022236906,0.05951408454617703,3.469446951953614e-17,0.0,0.0
2020-03-01,B2,-0.014124969970241636,-0.06141810451286453,0.0,0.07554307448310615,0.07554307448310615,0.014124969970241624,-1.214306433183765e-17,0.0,0.0
2020-03-01,B3,-0.030411992521367524,-0.012342415720173066,0.0,0.042754408241540594,0.042754408241540594,0.030411992521367528,3.469446951953614e-18,0.0,0.0
2020-03-01,B4,-0.038666267561761926,-0.07377843637882228,0.0,0.11244470394058423,0.11244470394058423,0.03866626756176195,2.0816681711721685e-17,0.0,0.0
2020-03-01,B5,-0.03280161561895308,-0.041046945174912156,0.0,0.07384856079386522,0.07384856079386522,0.03280161561895306,-2.0816681711721685e-17,0.0,0.0
2020-03-01,B6,-0.037707007097566414,-0.13014149293016833,0.0,0.1678485000277347,0.1678485000277347,0.03770700709756636,-5.551115123125783e-17,0.0,0.0
2020-03-01,B7,-0.055128603665837696,-0.02851142937364624,0.0,0.08364003303948399,0.08364003303948399,0.055128603665837744,5.204170427930421e-17,0.0,0.0
2020-03-01,B8,-0.029264249387182993,-0.0627599463968627,0.0,0.09202419578404568,0.09202419578404568,0.029264249387182972,-2.0816681711721685e-17,0.0,0.0
2020-03-01,B9,-0.02352024118621432,-0.028192227880141623,0.0,0.05171246906635597,0.05171246906635597,0.02352024118621435,3.122502256758253e-17,0.0,0.0
2020-03-01,B10,-0.04279719246359234,-0.020002108269705582,0.0,0.06279930073329791,0.06279930073329791,0.04279719246359233,-1.3877787807814457e-17,0.0,0.0
2020-03-08,B1,0.019463498160681256,0.0019732028534845433,0.0,-0.021436701014165806,-0.021436701014165806,-0.019463498160681263,-7.37257477290143e-18,0.0,0.0
2020-03-08,B2,-0.010263889728553292,-0.025568172912650265,0.0,0.035832062641203546,0.035832062641203546,0.010263889728553282,-1.0408340855860843e-17,0.0,0.0
2020-03-08,B3,-0.004154724094301131,-0.05674335734758695,0.0,0.0608980814418881,0.0608980814418881,0.004154724094301156,2.42861286636753e-17,0.0,0.0
2020-03-08,B4,0.0002000160016041889,-0.023608948382319025,0.0,0.02340893238071483,0.02340893238071483,-0.00020001600160419325,-4.336808689942018e-18,0.0,0.0
2020-03-08,B5,-0.0064700704225352105,-0.030466828750279448,0.0,0.03693689917281467,0.03693689917281467,0.00647007042253522,9.540979117872439e-18,0.0,0.0
2020-03-08,B6,-0.015560782877703188,-0.038294372553302355,0.0,0.05385515543100555,0.05385515543100555,0.015560782877703197,8.673617379884035e-18,0.0,0.0
2020-03-08,B7,0.0030508643586884556,-0.03518458084420392,0.0,0.032133716485515454,0.032133716485515454,-0.003050864358688468,-1.2576745200831851e-17,0.0,0.0
2020-03-08,B8,-0.028569336424928107,-0.031712875055769495,0.0,0.06028221148069759,0.06028221148069759,0.028569336424928093,-1.3877787807814457e-17,0.0,0.0
2020-03-08,B9,0.006333877433555691,-0.027445520118378742,0.0,0.02111164268482303,0.02111164268482303,-0.00633387743355571,-1.9081958235744878e-17,0.0,0.0
2020-03-08,B10,0.008127767011377119,0.012845026372683959,0.0,-0.020972793384061064,-0.020972793384061064,-0.008127767011377105,1.3877787807814457e-17,0.0,0.0
2020-03-15,B1,-0.012603305785123966,0.06401023219205036,0.0,-0.05140692640692638,-0.05140692640692638,0.012603305785123982,1.5612511283791264e-17,0.0,0.0
2020-03-15,B2,0.0008960567004976843,-0.000710804684314616,0.0,-0.00018525201618306564,-0.00018525201618306564,-0.0008960567004976817,2.6020852139652106e-18,0.0,0.0
2020-03-15,B3,0.021208405842957335,0.010718240784685966,0.0,-0.03192664662764331,-0.03192664662764331,-0.021208405842957342,-6.938893903907228e-18,0.0,0.0
2020-03-15,B4,-0.02668008554487999,-0.02463494824341822,0.0,0.05131503378829824,0.05131503378829824,0.026680085544880022,3.122502256758253e-17,0.0,0.0
2020-03-15,B5,-0.028088010691103473,0.0013710993092436383,0.0,0.02671691138185983,0.02671691138185983,0.02808801069110347,-3.469446951953614e-18,0.0,0.0
2020-03-15,B6,-0.00450576181508385,0.009809338047836836,0.0,-0.005303576232752993,-0.005303576232752993,0.004505761815083843,-6.938893903907228e-18,0.0,0.0
2020-03-15,B7,0.0077073722954729825,0.02927277083455573,0.0,-0.03698014313002871,-0.03698014313002871,-0.00770737229547298,2.6020852139652106e-18,0.0,0.0
2020-03-15,B8,-0.013766335818301174,0.0020224464261772717,0.0,0.011743889392123922,0.011743889392123922,0.013766335818301194,1.951563910473908e-17,0.0,0.0
2020-03-15,B9,-0.04765213071401997,0.007837547902694487,0.0,0.039814582811325494,0.039814582811325494,0.04765213071401998,1.214306433183765e-17,0.0,0.0
2020-03-15,B10,-0.014312758391869329,-0.03445925335451256,0.0,0.04877201174638187,0.04877201174638187,0.01431275839186931,-1.9081958235744878e-17,0.0,0.0
2020-03-22,B1,-0.04228520017993702,-0.016295546558704452,0.0,0.05858074673864147,0.05858074673864147,0.04228520017993702,0.0,0.0,0.0
2020-03-22,B2,-0.012749587285366272,-0.04431697801829141,0.0,0.057066565303657696,0.057066565303657696,0.012749587285366286,1.3877787807814457e-17,0.0,0.0
2020-03-22,B3,-0.01952237878270235,-0.04243971143594696,0.0,0.06196209021864931,0.06196209021864931,0.019522378782702354,3.469446951953614e-18,0.0,0.0
2020-03-22,B4,0.005183207867069836,-0.02222205112585036,0.0,0.01703884325878052,0.01703884325878052,-0.005183207867069842,-6.071532165918825e-18,0.0,0.0
2020-03-22,B5,0.009890319764269344,-0.024683124998251052,0.0,0.01479280523398172,0.01479280523398172,-0.009890319764269332,1.214306433183765e-17,0.0,0.0
2020-03-22,B6,0.0005399120571614288,0.026240482018411823,0.0,-0.026780394075573234,-0.026780394075573234,-0.000539912057161411,1.7780915628762273e-17,0.0,0.0
2020-03-22,B7,-0.042133894006140704,-0.049769723668402086,0.0,0.09190361767454279,0.09190361767454279,0.042133894006140704,0.0,0.0,0.0
2020-03-22,B8,-0.01797475616752725,0.006563884575932769,0.0,0.011410871591594478,0.011410871591594478,0.017974756167527247,-3.469446951953614e-18,0.0,0.0
2020-03-22,B9,-0.023151406594487958,-0.01757444551960157,0.0,0.04072585211408952,0.04072585211408952,0.02315140659448795,-6.938893903907228e-18,0.0,0.0
2020-03-22,B10,-0.01279985827806257,-0.032803748939077504,0.0,0.04560360721714006,0.04560360721714006,0.012799858278062556,-1.3877787807814457e-17,0.0,0.0
2020-03-29,B1,0.008102511464493263,0.0032070948966005067,0.0,-0.011309606361093787,-0.011309606361093787,-0.00810251146449328,-1.691355389077387e-17,0.0,0.0
2020-03-29,B2,-0.01196970590598545,0.0007216623352286249,0.0,0.01124804357075683,0.01124804357075683,0.011969705905985454,4.336808689942018e-18,0.0,0.0
2020-03-29,B3,0.011371194594878807,0.0012583633471791398,0.0,-0.012629557942057938,-0.012629557942057938,-0.011371194594878798,8.673617379884035e-18,0.0,0.0
2020-03-29,B4,0.011505940239263462,0.011972131870555158,0.0,-0.023478072109818615,-0.023478072109818615,-0.011505940239263457,5.204170427930421e-18,0.0,0.0
2020-03-29,B5,-0.004616694016249243,-0.002349793769363815,0.0,0.006966487785613059,0.006966487785613059,0.004616694016249244,1.734723475976807e-18,0.0,0.0
2020-03-29,B6,-0.030285112715298886,-0.017043346296915726,0.0,0.0473284590122146,0.0473284590122146,0.030285112715298875,-1.0408340855860843e-17,0.0,0.0
2020-03-29,B7,0.04851470368711748,-0.0044786391769150394,0.0,-0.04403606451020245,-0.04403606451020245,-0.04851470368711749,-8.673617379884035e-18,0.0,0.0
2020-03-29,B8,0.035547567559405975,-0.004043200376727804,0.0,-0.03150436718267818,-0.03150436718267818,-0.03554756755940598,-5.204170427930421e-18,0.0,0.0
2020-03-29,B9,0.025800759362403197,-0.013160639202332946,0.0,-0.012640120160070245,-0.012640120160070245,-0.02580075936240319,6.938893903907228e-18,0.0,0.0
2020-03-29,B10,0.0011334142125930995,-0.0002973312846235619,0.0,-0.0008360829279695373,-0.0008360829279695373,-0.001133414212593099,3.2526065174565133e-19,0.0,0.0
2020-04-05,B1,-0.017417083564943495,-0.021853099216340235,0.0,0.03927018278128371,0.03927018278128371,0.017417083564943477,-1.734723475976807e-17,0.0,0.0
2020-04-05,B2,-0.005141478472528181,-0.0190098554233801,0.0,0.02415133389590828,0.02415133389590828,0.005141478472528178,-3.469446951953614e-18,0.0,0.0
2020-04-05,B3,-0.026235113783751915,0.021814917915408526,0.0,0.004420195868343386,0.004420195868343386,0.02623511378375191,-2.6020852139652106e-18,0.0,0.0
2020-04-05,B4,-0.04835401326703472,-0.004789181362718222,0.0,0.05314319462975292,0.05314319462975292,0.0483540132670347,-2.2551405187698492e-17,0.0,0.0
2020-04-05,B5,-0.011300315599289706,0.05551453177761253,0.0,-0.044214216178322815,-0.044214216178322815,0.011300315599289713,6.938893903907228e-18,0.0,0.0
2020-04-05,B6,-0.003518067362406988,-0.010629966669783546,0.0,0.014148034032190508,0.014148034032190508,0.003518067362406962,-2.6020852139652106e-17,0.0,0.0
2020-04-05,B7,-0.06456196581196581,0.038083479393963254,0.0,0.02647848641800255,0.02647848641800255,0.0645619658119658,-6.938893903907228e-18,0.0,0.0
2020-04-05,B8,0.024038468217535428,-0.007131446464420743,0.0,-0.01690702175311469,-0.01690702175311469,-0.024038468217535434,-5.204170427930421e-18,0.0,0.0
2020-04-05,B9,-0.005209140066282924,-0.020418990418990424,0.0,0.025628130485273334,0.025628130485273334,0.005209140066282911,-1.3010426069826053e-17,0.0,0.0
2020-04-05,B10,-0.0017712107641574748,0.02793646270135298,0.0,-0.026165251937195495,-0.026165251937195495,0.001771210764157486,1.1275702593849246e-17,0.0,0.0
2020-04-19,B1,-0.00696854036548693,0.029621873037903583,0.0,-0.022653332672416638,-0.022653332672416638,0.006968540365486945,1.474514954580286e-17,0.0,0.0
2020-04-19,B2,0.018500289900906595,0.011536644227583506,0.0,-0.03003693412849011,-0.03003693412849011,-0.018500289900906602,-6.938893903907228e-18,0.0,0.0
2020-04-19,B3,0.012852833441068735,0.0009911656970480534,0.0,-0.013843999138116795,-0.013843999138116795,-0.012852833441068742,-6.938893903907228e-18,0.0,0.0
2020-04-19,B4,0.01843036318336147,-0.06781891247910665,0.0,0.049388549295745175,0.049388549295745175,-0.018430363183361477,-6.938893903907228e-18,0.0,0.0
2020-04-19,B5,0.009656084656084654,0.03652683295540438,0.0,-0.04618291761148904,-0.04618291761148904,-0.009656084656084654,0.0,0.0,0.0
2020-04-19,B6,0.02487839448133566,-0.03363559471292737,0.0,0.008757200231591707,0.008757200231591707,-0.02487839448133566,0.0,0.0,0.0
2020-04-19,B7,-0.019101138262322476,-0.0442251461988304,0.0,0.06332628446115285,0.06332628446115285,0.019101138262322445,-3.122502256758253e-17,0.0,0.0
2020-04-19,B8,-0.03768660394044761,0.00339958682583798,0.0,0.03428701711460963,0.03428701711460963,0.03768660394044761,2.6020852139652106e-18,0.0,0.0
2020-04-19,B9,0.00743129936167911,-0.05184599156118144,0.0,0.04441469219950235,0.04441469219950235,-0.007431299361679092,1.8214596497756474e-17,0.0,0.0
2020-04-19,B10,0.0004931829399914499,0.026208152374632403,0.0,-0.02670133531462387,-0.02670133531462387,-0.0004931829399914649,-1.496198998029996e-17,0.0,0.0
2020-04-26,B1,0.018685199198162677,0.001222226647373007,0.0,-0.019907425845535703,-0.019907425845535703,-0.018685199198162698,-1.951563910473908e-17,0.0,0.0
2020-04-26,B2,0.05752730698687758,-0.018362858313170864,0.0,-0.039164448673706706,-0.039164448673706706,-0.057527306986877566,1.0408340855860843e-17,0.0,0.0
2020-04-26,B3,-0.024937095614665703,-0.0027985882511214503,0.0,0.02773568386578716,0.02773568386578716,0.02493709561466571,7.806255641895632e-18,0.0,0.0
2020-04-26,B4,0.023181502873019587,0.016969734064849747,0.0,-0.04015123693786933,-0.04015123693786933,-0.023181502873019583,3.469446951953614e-18,0.0,0.0
2020-04-26,B5,-0.012873027771828372,-0.02015386381484583,0.0,0.03302689158667421,0.03302689158667421,0.012873027771828381,8.673617379884035e-18,0.0,0.0
2020-04-26,B6,-0.030078722850976063,-0.0204238061948039,0.0,0.050502529045779974,0.050502529045779974,0.030078722850976073,1.0408340855860843e-17,0.0,0.0
2020-04-26,B7,0.02337879875568318,0.0754726011007418,0.0,-0.09885139985642497,-0.09885139985642497,-0.02337879875568316,1.734723475976807e-17,0.0,0.0
2020-04-26,B8,-0.0012560942069549854,-0.004387607922623802,0.0,0.005643702129578777,0.005643702129578777,0.001256094206954975,-1.0408340855860843e-17,0.0,0.0
2020-04-26,B9,-0.00020634920634920572,0.05658864151721295,0.0,-0.05638229231086374,-0.05638229231086374,0.00020634920634921006,4.336808689942018e-18,0.0,0.0
2020-04-26,B10,0.003231454950652662,0.044099950301880644,0.0,-0.04733140525253328,-0.04733140525253328,-0.0032314549506526347,2.7321894746634712e-17,0.0,0.0
2020-05-03,B1,-0.00957432032561566,-0.00966852663743855,0.0,0.019242846963054228,0.019242846963054228,0.009574320325615678,1.734723475976807e-17,0.0,0.0
2020-05-03,B2,-0.0222555964024218,0.04434205051268543,0.0,-0.022086454110263623,-0.022086454110263623,0.022255596402421807,6.938893903907228e-18,0.0,0.0
2020-05-03,B3,0.04426411508818622,0.02506321055066689,0.0,-0.0693273256388531,-0.0693273256388531,-0.044264115088186215,6.938893903907228e-18,0.0,0.0
2020-05-03,B4,-0.0191823629156618,0.05388761732841604,0.0,-0.03470525441275421,-0.03470525441275421,0.019182362915661832,3.122502256758253e-17,0.0,0.0
2020-05-03,B5,-0.0016767270288397017,-0.017449139280125196,0.0,0.0191258663089649,0.0191258663089649,0.0016767270288397043,2.6020852139652106e-18,0.0,0.0
2020-05-03,B6,-0.01900434985695101,0.035870410364630005,0.0,-0.016866060507679,-0.016866060507679,0.019004349856951003,-6.938893903907228e-18,0.0,0.0
2020-05-03,B7,-0.023854181871259664,-0.05081172253847775,0.0,0.07466590440973742,0.07466590440973742,0.023854181871259664,0.0,0.0,0.0
2020-05-03,B8,-0.0021366838608217927,-0.031868544368544374,0.0,0.03400522822936616,0.03400522822936616,0.002136683860821789,-3.469446951953614e-18,0.0,0.0
2020-05-03,B9,0.013265810276679849,-0.057039337474120086,0.0,0.043773527197440244,0.043773527197440244,-0.013265810276679842,6.938893903907228e-18,0.0,0.0
2020-05-03,B10,-0.010827339521282444,0.002813130214120302,0.0,0.008014209307162134,0.008014209307162134,0.010827339521282436,-8.673617379884035e-18,0.0,0.0
2020-05-10,B1,-0.030254454283580492,-0.04267991986438588,0.0,0.07293437414796637,0.07293437414796637,0.030254454283580492,0.0,0.0,0.0
2020-05-10,B2,-0.036395521381357085,0.023658887539907372,0.0,0.012736633841449706,0.012736633841449706,0.03639552138135708,-6.938893903907228e-18,0.0,0.0
2020-05-10,B3,-0.029281421453945414,-0.04817172906125319,0.0,0.07745315051519859,0.07745315051519859,0.029281421453945397,-1.734723475976807e-17,0.0,0.0
2020-05-10,B4,-0.007155290314559243,-0.06354961400653306,0.0,0.07070490432109229,0.07070490432109229,0.0071552903145592345,-8.673617379884035e-18,0.0,0.0
2020-05-10,B5,0.0032907427504751414,0.11247159808129253,0.0,-0.11576234083176772,-0.11576234083176772,-0.0032907427504751813,-3.9898639947466563e-17,0.0,0.0
2020-05-10,B6,-0.004475849441307641,-0.031017595619373957,0.0,0.0354934450606816,0.0354934450606816,0.00447584944130764,-8.673617379884035e-19,0.0,0.0
2020-05-10,B7,-0.008218565203859326,0.07225918145035791,0.0,-0.0640406162464986,-0.0640406162464986,0.008218565203859315,-1.0408340855860843e-17,0.0,0.0
2020-05-10,B8,0.03151436237373738,0.009764165232915237,0.0,-0.04127852760665261,-0.04127852760665261,-0.03151436237373738,3.469446951953614e-18,0.0,0.0
2020-05-10,B9,-0.0006224144480232461,0.04427518380778396,0.0,-0.043652769359760715,-0.043652769359760715,0.0006224144480232452,-8.673617379884035e-19,0.0,0.0
2020-05-10,B10,0.014814649636078201,0.012462240140811567,0.0,-0.02727688977688977,-0.02727688977688977,-0.014814649636078203,-1.734723475976807e-18,0.0,0.0
2020-05-17,B1,0.0002826064112647665,0.023699559399356564,0.0,-0.023982165810621337,-0.023982165810621337,-0.00028260641126477345,-6.938893903907228e-18,0.0,0.0
2020-05-17,B2,0.02800878289549834,0.0036316179364307742,0.0,-0.031640400831929115,-0.031640400831929115,-0.02800878289549834,8.673617379884035e-19,0.0,0.0
2020-05-17,B3,-0.00630245818134017,0.009368397303179909,0.0,-0.0030659391218397425,-0.0030659391218397425,0.006302458181340166,-3.469446951953614e-18,0.0,0.0
2020-05-17,B4,0.021175927605929932,0.031287228174775764,0.0,-0.052463155780705734,-0.052463155780705734,-0.02117592760592997,-3.8163916471489756e-17,0.0,0.0
2020-05-17,B5,-0.00021826514717509897,0.017503231365790607,0.0,-0.017284966218615493,-0.017284966218615493,0.00021826514717511458,1.5612511283791264e-17,0.0,0.0
2020-05-17,B6,-0.008091929275135384,0.005808649224679762,0.0,0.0022832800504556283,0.0022832800504556283,0.00809192927513539,5.637851296924623e-18,0.0,0.0
2020-05-17,B7,0.05468244478607173,-0.03274333035991067,0.0,-0.021939114426161047,-0.021939114426161047,-0.05468244478607172,1.3877787807814457e-17,0.0,0.0
2020-05-17,B8,-0.0035369261319278438,-0.002705780658536568,0.0,0.006242706790464406,0.006242706790464406,0.0035369261319278386,-5.204170427930421e-18,0.0,0.0
2020-05-17,B9,-0.040995718462823724,-0.009030388471177942,0.0,0.05002610693400166,0.05002610693400166,0.04099571846282372,-5.204170427930421e-18,0.0,0.0
2020-05-17,B10,-0.02306300997477468,0.0013277191218367722,0.0,0.02173529085293792,0.02173529085293792,0.02306300997477469,1.1275702593849246e-17,0.0,0.0
2020-05-31,B1,-0.031532663316582915,0.01190031353347936,0.0,0.01963234978310356,0.01963234978310356,0.03153266331658292,6.938893903907228e-18,0.0,0.0
2020-05-31,B2,0.0211728382444495,0.06819263430516628,0.0,-0.08936547254961576,-0.08936547254961576,-0.021172838244449474,2.7755575615628914e-17,0.0,0.0
2020-05-31,B3,-0.02722562916792333,0.01813057924950957,0.0,0.009095049918413735,0.009095049918413735,0.027225629167923305,-2.42861286636753e-17,0.0,0.0
2020-05-31,B4,0.0053234237914689,-0.0342545160214333,0.0,0.028931092229964414,0.028931092229964414,-0.005323423791468884,1.5612511283791264e-17,0.0,0.0
2020-05-31,B5,-0.03822553897180763,-0.05230151762197415,0.0,0.09052705659378177,0.09052705659378177,0.03822553897180762,-1.3877787807814457e-17,0.0,0.0
2020-05-31,B6,-0.04021177803412761,0.009501387800730458,0.0,0.03071039023339713,0.03071039023339713,0.040211778034127586,-2.0816681711721685e-17,0.0,0.0
2020-05-31,B7,0.020147319347319347,-0.04876703296703297,0.0,0.02861971361971362,0.02861971361971362,-0.02014731934731935,-3.469446951953614e-18,0.0,0.0
2020-05-31,B8,0.05085014723355212,-0.019524019039520116,0.0,-0.03132612819403201,-0.03132612819403201,-0.05085014723355212,-3.469446951953614e-18,0.0,0.0
2020-05-31,B9,-0.009349289454001498,-0.05657358929610238,0.0,0.06592287875010387,0.06592287875010387,0.009349289454001493,-5.204170427930421e-18,0.0,0.0
2020-05-31,B10,0.014370009405772509,0.06472622195279966,0.0,-0.07909623135857215,-0.07909623135857215,-0.014370009405772488,2.0816681711721685e-17,0.0,0.0
2020-06-07,B1,0.006802992936304955,-0.014999963813037677,0.0,0.008196970876732733,0.008196970876732733,-0.006802992936304944,1.1275702593849246e-17,0.0,0.0
2020-06-07,B2,-0.011884574837942714,-0.020200210525384725,0.0,0.032084785363327435,0.032084785363327435,0.01188457483794271,-3.469446951953614e-18,0.0,0.0
2020-06-07,B3,0.0253344825109531,-0.005175943881826238,0.0,-0.02015853862912686,-0.02015853862912686,-0.025334482510953098,5.204170427930421e-18,0.0,0.0
2020-06-07,B4,-0.02100308343139737,0.015230147808388017,0.0,0.005772935623009356,0.005772935623009356,0.021003083431397375,1.734723475976807e-18,0.0,0.0
2020-06-07,B5,-0.02566614420062696,0.034985632183908044,0.0,-0.009319487983281093,-0.009319487983281093,0.02566614420062695,-1.0408340855860843e-17,0.0,0.0
2020-06-07,B6,0.0021506474935203603,0.0020003406976439515,0.0,-0.004150988191164301,-0.004150988191164301,-0.0021506474935203495,1.0842021724855044e-17,0.0,0.0
2020-06-07,B7,-3.303484316142906e-05,0.12220923043707853,0.0,-0.12217619559391714,-0.12217619559391714,3.303484316138916e-05,-3.9898639947466563e-17,0.0,0.0
2020-06-07,B8,-0.03231887934624941,0.009220834709675566,0.0,0.023098044636573858,0.023098044636573858,0.03231887934624943,1.0408340855860843e-17,0.0,0.0
2020-06-07,B9,-0.039035311094134634,0.01693339100346021,0.0,0.02210192009067442,0.02210192009067442,0.039035311094134634,-3.469446951953614e-18,0.0,0.0
2020-06-07,B10,-0.01402516541205763,0.02359662646444584,0.0,-0.00957146105238819,-0.00957146105238819,0.014025165412057648,1.734723475976807e-17,0.0,0.0
2020-06-14,B1,-0.008441558441558443,0.018562245834973113,0.0,-0.010120687393414658,-0.010120687393414658,0.008441558441558455,1.214306433183765e-17,0.0,0.0
2020-06-14,B2,0.027194649612682403,-0.03599453673224165,0.0,0.008799887119559252,0.008799887119559252,-0.0271946496126824,5.204170427930421e-18,0.0,0.0
2020-06-14,B3,-0.012767113364722929,0.019636605094772427,0.0,-0.0068694917300494845,-0.0068694917300494845,0.012767113364722943,1.3877787807814457e-17,0.0,0.0
2020-06-14,B4,0.051217749860283796,-0.015341980545600459,0.0,-0.03587576931468334,-0.03587576931468334,-0.051217749860283796,0.0,0.0,0.0
2020-06-14,B5,-0.0073363407398927254,-0.01609793067532242,0.0,0.02343427141521516,0.02343427141521516,0.007336340739892741,1.5612511283791264e-17,0.0,0.0
2020-06-14,B6,0.0429044016328499,0.04370202355116148,0.0,-0.08660642518401139,-0.08660642518401139,-0.04290440163284991,-1.3877787807814457e-17,0.0,0.0
2020-06-14,B7,-0.0334504452187379,-0.10133929994762134,0.0,0.13478974516635925,0.13478974516635925,0.03345044521873791,1.3877787807814457e-17,0.0,0.0
2020-06-14,B8,-0.023632710468153507,0.009494275063895316,0.0,0.014138435404258201,0.014138435404258201,0.023632710468153517,1.0408340855860843e-17,0.0,0.0
2020-06-14,B9,0.007021379980563655,0.04005470153429337,0.0,-0.047076081514857024,-0.047076081514857024,-0.007021379980563652,2.6020852139652106e-18,0.0,0.0
2020-06-14,B10,-0.007083577276124086,-0.019614008709239746,0.0,0.026697585985363828,0.026697585985363828,0.0070835772761240826,-3.469446951953614e-18,0.0,0.0
2020-06-21,B1,-0.00894112919429375,-0.023279814419054915,0.0,0.032220943613348665,0.032220943613348665,0.00894112919429375,0.0,0.0,0.0
2020-06-21,B2,-0.0038734986952304405,-0.003540281638753626,0.0,0.007413780333984064,0.007413780333984064,0.0038734986952304383,-2.168404344971009e-18,0.0,0.0
2020-06-21,B3,0.017074996504414665,0.007646042378007709,0.0,-0.02472103888242239,-0.02472103888242239,-0.01707499650441468,-1.5612511283791264e-17,0.0,0.0
2020-06-21,B4,-0.012502274802859358,-0.027781539155946746,0.0,0.040283813958806106,0.040283813958806106,0.01250227480285936,1.734723475976807e-18,0.0,0.0
2020-06-21,B5,0.016617904223836424,0.01058888145752553,0.0,-0.02720678568136195,-0.02720678568136195,-0.01661790422383642,3.469446951953614e-18,0.0,0.0
2020-06-21,B6,-0.02440839813958141,-0.043059747470958754,0.0,0.06746814561054015,0.06746814561054015,0.0244083981395814,-1.0408340855860843e-17,0.0,0.0
2020-06-21,B7,0.011893928034278908,0.055895573562240224,0.0,-0.06778950159651913,-0.06778950159651913,-0.011893928034278904,3.469446951953614e-18,0.0,0.0
2020-06-21,B8,0.014135160975186769,-0.02413363273107027,0.0,0.009998471755883493,0.009998471755883493,-0.014135160975186776,-6.938893903907228e-18,0.0,0.0
2020-06-21,B9,0.0073060024552561885,-0.029037442656845637,0.0,0.021731440201589472,0.021731440201589472,-0.007306002455256165,2.3418766925686896e-17,0.0,0.0
2020-06-21,B10,0.015102463733685453,-0.010871626976453523,0.0,-0.004230836757231918,-0.004230836757231918,-0.01510246373368544,1.214306433183765e-17,0.0,0.0
2020-06-28,B1,-0.01810344827586207,0.009430980615057698,0.0,0.008672467660804378,0.008672467660804378,0.018103448275862077,5.204170427930421e-18,0.0,0.0
2020-06-28,B2,-0.009103704348924997,0.006972858035927544,0.0,0.0021308463129974566,0.0021308463129974566,0.009103704348925,3.469446951953614e-18,0.0,0.0
2020-06-28,B3,-0.01087388681762817,0.032917184191787796,0.0,-0.022043297374159623,-0.022043297374159623,0.010873886817628173,3.469446951953614e-18,0.0,0.0
2020-06-28,B4,-0.0410747570790267,0.10067817199616082,0.0,-0.059603414917134126,-0.059603414917134126,0.04107475707902669,-6.938893903907228e-18,0.0,0.0
2020-06-28,B5,0.020618983355825463,-0.007809986504723346,0.0,-0.012808996851102115,-0.012808996851102115,-0.02061898335582546,1.734723475976807e-18,0.0,0.0
2020-06-28,B6,-0.014947928284935725,0.03326892711709466,0.0,-0.01832099883215893,-0.01832099883215893,0.014947928284935727,1.734723475976807e-18,0.0,0.0
2020-06-28,B7,-0.017816922090473614,0.013450292806772235,0.0,0.004366629283701379,0.004366629283701379,0.017816922090473614,0.0,0.0,0.0
2020-06-28,B8,0.011911091660455349,-0.0025032959828632942,0.0,-0.009407795677592066,-0.009407795677592066,-0.01191109166045536,-1.1275702593849246e-17,0.0,0.0
2020-06-28,B9,-0.020902130277130275,0.117908596033596,0.0,-0.09700646575646575,-0.09700646575646575,0.020902130277130254,-2.0816681711721685e-17,0.0,0.0
2020-06-28,B10,-0.019863613575822885,0.03686201423410726,0.0,-0.016998400658284386,-0.016998400658284386,0.019863613575822874,-1.0408340855860843e-17,0.0,0.0
2020-07-05,B1,0.023139378055696044,0.07691506831151182,0.0,-0.1000544463672079,-0.1000544463672079,-0.023139378055696075,-3.122502256758253e-17,0.0,0.0
2020-07-05,B2,-0.05273873213596535,-0.0056690126822225885,0.0,0.05840774481818793,0.05840774481818793,0.05273873213596535,-3.469446951953614e-18,0.0,0.0
2020-07-05,B3,0.019458390384907955,-0.06277581600433457,0.0,0.04331742561942664,0.04331742561942664,-0.01945839038490793,2.42861286636753e-17,0.0,0.0
2020-07-05,B4,-0.0033752552939911866,0.0004904876187632077,0.0,0.002884767675227961,0.002884767675227961,0.003375255293991169,-1.7780915628762273e-17,0.0,0.0
2020-07-05,B5,-0.03798449612403101,-0.03667699656071749,0.0,0.0746614926847485,0.0746614926847485,0.037984496124031014,6.938893903907228e-18,0.0,0.0
2020-07-05,B6,-0.0003101218260142459,0.009599528404928564,0.0,-0.009289406578914318,-0.009289406578914318,0.0003101218260142466,7.047314121155779e-19,0.0,0.0
2020-07-05,B7,0.026446421352919563,0.008923503812118452,0.0,-0.03536992516503801,-0.03536992516503801,-0.026446421352919556,6.938893903907228e-18,0.0,0.0
2020-07-05,B8,0.0210365428222571,0.020698908360472987,0.0,-0.041735451182730074,-0.041735451182730074,-0.021036542822257087,1.3877787807814457e-17,0.0,0.0
2020-07-05,B9,0.01069780853517878,-0.002877621636890049,0.0,-0.007820186898288728,-0.007820186898288728,-0.010697808535178776,2.6020852139652106e-18,0.0,0.0
2020-07-05,B10,-0.028884639325815788,0.01905435849553496,0.0,0.009830280830280841,0.009830280830280841,0.0288846393258158,1.3877787807814457e-17,0.0,0.0
2020-07-12,B1,0.02062763107539227,-0.10154128624277878,0.0,0.08091365516738652,0.08091365516738652,-0.020627631075392255,1.3877787807814457e-17,0.0,0.0
2020-07-12,B2,0.007896366378719325,0.021635185729303372,0.0,-0.029531552108022708,-0.029531552108022708,-0.007896366378719336,-1.0408340855860843e-17,0.0,0.0
2020-07-12,B3,-0.0003576927363666922,-0.03392816456726231,0.0,0.034285857303629,0.034285857303629,0.0003576927363666896,-2.6020852139652106e-18,0.0,0.0
2020-07-12,B4,0.05399379123861835,-0.03082484450697198,0.0,-0.02316894673164634,-0.02316894673164634,-0.05399379123861832,2.7755575615628914e-17,0.0,0.0
2020-07-12,B5,0.05594519588295522,0.10703353431569199,0.0,-0.16297873019864725,-0.16297873019864725,-0.05594519588295527,-4.85722573273506e-17,0.0,0.0
2020-07-12,B6,-0.007939542344467101,0.004071862296896493,0.0,0.0038676800475706155,0.0038676800475706155,0.007939542344467108,7.37257477290143e-18,0.0,0.0
2020-07-12,B7,-0.019969093406593395,-0.006635085000469611,0.0,0.02660417840706304,0.02660417840706304,0.019969093406593426,3.2959746043559335e-17,0.0,0.0
2020-07-12,B8,0.005507005405395794,-0.0008301294394716576,0.0,-0.004676875965924133,-0.004676875965924133,-0.0055070054053957904,3.469446951953614e-18,0.0,0.0
2020-07-12,B9,0.030753655793025872,-0.02585313199486428,0.0,-0.004900523798161592,-0.004900523798161592,-0.030753655793025872,8.673617379884035e-19,0.0,0.0
2020-07-12,B10,0.00822378669928579,-0.048643327529147774,0.0,0.040419540829861975,0.040419540829861975,-0.0082237866992858,-1.0408340855860843e-17,0.0,0.0
2020-07-19,B1,8.535611214182575e-05,-0.01114621985157699,0.0,0.011060863739435168,0.011060863739435168,-8.535611214182184e-05,3.903127820947816e-18,0.0,0.0
2020-07-19,B2,0.02038472855118663,0.006779870930371551,0.0,-0.02716459948155823,-0.02716459948155823,-0.020384728551186677,-4.85722573273506e-17,0.0,0.0
2020-07-19,B3,-0.0345988845988846,-0.010403260403260395,0.0,0.04500214500214503,0.04500214500214503,0.03459888459888463,3.469446951953614e-17,0.0,0.0
2020-07-19,B4,-0.03127995084093565,0.037947010211801066,0.0,-0.006667059370865438,-0.006667059370865438,0.03127995084093563,-1.9949319973733282e-17,0.0,0.0
2020-07-19,B5,-0.008208964306675354,-0.030841061883395138,0.0,0.03905002619007049,0.03905002619007049,0.008208964306675351,-3.469446951953614e-18,0.0,0.0
2020-07-19,B6,-0.006156683177137156,-0.030539817157427533,0.0,0.03669650033456469,0.03669650033456469,0.006156683177137155,-8.673617379884035e-19,0.0,0.0
2020-07-19,B7,-0.005453567719922857,-0.03752210925108121,0.0,0.042975676971004066,0.042975676971004066,0.005453567719922857,0.0,0.0,0.0
2020-07-19,B8,-0.044326173123641475,-0.004825823386508421,0.0,0.04915199651014989,0.04915199651014989,0.04432617312364147,-5.204170427930421e-18,0.0,0.0
2020-07-19,B9,-0.037843956809474055,-0.012766591645901994,0.0,0.050610548455376034,0.050610548455376034,0.03784395680947404,-1.5612511283791264e-17,0.0,0.0
2020-07-19,B10,0.06409774769636363,0.008432841668135786,0.0,-0.0725305893644994,-0.0725305893644994,-0.06409774769636362,2.0816681711721685e-17,0.0,0.0
2020-07-26,B1,0.028841419409654158,0.021410742649680695,0.0,-0.05025216205933486,-0.05025216205933486,-0.028841419409654165,-6.938893903907228e-18,0.0,0.0
2020-07-26,B2,0.01289626481905893,0.0028278089013383167,0.0,-0.015724073720397223,-0.015724073720397223,-0.012896264819058905,2.3418766925686896e-17,0.0,0.0
2020-07-26,B3,-0.01308334522620237,0.0867013145584574,0.0,-0.07361796933225506,-0.07361796933225506,0.013083345226202345,-2.6020852139652106e-17,0.0,0.0
2020-07-26,B4,-0.004433461594586914,0.0300113961239281,0.0,-0.025577934529341196,-0.025577934529341196,0.004433461594586904,-1.0408340855860843e-17,0.0,0.0
2020-07-26,B5,0.005174233480018605,-0.05321997026542481,0.0,0.048045736785406204,0.048045736785406204,-0.0051742334800186085,-3.469446951953614e-18,0.0,0.0
2020-07-26,B6,-0.010387126613730894,-0.02976172634515936,0.0,0.040148852958890244,0.040148852958890244,0.010387126613730882,-1.214306433183765e-17,0.0,0.0
2020-07-26,B7,0.05983041115849773,-0.002368970593269663,0.0,-0.057461440565228075,-0.057461440565228075,-0.059830411158497736,-9.540979117872439e-18,0.0,0.0
2020-07-26,B8,0.01932904344846945,-0.014726818546951811,0.0,-0.0046022249015176386,-0.0046022249015176386,-0.01932904344846945,0.0,0.0,0.0
2020-07-26,B9,0.02575757575757576,0.003429250488074018,0.0,-0.02918682624564977,-0.02918682624564977,-0.025757575757575753,7.806255641895632e-18,0.0,0.0
2020-07-26,B10,-0.007683586255014826,-0.009461557657046376,0.0,0.01714514391206119,0.01714514391206119,0.007683586255014812,-1.3877787807814457e-17,0.0,0.0
2020-08-02,B1,0.0007064886401236346,0.0021437489386207306,0.0,-0.002850237578744371,-0.002850237578744371,-0.0007064886401236402,-5.637851296924623e-18,0.0,0.0
2020-08-02,B2,-0.02924240535460563,0.020736042723676563,0.0,0.008506362630929055,0.008506362630929055,0.02924240535460562,-1.0408340855860843e-17,0.0,0.0
2020-08-02,B3,-0.013715657561811406,-0.03159587326253992,0.0,0.04531153082435135,0.04531153082435135,0.01371565756181143,2.42861286636753e-17,0.0,0.0
2020-08-02,B4,-0.0008662358111123534,-0.07481710141039599,0.0,0.07568333722150834,0.07568333722150834,0.0008662358111123508,-2.6020852139652106e-18,0.0,0.0
2020-08-02,B5,-0.03570412517780939,-0.047339242076084184,0.0,0.08304336725389357,0.08304336725389357,0.03570412517780938,-6.938893903907228e-18,0.0,0.0
2020-08-02,B6,0.014618648943807582,0.02996310769205642,0.0,-0.044581756635863994,-0.044581756635863994,-0.014618648943807575,6.938893903907228e-18,0.0,0.0
2020-08-02,B7,0.02546282012127478,0.04617905424176421,0.0,-0.07164187436303898,-0.07164187436303898,-0.025462820121274772,6.938893903907228e-18,0.0,0.0
2020-08-02,B8,-0.03330070595817197,0.051142669374484265,0.0,-0.017841963416312275,-0.017841963416312275,0.033300705958171986,1.734723475976807e-17,0.0,0.0
2020-08-02,B9,-0.018495032762629465,-0.009982742544568799,0.0,0.028477775307198257,0.028477775307198257,0.018495032762629458,-6.938893903907228e-18,0.0,0.0
2020-08-02,B10,0.014696191239837505,-0.014285800614470285,0.0,-0.0004103906253672166,-0.0004103906253672166,-0.014696191239837501,3.2526065174565133e-18,0.0,0.0
2020-08-09,B1,-0.018553890298527408,0.035464508609769914,0.0,-0.0169106183112425,-0.0169106183112425,0.018553890298527415,6.938893903907228e-18,0.0,0.0
2020-08-09,B2,0.021646640205049486,0.017987838130754455,0.0,-0.03963447833580395,-0.03963447833580395,-0.021646640205049493,-6.938893903907228e-18,0.0,0.0
2020-08-09,B3,0.013233953107370827,-0.01327074238466644,0.0,3.678927729560983e-05,3.678927729560983e-05,-0.01323395310737083,-2.6020852139652106e-18,0.0,0.0
2020-08-09,B4,-0.012656696146724086,0.06846231567326742,0.0,-0.055805619526543344,-0.055805619526543344,0.01265669614672408,-6.938893903907228e-18,0.0,0.0
2020-08-09,B5,0.01115420073753407,0.010766954088032521,0.0,-0.021921154825566593,-0.021921154825566593,-0.011154200737534072,-1.734723475976807e-18,0.0,0.0
2020-08-09,B6,-0.011916352524087334,-0.019879057555051143,0.0,0.03179541007913848,0.03179541007913848,0.011916352524087334,0.0,0.0,0.0
2020-08-09,B7,-0.021215032365790615,-0.06381928855167036,0.0,0.08503432091746098,0.08503432091746098,0.021215032365790615,0.0,0.0,0.0
2020-08-09,B8,0.00047658064575357767,0.024152643513545777,0.0,-0.024629224159299346,-0.024629224159299346,-0.0004765806457535694,8.239936510889834e-18,0.0,0.0
2020-08-09,B9,0.05108352072904328,0.054099113238625984,0.0,-0.10518263396766928,-0.10518263396766928,-0.05108352072904329,-1.3877787807814457e-17,0.0,0.0
2020-08-09,B10,-0.01471724285104566,0.03540160717390765,0.0,-0.02068436432286198,-0.02068436432286198,0.014717242851045666,6.938893903907228e-18,0.0,0.0
2020-08-16,B1,0.01941320846279524,-0.03796809251354706,0.0,0.01855488405075182,0.01855488405075182,-0.01941320846279524,0.0,0.0,0.0
2020-08-16,B2,-0.0152667576316225,-0.028205830111946748,0.0,0.04347258774356927,0.04347258774356927,0.01526675763162252,2.0816681711721685e-17,0.0,0.0
2020-08-16,B3,-0.028125921992092993,-0.048815651510818785,0.0,0.0769415735029118,0.0769415735029118,0.02812592199209301,1.734723475976807e-17,0.0,0.0
2020-08-16,B4,-0.0034230184290570767,-0.009033928251923418,0.0,0.012456946680980498,0.012456946680980498,0.0034230184290570797,3.0357660829594124e-18,0.0,0.0
2020-08-16,B5,-0.028137307554600782,0.054829782790309096,0.0,-0.026692475235708307,-0.026692475235708307,0.02813730755460079,6.938893903907228e-18,0.0,0.0
2020-08-16,B6,0.004532298976743419,0.02422619818453151,0.0,-0.028758497161274942,-0.028758497161274942,-0.004532298976743433,-1.3877787807814457e-17,0.0,0.0
2020-08-16,B7,0.05932996518899603,-0.04606345196653566,0.0,-0.013266513222460367,-0.013266513222460367,-0.059329965188996026,3.469446951953614e-18,0.0,0.0
2020-08-16,B8,0.04029256071293729,-0.03126807670669881,0.0,-0.009024484006238502,-0.009024484006238502,-0.04029256071293731,-2.0816681711721685e-17,0.0,0.0
2020-08-16,B9,-0.012224782386072709,-0.024191060809029483,0.0,0.036415843195102195,0.036415843195102195,0.012224782386072712,3.469446951953614e-18,0.0,0.0
2020-08-16,B10,0.011749264864762972,0.00669696899277831,0.0,-0.018446233857541267,-0.018446233857541267,-0.011749264864762956,1.5612511283791264e-17,0.0,0.0
2020-08-30,B1,-0.05389118457300275,0.001839826839826841,0.0,0.052051357733175915,0.052051357733175915,0.05389118457300276,5.204170427930421e-18,0.0,0.0
2020-08-30,B2,-0.005989166517359448,-0.056151131665737625,0.0,0.062140298183097076,0.062140298183097076,0.005989166517359451,3.469446951953614e-18,0.0,0.0
2020-08-30,B3,0.018469879565475696,0.10286907745554359,0.0,-0.12133895702101928,-0.12133895702101928,-0.01846987956547569,6.938893903907228e-18,0.0,0.0
2020-08-30,B4,0.00807806780201469,0.02181705992054231,0.0,-0.029895127722557015,-0.029895127722557015,-0.008078067802014706,-1.5612511283791264e-17,0.0,0.0
2020-08-30,B5,0.01036986612207851,-0.04236725663716814,0.0,0.03199739051508964,0.03199739051508964,-0.010369866122078499,1.214306433183765e-17,0.0,0.0
2020-08-30,B6,0.011929173583308922,-0.007393083107368824,0.0,-0.0045360904759401,-0.0045360904759401,-0.011929173583308923,-2.6020852139652106e-18,0.0,0.0
2020-08-30,B7,-0.02951485839648983,0.017579942826751762,0.0,0.011934915569738079,0.011934915569738079,0.02951485839648984,1.214306433183765e-17,0.0,0.0
2020-08-30,B8,0.008833980992258567,-0.027887071322272222,0.0,0.019053090330013667,0.019053090330013667,-0.008833980992258555,1.214306433183765e-17,0.0,0.0
2020-08-30,B9,-0.018120883604359737,-0.013678964853995454,0.0,0.03179984845835518,0.03179984845835518,0.018120883604359726,-1.214306433183765e-17,0.0,0.0
2020-08-30,B10,0.017230467579510814,0.05564070389017233,0.0,-0.07287117146968318,-0.07287117146968318,-0.01723046757951085,-3.469446951953614e-17,0.0,0.0
2020-09-13,B1,-0.007219330377225115,0.01666814094058676,0.0,-0.009448810563361637,-0.009448810563361637,0.007219330377225122,6.938893903907228e-18,0.0,0.0
2020-09-13,B2,-0.04372276775603008,-0.006139952995252808,0.0,0.04986272075128288,0.04986272075128288,0.043722767756030075,-6.938893903907228e-18,0.0,0.0
2020-09-13,B3,0.0003216580101315751,0.003308659068226607,0.0,-0.0036303170783581924,-0.0036303170783581924,-0.0003216580101315855,-1.0408340855860843e-17,0.0,0.0
2020-09-13,B4,0.008654200737534059,-0.02615680615680616,0.0,0.017502605419272108,0.017502605419272108,-0.008654200737534052,6.938893903907228e-18,0.0,0.0
2020-09-13,B5,0.0007360333189717063,-0.048896548422614775,0.0,0.048160515103643074,0.048160515103643074,-0.0007360333189717003,6.071532165918825e-18,0.0,0.0
2020-09-13,B6,-0.03599372441284206,-0.04686085972850678,0.0,0.08285458414134886,0.08285458414134886,0.03599372441284208,2.0816681711721685e-17,0.0,0.0
2020-09-13,B7,-0.045416152183979,0.08411729929662867,0.0,-0.03870114711264965,-0.03870114711264965,0.04541615218397902,2.0816681711721685e-17,0.0,0.0
2020-09-13,B8,-0.013941050913988997,0.022469099855496097,0.0,-0.008528048941507093,-0.008528048941507093,0.013941050913989004,6.938893903907228e-18,0.0,0.0
2020-09-13,B9,-0.0015270448206578429,0.01199220506102939,0.0,-0.010465160240371555,-0.010465160240371555,0.001527044820657835,-7.806255641895632e-18,0.0,0.0
2020-09-13,B10,-0.011513576029705064,-0.04080145986304345,0.0,0.05231503589274849,0.05231503589274849,0.011513576029705042,-2.2551405187698492e-17,0.0,0.0
2020-09-20,B1,-0.029994242390588594,-0.052414423919347475,0.0,0.0824086663099361,0.0824086663099361,0.02999424239058862,2.7755575615628914e-17,0.0,0.0
2020-09-20,B2,-0.016521227310700996,-0.02774140930839495,0.0,0.04426263661909594,0.04426263661909594,0.016521227310700992,-3.469446951953614e-18,0.0,0.0
2020-09-20,B3,-0.02140401852678067,0.08144631801920806,0.0,-0.06004229949242734,-0.06004229949242734,0.021404018526780713,4.163336342344337e-17,0.0,0.0
2020-09-20,B4,0.0044022307718268,0.04968928937036661,0.0,-0.05409152014219342,-0.05409152014219342,-0.004402230771826811,-1.0408340855860843e-17,0.0,0.0
2020-09-20,B5,0.011418772881654975,0.05397660321241107,0.0,-0.06539537609406607,-0.06539537609406607,-0.011418772881654993,-1.734723475976807e-17,0.0,0.0
2020-09-20,B6,0.03364814658559646,0.009433950733074402,0.0,-0.0430820973186709,-0.0430820973186709,-0.0336481465855965,-4.336808689942018e-17,0.0,0.0
2020-09-20,B7,-0.0065215121136173795,-0.07713886990202778,0.0,0.0836603820156452,0.0836603820156452,0.006521512113617414,3.469446951953614e-17,0.0,0.0
2020-09-20,B8,0.02753161189709621,-0.018716544765841128,0.0,-0.008815067131255112,-0.008815067131255112,-0.027531611897096242,-2.949029909160572e-17,0.0,0.0
2020-09-20,B9,0.018390161648588615,0.027739270716798797,0.0,-0.04612943236538742,-0.04612943236538742,-0.018390161648588622,-6.938893903907228e-18,0.0,0.0
2020-09-20,B10,0.039700644183402814,-0.01328325787944663,0.0,-0.026417386303956184,-0.026417386303956184,-0.039700644183402814,0.0,0.0,0.0
2020-09-27,B1,-0.0008065249000363483,0.038111739271843734,0.0,-0.03730521437180739,-0.03730521437180739,0.000806524900036347,-1.3010426069826053e-18,0.0,0.0
2020-09-27,B2,0.02506572397637269,0.03403316646482701,0.0,-0.05909889044119971,-0.05909889044119971,-0.025065723976372703,-1.3877787807814457e-17,0.0,0.0
2020-09-27,B3,0.040791007238375664,-0.08380292952661375,0.0,0.04301192228823808,0.04301192228823808,-0.04079100723837567,-6.938893903907228e-18,0.0,0.0
2020-09-27,B4,-0.028880966077968476,-0.08034914484902317,0.0,0.10923011092699163,0.10923011092699163,0.02888096607796846,-1.734723475976807e-17,0.0,0.0
2020-09-27,B5,-0.016887312162902714,-0.0911467797294569,0.0,0.10803409189235962,0.10803409189235962,0.01688731216290272,6.938893903907228e-18,0.0,0.0
2020-09-27,B6,-0.0030959805366137785,-0.006086686693546845,0.0,0.009182667230160656,0.009182667230160656,0.0030959805366138115,3.2959746043559335e-17,0.0,0.0
2020-09-27,B7,-0.004251020846765526,0.06241564581990114,0.0,-0.05816462497313562,-0.05816462497313562,0.00425102084676552,-6.071532165918825e-18,0.0,0.0
2020-09-27,B8,-0.040079734792467694,0.0370910973084886,0.0,0.002988637483979111,0.002988637483979111,0.04007973479246771,1.5612511283791264e-17,0.0,0.0
2020-09-27,B9,0.0035125428524786445,-0.03701569681218155,0.0,0.03350315395970291,0.03350315395970291,-0.0035125428524786437,8.673617379884035e-19,0.0,0.0
2020-09-27,B10,-0.007251102655514418,0.027206410317623553,0.0,-0.019955307662109113,-0.019955307662109113,0.00725110265551444,2.2551405187698492e-17,0.0,0.0
2020-10-04,B1,0.0036846641490604314,-0.023486601118180066,0.0,0.019801936969119624,0.019801936969119624,-0.0036846641490604418,-1.0408340855860843e-17,0.0,0.0
2020-10-04,B2,0.015268552636936748,-0.030239926845114264,0.0,0.014971374208177514,0.014971374208177514,-0.01526855263693675,-1.734723475976807e-18,0.0,0.0
2020-10-04,B3,-0.014823933003733226,0.05897924864628527,0.0,-0.044155315642552054,-0.044155315642552054,0.01482393300373322,-6.938893903907228e-18,0.0,0.0
2020-10-04,B4,0.019387494609666777,0.05897425345424771,0.0,-0.0783617480639145,-0.0783617480639145,-0.01938749460966678,-3.469446951953614e-18,0.0,0.0
2020-10-04,B5,0.012171495658337764,0.10159488902909955,0.0,-0.11376638468743733,-0.11376638468743733,-0.012171495658337778,-1.3877787807814457e-17,0.0,0.0
2020-10-04,B6,0.00823745269138968,0.048344952620768405,0.0,-0.0565824053121581,-0.0565824053121581,-0.008237452691389695,-1.5612511283791264e-17,0.0,0.0
2020-10-04,B7,0.025872768147446257,-0.04043159987365996,0.0,0.014558831726213698,0.014558831726213698,-0.025872768147446264,-6.938893903907228e-18,0.0,0.0
2020-10-04,B8,0.03598338119055582,0.02720945257930798,0.0,-0.0631928337698638,-0.0631928337698638,-0.03598338119055582,0.0,0.0,0.0
2020-10-04,B9,-0.018624300228073806,0.03935413642960813,0.0,-0.02072983620153431,-0.02072983620153431,0.01862430022807382,1.3877787807814457e-17,0.0,0.0
2020-10-04,B10,-0.017389546916273577,0.043584339510285515,0.0,-0.026194792594011945,-0.026194792594011945,0.01738954691627357,-6.938893903907228e-18,0.0,0.0
2020-10-11,B1,0.0009029088874903807,-0.022189881826445698,0.0,0.021286972938955318,0.021286972938955318,-0.0009029088874903807,0.0,0.0,0.0
2020-10-11,B2,-0.0038912957798594577,0.019954732113498536,0.0,-0.016063436333639068,-0.016063436333639068,0.003891295779859468,1.0408340855860843e-17,0.0,0.0
2020-10-11,B3,-0.022547012726730323,-0.026308853747878138,0.0,0.048855866474608454,0.048855866474608454,0.022547012726730317,-6.938893903907228e-18,0.0,0.0
2020-10-11,B4,-0.03316300805509438,-0.024649071951230228,0.0,0.057812080006324616,0.057812080006324616,0.03316300805509439,6.938893903907228e-18,0.0,0.0
2020-10-11,B5,-0.015513958734297714,-0.01805561799717264,0.0,0.03356957673147036,0.03356957673147036,0.015513958734297721,6.938893903907228e-18,0.0,0.0
2020-10-11,B6,-0.05828560552061199,-0.02068613945142062,0.0,0.07897174497203259,0.07897174497203259,0.058285605520611974,-1.734723475976807e-17,0.0,0.0
2020-10-11,B7,-0.042935486068533285,0.05336875808978814,0.0,-0.010433272021254842,-0.010433272021254842,0.0429354860685333,1.0408340855860843e-17,0.0,0.0
2020-10-11,B8,-0.054493699355644146,0.020425835557888378,0.0,0.03406786379775576,0.03406786379775576,0.05449369935564414,-6.938893903907228e-18,0.0,0.0
2020-10-11,B9,0.028492063492063492,-0.01506493506493507,0.0,-0.013427128427128432,-0.013427128427128432,-0.0284920634920635,-8.673617379884035e-18,0.0,0.0
2020-10-11,B10,0.019276573310389726,0.021774925736278386,0.0,-0.04105149904666812,-0.04105149904666812,-0.019276573310389733,-6.938893903907228e-18,0.0,0.0
2020-10-18,B1,0.020795423214778053,-0.012550167916629018,0.0,-0.00824525529814904,-0.00824525529814904,-0.020795423214778057,-5.204170427930421e-18,0.0,0.0
2020-10-18,B2,-0.001085814438087162,-0.00735965423465423,0.0,0.008445468672741409,0.008445468672741409,0.0010858144380871786,1.6479873021779667e-17,0.0,0.0
2020-10-18,B3,-0.022420634920634917,0.02334251160781773,0.0,-0.0009218766871828101,-0.0009218766871828101,0.02242063492063492,2.6020852139652106e-18,0.0,0.0
2020-10-18,B4,0.022755801741965176,0.019465296768976854,0.0,-0.04222109851094205,-0.04222109851094205,-0.022755801741965197,-2.0816681711721685e-17,0.0,0.0
2020-10-18,B5,0.02328338927529211,0.005791722896986055,0.0,-0.029075112172278157,-0.029075112172278157,-0.023283389275292103,7.806255641895632e-18,0.0,0.0
2020-10-18,B6,0.006795152484807657,0.04748165992008357,0.0,-0.054276812404891225,-0.054276812404891225,-0.006795152484807658,-8.673617379884035e-19,0.0,0.0
2020-10-18,B7,-0.0420105940249593,-0.05092738504043091,0.0,0.09293797906539018,0.09293797906539018,0.042010594024959276,-2.0816681711721685e-17,0.0,0.0
2020-10-18,B8,0.017961392427830323,0.0008783417789880038,0.0,-0.01883973420681833,-0.01883973420681833,-0.017961392427830326,-3.469446951953614e-18,0.0,0.0
2020-10-18,B9,-0.021269937411669694,-0.053711276981065634,0.0,0.07498121439273533,0.07498121439273533,0.0212699374116697,6.938893903907228e-18,0.0,0.0
2020-10-18,B10,-0.002447741786760975,-0.06676558596162256,0.0,0.06921332774838353,0.06921332774838353,0.002447741786760965,-9.974659986866641e-18,0.0,0.0
2020-11-01,B1,0.00253193982702179,0.04058278166884724,0.0,-0.043114721495869035,-0.043114721495869035,-0.002531939827021795,-5.204170427930421e-18,0.0,0.0
2020-11-01,B2,-0.017235845985845977,0.037472489972489975,0.0,-0.020236643986643973,-0.020236643986643973,0.017235845985846,2.42861286636753e-17,0.0,0.0
2020-11-01,B3,0.00032796206540225414,0.033099399382294115,0.0,-0.03342736144769637,-0.03342736144769637,-0.00032796206540225414,0.0,0.0,0.0
2020-11-01,B4,0.002224323348247429,-0.005855084982209239,0.0,0.003630761633961815,0.003630761633961815,-0.0022243233482474242,4.7704895589362195e-18,0.0,0.0
2020-11-01,B5,0.032616232557610265,0.027820094664769673,0.0,-0.06043632722237994,-0.06043632722237994,-0.032616232557610265,0.0,0.0,0.0
2020-11-01,B6,-0.008948912515637713,0.05492533269091654,0.0,-0.045976420175278795,-0.045976420175278795,0.008948912515637744,3.122502256758253e-17,0.0,0.0
2020-11-01,B7,0.03253768895784337,-0.05340080141989935,0.0,0.020863112462055976,0.020863112462055976,-0.03253768895784337,-3.469446951953614e-18,0.0,0.0
2020-11-01,B8,-0.025261993277665675,-0.14559493706273374,0.0,0.17085693034039942,0.17085693034039942,0.02526199327766568,3.469446951953614e-18,0.0,0.0
2020-11-01,B9,0.05303071471782907,-0.05238646986925442,0.0,-0.0006442448485746407,-0.0006442448485746407,-0.05303071471782907,2.6020852139652106e-18,0.0,0.0
2020-11-01,B10,0.01637336548969364,-0.05640212464928898,0.0,0.04002875915959532,0.04002875915959532,-0.01637336548969366,-2.0816681711721685e-17,0.0,0.0
2020-11-08,B1,0.0337579480020069,-0.03947400706403476,0.0,0.0057160590620278584,0.0057160590620278584,-0.033757948002006904,-6.071532165918825e-18,0.0,0.0
2020-11-08,B2,-0.017522528625972932,-0.03535461542548542,0.0,0.05287714405145834,0.05287714405145834,0.017522528625972922,-1.0408340855860843e-17,0.0,0.0
2020-11-08,B3,0.006090164400122326,-0.04504478647391773,0.0,0.0389546220737954,0.0389546220737954,-0.006090164400122326,0.0,0.0,0.0
2020-11-08,B4,0.007885064571423326,-0.01839176532382763,0.0,0.010506700752404287,0.010506700752404287,-0.007885064571423342,-1.5612511283791264e-17,0.0,0.0
2020-11-08,B5,-0.05331996434937611,-0.004412315177804755,0.0,0.05773227952718091,0.05773227952718091,0.05331996434937615,4.336808689942018e-17,0.0,0.0
2020-11-08,B6,-0.01820592729683639,0.0003394515426600989,0.0,0.01786647575417628,0.01786647575417628,0.01820592729683638,-9.974659986866641e-18,0.0,0.0
2020-11-08,B7,-0.0574227518823962,0.04080324066644176,0.0,0.01661951121595445,0.01661951121595445,0.057422751882396206,1.0408340855860843e-17,0.0,0.0
2020-11-08,B8,-0.013664904584897906,0.031914921325184864,0.0,-0.018250016740286954,-0.018250016740286954,0.01366490458489791,3.469446951953614e-18,0.0,0.0
2020-11-08,B9,0.017871734695074866,0.007711809664271461,0.0,-0.02558354435934635,-0.02558354435934635,-0.01787173469507489,-2.42861286636753e-17,0.0,0.0
2020-11-08,B10,0.0236023031723848,0.003452814200773673,0.0,-0.02705511737315846,-0.02705511737315846,-0.023602303172384785,1.3010426069826053e-17,0.0,0.0
2020-11-15,B1,-0.010063681492252922,0.0007078507078507055,0.0,0.009355830784402214,0.009355830784402214,0.01006368149225292,-2.6020852139652106e-18,0.0,0.0
2020-11-15,B2,-0.015260124036719785,0.03838567198496276,0.0,-0.02312554794824298,-0.02312554794824298,0.01526012403671978,-5.204170427930421e-18,0.0,0.0
2020-11-15,B3,-0.041436781609195394,0.018014720709820523,0.0,0.023422060899374878,0.023422060899374878,0.0414367816091954,6.938893903907228e-18,0.0,0.0
2020-11-15,B4,0.005901147488430172,-0.007440359711733851,0.0,0.001539212223303684,0.001539212223303684,-0.005901147488430167,4.7704895589362195e-18,0.0,0.0
2020-11-15,B5,0.04682499148791284,-0.028399160140733168,0.0,-0.01842583134717966,-0.01842583134717966,-0.04682499148791283,1.0408340855860843e-17,0.0,0.0
2020-11-15,B6,0.0802081237493569,-0.0336894104690622,0.0,-0.04651871328029471,-0.04651871328029471,-0.0802081237493569,-6.938893903907228e-18,0.0,0.0
2020-11-15,B7,-0.037216269155432656,0.02450919602710678,0.0,0.012707073128325874,0.012707073128325874,0.03721626915543265,-3.469446951953614e-18,0.0,0.0
2020-11-15,B8,0.018374623758180685,0.01389174932776584,0.0,-0.03226637308594652,-0.03226637308594652,-0.01837462375818068,3.469446951953614e-18,0.0,0.0
2020-11-15,B9,-0.038928704146095464,-0.016031652348787888,0.0,0.054960356494883345,0.054960356494883345,0.03892870414609546,-6.938893903907228e-18,0.0,0.0
2020-11-15,B10,-0.039334109367746097,0.02910830075335767,0.0,0.010225808614388415,0.010225808614388415,0.03933410936774609,-1.0408340855860843e-17,0.0,0.0
2020-11-29,B1,-0.02520325203252032,-0.0015853658536585354,0.0,0.02678861788617887,0.02678861788617887,0.025203252032520336,1.6479873021779667e-17,0.0,0.0
2020-11-29,B2,-0.05698377784255826,0.04993691492860165,0.0,0.007046862913956618,0.007046862913956618,0.05698377784255827,1.214306433183765e-17,0.0,0.0
2020-11-29,B3,0.05687482452188336,0.0011122133499755866,0.0,-0.057987037871858944,-0.057987037871858944,-0.05687482452188336,2.6020852139652106e-18,0.0,0.0
2020-11-29,B4,-0.022119631210540305,-0.0032116032116032154,0.0,0.02533123442214351,0.02533123442214351,0.022119631210540294,-1.1275702593849246e-17,0.0,0.0
2020-11-29,B5,0.014728853521956969,-0.03533767618453217,0.0,0.0206088226625752,0.0206088226625752,-0.014728853521956974,-5.204170427930421e-18,0.0,0.0
2020-11-29,B6,-0.004652675540203565,-0.02588920988351729,0.0,0.03054188542372086,0.03054188542372086,0.004652675540203568,2.6020852139652106e-18,0.0,0.0
2020-11-29,B7,-0.03897932228279372,-0.030671892497200447,0.0,0.06965121477999417,0.06965121477999417,0.03897932228279372,0.0,0.0,0.0
2020-11-29,B8,-0.039389212871895056,-0.0680242095239419,0.0,0.10741342239583695,0.10741342239583695,0.03938921287189505,-6.938893903907228e-18,0.0,0.0
2020-11-29,B9,-0.05236482879585144,-0.0010661175932280965,0.0,0.05343094638907954,0.05343094638907954,0.05236482879585144,4.336808689942018e-19,0.0,0.0
2020-11-29,B10,-0.014518576408023039,0.028996285052373314,0.0,-0.014477708644350256,-0.014477708644350256,0.014518576408023058,1.9081958235744878e-17,0.0,0.0
2020-12-06,B1,0.03160377358490565,0.007726864330637914,0.0,-0.03933063791554359,-0.03933063791554359,-0.031603773584905674,-1.9949319973733282e-17,0.0,0.0
2020-12-06,B2,-0.017321424198215026,-0.09687402695998684,0.0,0.11419545115820186,0.11419545115820186,0.017321424198215016,-1.0408340855860843e-17,0.0,0.0
2020-12-06,B3,-0.014484589339400198,-0.0249565021908453,0.0,0.039441091530245505,0.039441091530245505,0.014484589339400205,6.938893903907228e-18,0.0,0.0
2020-12-06,B4,-0.015925582831557816,-0.03032680869642426,0.0,0.04625239152798205,0.04625239152798205,0.015925582831557792,-2.42861286636753e-17,0.0,0.0
2020-12-06,B5,-0.015808871565337574,0.03488079078362294,0.0,-0.019071919218285365,-0.019071919218285365,0.015808871565337574,0.0,0.0,0.0
2020-12-06,B6,-0.021899769807495514,0.0467739080381158,0.0,-0.02487413823062031,-0.02487413823062031,0.021899769807495487,-2.7755575615628914e-17,0.0,0.0
2020-12-06,B7,0.011473058781477561,0.035216690088235525,0.0,-0.046689748869713076,-0.046689748869713076,-0.01147305878147755,1.0408340855860843e-17,0.0,0.0
2020-12-06,B8,-0.03871408764509735,0.05983029726292392,0.0,-0.02111620961782658,-0.02111620961782658,0.038714087645097345,-6.938893903907228e-18,0.0,0.0
2020-12-06,B9,0.025510446343779688,0.006928334011667344,0.0,-0.03243878035544702,-0.03243878035544702,-0.025510446343779677,1.214306433183765e-17,0.0,0.0
2020-12-06,B10,-0.034420683396150356,-0.0423441773664801,0.0,0.07676486076263045,0.07676486076263045,0.03442068339615035,-6.938893903907228e-18,0.0,0.0
2020-12-13,B1,-0.027760345021863517,0.02066419892506849,0.0,0.007096146096795029,0.007096146096795029,0.027760345021863517,8.673617379884035e-19,0.0,0.0
2020-12-13,B2,0.016847370774353724,0.017752585343502367,0.0,-0.03459995611785608,-0.03459995611785608,-0.016847370774353713,1.0408340855860843e-17,0.0,0.0
2020-12-13,B3,0.016261704314967627,0.010206519190015069,0.0,-0.026468223504982683,-0.026468223504982683,-0.016261704314967616,1.214306433183765e-17,0.0,0.0
2020-12-13,B4,0.029152123327515995,0.044367383634399335,0.0,-0.07351950696191531,-0.07351950696191531,-0.029152123327515975,2.0816681711721685e-17,0.0,0.0
2020-12-13,B5,0.024773736267989135,-0.04090715584968458,0.0,0.01613341958169546,0.01613341958169546,-0.02477373626798912,1.3877787807814457e-17,0.0,0.0
2020-12-13,B6,-0.010485560834207258,-0.028143927897824536,0.0,0.038629488732031814,0.038629488732031814,0.010485560834207278,1.9081958235744878e-17,0.0,0.0
2020-12-13,B7,0.015779106414534665,0.0019737438744668995,0.0,-0.01775285028900156,-0.01775285028900156,-0.01577910641453466,4.7704895589362195e-18,0.0,0.0
2020-12-13,B8,0.06475125993111605,-0.03326456117823024,0.0,-0.031486698752885824,-0.031486698752885824,-0.06475125993111606,-1.3877787807814457e-17,0.0,0.0
2020-12-13,B9,-0.0008806262230919779,0.04029805810627729,0.0,-0.039417431883185305,-0.039417431883185305,0.0008806262230919848,6.938893903907228e-18,0.0,0.0
2020-12-13,B10,-0.00016049242853366204,-0.018129279835736697,0.0,0.018289772264270365,0.018289772264270365,0.00016049242853366855,6.5052130349130266e-18,0.0,0.0
2021-01-03,B1,0.03504273504273504,0.09975704607283555,0.0,-0.13479978111557062,-0.13479978111557062,-0.03504273504273507,-2.7755575615628914e-17,0.0,0.0
2021-01-03,B2,0.0012838551694856746,-0.039486151949495056,0.0,0.03820229678000937,0.03820229678000937,-0.0012838551694856828,-8.239936510889834e-18,0.0,0.0
2021-01-03,B3,-0.040319682099954755,-0.03185829251386589,0.0,0.07217797461382065,0.07217797461382065,0.04031968209995476,6.938893903907228e-18,0.0,0.0
2021-01-03,B4,-0.05030265480868244,0.012357222718272706,0.0,0.03794543209040973,0.03794543209040973,0.050302654808682436,-6.938893903907228e-18,0.0,0.0
2021-01-03,B5,-0.00978013728013728,-0.00878216378216378,0.0,0.018562301062301074,0.018562301062301074,0.009780137280137293,1.3877787807814457e-17,0.0,0.0
2021-01-03,B6,-0.039957264957264954,-0.026738909238909238,0.0,0.06669617419617418,0.06669617419617418,0.03995726495726495,-6.938893903907228e-18,0.0,0.0
2021-01-03,B7,-0.051977898200919775,-0.02304736806429569,0.0,0.07502526626521547,0.07502526626521547,0.051977898200919775,3.469446951953614e-18,0.0,0.0
2021-01-03,B8,-0.05155777771226842,-0.04854596776522878,0.0,0.10010374547749719,0.10010374547749719,0.05155777771226841,-6.938893903907228e-18,0.0,0.0
2021-01-03,B9,-0.032425764384527274,0.03695042631057872,0.0,-0.0045246619260514475,-0.0045246619260514475,0.03242576438452727,-4.336808689942018e-18,0.0,0.0
2021-01-03,B10,-0.039623690228528935,0.00035365620043038403,0.0,0.03927003402809855,0.03927003402809855,0.03962369022852893,-4.336808689942018e-18,0.0,0.0
2021-01-10,B1,-0.04494574802545817,-0.05970583007028019,0.0,0.10465157809573836,0.10465157809573836,0.044945748025458164,-6.938893903907228e-18,0.0,0.0
2021-01-10,B2,0.01992971758610003,-0.0008952646306435042,0.0,-0.01903445295545651,-0.01903445295545651,-0.019929717586100015,1.5612511283791264e-17,0.0,0.0
2021-01-10,B3,-0.01830480728710817,-0.011332620182177705,0.0,0.029637427469285868,0.029637427469285868,0.018304807287108163,-6.938893903907228e-18,0.0,0.0
2021-01-10,B4,0.008173903721848928,-0.00841186211049227,0.0,0.0002379583886433327,0.0002379583886433327,-0.008173903721848938,-1.0408340855860843e-17,0.0,0.0
2021-01-10,B5,-0.03792988897876441,-0.04688030515236397,0.0,0.0848101941311284,0.0848101941311284,0.03792988897876443,2.0816681711721685e-17,0.0,0.0
2021-01-10,B6,-0.006801922599948603,-0.052888195899751037,0.0,0.059690118499699636,0.059690118499699636,0.0068019225999486,-3.469446951953614e-18,0.0,0.0
2021-01-10,B7,-0.0146147890050329,-0.018845246894027386,0.0,0.033460035899060284,0.033460035899060284,0.014614789005032897,-3.469446951953614e-18,0.0,0.0
2021-01-10,B8,-0.011503814619961932,-0.01083304220697988,0.0,0.022336856826941816,0.022336856826941816,0.011503814619961935,3.469446951953614e-18,0.0,0.0
2021-01-10,B9,-0.0074193315770244,-0.03959224245938475,0.0,0.047011574036409175,0.047011574036409175,0.0074193315770244225,2.2551405187698492e-17,0.0,0.0
2021-01-10,B10,-0.0009041360715678821,-0.005892255721341671,0.0,0.006796391792909525,0.006796391792909525,0.0009041360715678539,-2.8189256484623115e-17,0.0,0.0
2021-01-24,B1,-0.005315900510770594,0.013397814155642274,0.0,-0.008081913644871676,-0.008081913644871676,0.005315900510770598,3.469446951953614e-18,0.0,0.0
2021-01-24,B2,-0.02015004960317461,-0.047103269993895,0.0,0.06725331959706962,0.06725331959706962,0.020150049603174625,1.3877787807814457e-17,0.0,0.0
2021-01-24,B3,-0.09313131313131315,0.003301373809395199,0.0,0.08982993932191793,0.08982993932191793,0.09313131313131313,-1.474514954580286e-17,0.0,0.0
2021-01-24,B4,0.010649476492499758,-0.02344552250075506,0.0,0.012796046008255313,0.012796046008255313,-0.010649476492499746,1.214306433183765e-17,0.0,0.0
2021-01-24,B5,0.01412526867072322,-0.061061449373137684,0.0,0.04693618070241447,0.04693618070241447,-0.014125268670723216,3.469446951953614e-18,0.0,0.0
2021-01-24,B6,-0.004237233462007869,0.011147236879687364,0.0,-0.006910003417679514,-0.006910003417679514,0.00423723346200785,-1.9081958235744878e-17,0.0,0.0
2021-01-24,B7,0.006301115027530125,0.0707737231322137,0.0,-0.07707483815974382,-0.07707483815974382,-0.006301115027530127,-1.734723475976807e-18,0.0,0.0
2021-01-24,B8,0.006892292490118579,0.022333935134278386,0.0,-0.02922622762439698,-0.02922622762439698,-0.006892292490118593,-1.3877787807814457e-17,0.0,0.0
2021-01-24,B9,-0.004814898932545991,0.06866323925147455,0.0,-0.06384834031892855,-0.06384834031892855,0.004814898932545997,6.071532165918825e-18,0.0,0.0
2021-01-24,B10,-0.008751666431271843,-0.055630303098315334,0.0,0.06438196952958719,0.06438196952958719,0.008751666431271857,1.3877787807814457e-17,0.0,0.0
2021-01-31,B1,-0.025793848194668994,0.02200073827980805,0.0,0.0037931099148609364,0.0037931099148609364,0.025793848194668987,-6.938893903907228e-18,0.0,0.0
2021-01-31,B2,0.03150171893426075,-0.015823939157722212,0.0,-0.01567777977653856,-0.01567777977653856,-0.03150171893426077,-2.0816681711721685e-17,0.0,0.0
2021-01-31,B3,0.009218388480805084,-0.0275664620364398,0.0,0.018348073555634725,0.018348073555634725,-0.009218388480805074,1.0408340855860843e-17,0.0,0.0
2021-01-31,B4,-0.035912541612480364,-0.014385958674525174,0.0,0.05029850028700557,0.05029850028700557,0.03591254161248039,2.949029909160572e-17,0.0,0.0
2021-01-31,B5,0.014017437961099931,0.09529519459096926,0.0,-0.10931263255206917,-0.10931263255206917,-0.014017437961099916,1.5612511283791264e-17,0.0,0.0
2021-01-31,B6,-0.006416139199694613,-0.00019044031474970303,0.0,0.006606579514444318,0.006606579514444318,0.006416139199694615,2.4936649967166602e-18,0.0,0.0
2021-01-31,B7,-0.04172216672216672,-0.1438410074773711,0.0,0.1855631741995378,0.1855631741995378,0.04172216672216669,-2.7755575615628914e-17,0.0,0.0
2021-01-31,B8,0.03030166578699798,-0.021802061901285363,0.0,-0.008499603885712595,-0.008499603885712595,-0.03030166578699796,2.0816681711721685e-17,0.0,0.0
2021-01-31,B9,0.003529411764705885,-0.06181156098803157,0.0,0.0582821492233257,0.0582821492233257,-0.003529411764705871,1.3877787807814457e-17,0.0,0.0
2021-01-31,B10,0.055202673911482425,0.0020381500361422895,0.0,-0.05724082394762471,-0.05724082394762471,-0.055202673911482425,3.469446951953614e-18,0.0,0.0
2021-02-07,B1,0.04658195902620524,-0.07607036387143437,0.0,0.029488404845229115,0.029488404845229115,-0.04658195902620525,-1.734723475976807e-17,0.0,0.0
2021-02-07,B2,-0.008245666639204447,0.03592990646280404,0.0,-0.027684239823599598,-0.027684239823599598,0.008245666639204445,-1.734723475976807e-18,0.0,0.0
2021-02-07,B3,0.027000000000000003,0.011621984076529531,0.0,-0.03862198407652954,-0.03862198407652954,-0.027000000000000007,-3.469446951953614e-18,0.0,0.0
2021-02-07,B4,0.036128387150814595,0.005884585584453659,0.0,-0.042012972735268245,-0.042012972735268245,-0.03612838715081459,9.540979117872439e-18,0.0,0.0
2021-02-07,B5,-0.00707163207163207,-0.10057261208576997,0.0,0.10764424415740204,0.10764424415740204,0.00707163207163207,0.0,0.0,0.0
2021-02-07,B6,0.021594292714506053,-0.037853552562403026,0.0,0.01625925984789698,0.01625925984789698,-0.021594292714506046,6.938893903907228e-18,0.0,0.0
2021-02-07,B7,0.05950519708617662,0.062409008457207475,0.0,-0.12191420554338409,-0.12191420554338409,-0.05950519708617661,6.938893903907228e-18,0.0,0.0
2021-02-07,B8,-0.03898596535244115,0.04408474572451667,0.0,-0.0050987803720755325,-0.0050987803720755325,0.038985965352441136,-1.214306433183765e-17,0.0,0.0
2021-02-07,B9,0.051609577885529445,-0.02758165020275747,0.0,-0.024027927682771982,-0.024027927682771982,-0.05160957788552945,-6.938893903907228e-18,0.0,0.0
2021-02-07,B10,-0.026099523724322435,0.08193303423778463,0.0,-0.05583351051346219,-0.05583351051346219,0.026099523724322435,0.0,0.0,0.0
2021-02-21,B1,0.02407503908285565,0.004667919799498749,0.0,-0.028742958882354397,-0.028742958882354397,-0.02407503908285565,8.673617379884035e-19,0.0,0.0
2021-02-21,B2,-0.028338590117246244,0.01725221108126246,0.0,0.011086379035983782,0.011086379035983782,0.02833859011724624,-3.469446951953614e-18,0.0,0.0
2021-02-21,B3,-0.008072791233412986,0.006931311853591652,0.0,0.0011414793798213462,0.0011414793798213462,0.008072791233412998,1.214306433183765e-17,0.0,0.0
2021-02-21,B4,0.010357447158732784,0.03581918281847771,0.0,-0.04617662997721048,-0.04617662997721048,-0.010357447158732776,8.673617379884035e-18,0.0,0.0
2021-02-21,B5,-0.028187284906209874,0.06828090411517063,0.0,-0.04009361920896076,-0.04009361920896076,0.028187284906209864,-1.0408340855860843e-17,0.0,0.0
2021-02-21,B6,0.03626978601208532,-0.00881285067971748,0.0,-0.02745693533236783,-0.02745693533236783,-0.03626978601208531,6.938893903907228e-18,0.0,0.0
2021-02-21,B7,-0.04038347426197894,-0.007113187954309451,0.0,0.047496662216288385,0.047496662216288385,0.040383474261978934,-6.938893903907228e-18,0.0,0.0
2021-02-21,B8,0.0045221855476930955,-0.003443373966538983,0.0,-0.0010788115811541064,-0.0010788115811541064,-0.004522185547693089,6.071532165918825e-18,0.0,0.0
2021-02-21,B9,0.01681728924649018,0.05257333052400385,0.0,-0.06939061977049403,-0.06939061977049403,-0.01681728924649018,0.0,0.0,0.0
2021-02-21,B10,0.02730821221729964,-0.03319319437994356,0.0,0.005884982162643911,0.005884982162643911,-0.02730821221729965,-8.673617379884035e-18,0.0,0.0
2021-02-28,B1,0.012615344839234396,0.005965386154461787,0.0,-0.018580730993696178,-0.018580730993696178,-0.012615344839234391,5.204170427930421e-18,0.0,0.0
2021-02-28,B2,0.014197458697000958,-0.0076320883537850295,0.0,-0.006565370343215939,-0.006565370343215939,-0.014197458697000969,-1.0408340855860843e-17,0.0,0.0
2021-02-28,B3,0.00010522778720995895,-0.03751099017705554,0.0,0.03740576238984558,0.03740576238984558,-0.00010522778720995635,2.6020852139652106e-18,0.0,0.0
2021-02-28,B4,-0.03460670154218541,-0.022954999691972396,0.0,0.05756170123415784,0.05756170123415784,0.03460670154218544,3.122502256758253e-17,0.0,0.0
2021-02-28,B5,0.001346858647743605,-0.0355557865032663,0.0,0.03420892785552271,0.03420892785552271,-0.0013468586477435943,1.0842021724855044e-17,0.0,0.0
2021-02-28,B6,-0.06552196280174119,-0.004871784724970319,0.0,0.0703937475267115,0.0703937475267115,0.06552196280174118,-8.673617379884035e-18,0.0,0.0
2021-02-28,B7,0.0008574551484999242,-0.023975487978999822,0.0,0.0231180328304999,0.0231180328304999,-0.0008574551484999207,3.469446951953614e-18,0.0,0.0
2021-02-28,B8,0.027056557764650248,-0.01567133893723489,0.0,-0.011385218827415352,-0.011385218827415352,-0.02705655776465024,5.204170427930421e-18,0.0,0.0
2021-02-28,B9,0.019398227831962774,0.00302639127940333,0.0,-0.0224246191113661,-0.0224246191113661,-0.01939822783196277,3.469446951953614e-18,0.0,0.0
2021-02-28,B10,0.0224971543523311,0.012837837492022204,0.0,-0.035334991844353326,-0.035334991844353326,-0.02249715435233112,-2.2551405187698492e-17,0.0,0.0
2021-03-07,B1,-0.04936771810173346,0.0717196521864041,0.0,-0.022351934084670656,-0.022351934084670656,0.04936771810173344,-2.0816681711721685e-17,0.0,0.0
2021-03-07,B2,0.024456166214902236,-0.0250038491602325,0.0,0.0005476829453302695,0.0005476829453302695,-0.02445616621490223,6.830473686658678e-18,0.0,0.0
2021-03-07,B3,0.014673721340388007,0.022548500881834216,0.0,-0.037222222222222226,-0.037222222222222226,-0.01467372134038801,-3.469446951953614e-18,0.0,0.0
2021-03-07,B4,0.05545277706255852,0.011527058653254835,0.0,-0.06697983571581337,-0.06697983571581337,-0.055452777062558536,-1.0408340855860843e-17,0.0,0.0
2021-03-07,B5,0.02920353982300885,0.04390683063249435,0.0,-0.07311037045550317,-0.07311037045550317,-0.02920353982300882,2.7755575615628914e-17,0.0,0.0
2021-03-07,B6,0.019136787296396417,0.03881876039856495,0.0,-0.057955547694961355,-0.057955547694961355,-0.019136787296396403,1.3877787807814457e-17,0.0,0.0
2021-03-07,B7,-0.006161545077801233,-0.02750801470013293,0.0,0.03366955977793418,0.03366955977793418,0.0061615450778012455,1.214306433183765e-17,0.0,0.0
2021-03-07,B8,-0.031051112630059993,-0.009972920037508486,0.0,0.041024032667568475,0.041024032667568475,0.03105111263005999,-3.469446951953614e-18,0.0,0.0
2021-03-07,B9,0.005457505165545884,0.01327890078909306,0.0,-0.018736405954638942,-0.018736405954638942,-0.005457505165545882,1.734723475976807e-18,0.0,0.0
2021-03-07,B10,-0.05349055927362777,0.008591225955117937,0.0,0.04489933331850985,0.04489933331850985,0.05349055927362779,1.3877787807814457e-17,0.0,0.0
2021-03-14,B1,0.014319644319644319,-0.006254001254001249,0.0,-0.008065643065643061,-0.008065643065643061,-0.01431964431964431,8.673617379884035e-18,0.0,0.0
2021-03-14,B2,0.02204879703394135,-0.0010998780035282605,0.0,-0.020948919030413085,-0.020948919030413085,-0.022048797033941345,6.071532165918825e-18,0.0,0.0
2021-03-14,B3,0.014666279357094206,0.026741854791517278,0.0,-0.04140813414861148,-0.04140813414861148,-0.014666279357094206,0.0,0.0,0.0
2021-03-14,B4,-0.04043162985139839,-0.002096791649085745,0.0,0.04252842150048412,0.04252842150048412,0.04043162985139838,-1.474514954580286e-17,0.0,0.0
2021-03-14,B5,-0.052113828454114,-0.010992389365849616,0.0,0.06310621781996362,0.06310621781996362,0.052113828454114,3.469446951953614e-18,0.0,0.0
2021-03-14,B6,-0.01564190461973713,-0.025179886479147554,0.0,0.040821791098884674,0.040821791098884674,0.01564190461973712,-1.0408340855860843e-17,0.0,0.0
2021-03-14,B7,0.018927968570348248,0.02988274203514845,0.0,-0.0488107106054967,-0.0488107106054967,-0.01892796857034825,-3.469446951953614e-18,0.0,0.0
2021-03-14,B8,0.008174988644442598,0.009346071321201976,0.0,-0.01752105996564457,-0.01752105996564457,-0.008174988644442594,3.469446951953614e-18,0.0,0.0
2021-03-14,B9,-0.009318941927637582,-0.04394699503395156,0.0,0.05326593696158915,0.05326593696158915,0.009318941927637589,6.938893903907228e-18,0.0,0.0
2021-03-14,B10,0.03324178263326338,0.031143545404740614,0.0,-0.06438532803800397,-0.06438532803800397,-0.033241782633263356,2.42861286636753e-17,0.0,0.0
2021-03-21,B1,0.020078468298807287,-0.026465227333871407,0.0,0.006386759035064103,0.006386759035064103,-0.020078468298807304,-1.734723475976807e-17,0.0,0.0
2021-03-21,B2,-0.017872935840378898,-0.04260545785446056,0.0,0.060478393694839455,0.060478393694839455,0.017872935840378898,0.0,0.0,0.0
2021-03-21,B3,0.012395350077320965,-0.04203967365221565,0.0,0.029644323574894677,0.029644323574894677,-0.012395350077320972,-6.938893903907228e-18,0.0,0.0
2021-03-21,B4,0.01292562729055538,-0.013313794928766332,0.0,0.0003881676382109472,0.0003881676382109472,-0.012925627290555384,-3.903127820947816e-18,0.0,0.0
2021-03-21,B5,-0.0015574151557415164,0.06084696335742361,0.0,-0.0592895482016821,-0.0592895482016821,0.0015574151557415095,-6.938893903907228e-18,0.0,0.0
2021-03-21,B6,0.021403278865965433,-0.022119940590089843,0.0,0.0007166617241244075,0.0007166617241244075,-0.021403278865965436,-2.6020852139652106e-18,0.0,0.0
2021-03-21,B7,-0.00046970573286362564,0.02761741182793814,0.0,-0.027147706095074494,-0.027147706095074494,0.0004697057328636456,1.9949319973733282e-17,0.0,0.0
2021-03-21,B8,-0.024140174679461595,0.03438396482992438,0.0,-0.010243790150462773,-0.010243790150462773,0.02414017467946161,1.3877787807814457e-17,0.0,0.0
2021-03-21,B9,0.0010877581120943957,0.01675884955752212,0.0,-0.017846607669616526,-0.017846607669616526,-0.0010877581120944044,-8.673617379884035e-18,0.0,0.0
2021-03-21,B10,-0.055364818080867476,-0.028416498910326063,0.0,0.08378131699119352,0.08378131699119352,0.05536481808086746,-1.3877787807814457e-17,0.0,0.0
2021-03-28,B1,-0.02267600742769498,0.02510759617989481,0.0,-0.002431588752199832,-0.002431588752199832,0.022676007427694978,-3.469446951953614e-18,0.0,0.0
2021-03-28,B2,0.004445394382698458,0.07040284167243417,0.0,-0.0748482360551326,-0.0748482360551326,-0.004445394382698434,2.42861286636753e-17,0.0,0.0
2021-03-28,B3,-0.008169029306924116,0.013632259229549864,0.0,-0.005463229922625736,-0.005463229922625736,0.008169029306924128,1.214306433183765e-17,0.0,0.0
2021-03-28,B4,0.006227489625896986,0.01830858932338303,0.0,-0.02453607894928001,-0.02453607894928001,-0.006227489625896983,3.469446951953614e-18,0.0,0.0
2021-03-28,B5,0.0006076874383735349,-0.05684768809052417,0.0,0.05624000065215064,0.05624000065215064,-0.0006076874383735345,4.336808689942018e-19,0.0,0.0
2021-03-28,B6,0.035801400304938565,-0.06008595663145642,0.0,0.024284556326517836,0.024284556326517836,-0.035801400304938585,-1.734723475976807e-17,0.0,0.0
2021-03-28,B7,0.003703703703703704,-0.03683333333333334,0.0,0.03312962962962963,0.03312962962962963,-0.003703703703703716,-1.214306433183765e-17,0.0,0.0
2021-03-28,B8,0.028483924878459806,0.0073734002072271,0.0,-0.035857325085686925,-0.035857325085686925,-0.028483924878459826,-1.9949319973733282e-17,0.0,0.0
2021-03-28,B9,0.014927580922478877,0.01905294535396576,0.0,-0.03398052627644465,-0.03398052627644465,-0.014927580922478888,-1.0408340855860843e-17,0.0,0.0
2021-03-28,B10,-0.020428271433106243,-0.016779934189960058,0.0,0.03720820562306632,0.03720820562306632,0.020428271433106264,2.0816681711721685e-17,0.0,0.0
2021-04-11,B1,0.013656416724275314,0.004514253523802495,0.0,-0.018170670248077794,-0.018170670248077794,-0.0136564167242753,1.474514954580286e-17,0.0,0.0
2021-04-11,B2,0.01196164695420569,-0.024606074639763574,0.0,0.012644427685557883,0.012644427685557883,-0.011961646954205691,-1.734723475976807e-18,0.0,0.0
2021-04-11,B3,0.013588513286337624,-0.0120549241366955,0.0,-0.0015335891496421148,-0.0015335891496421148,-0.013588513286337615,8.673617379884035e-18,0.0,0.0
2021-04-11,B4,-0.030373333984264367,-0.05866045657034597,0.0,0.08903379055461037,0.08903379055461037,0.0303733339842644,3.469446951953614e-17,0.0,0.0
2021-04-11,B5,-0.022249036742448824,0.017399575032469174,0.0,0.004849461709979663,0.004849461709979663,0.02224903674244884,1.214306433183765e-17,0.0,0.0
2021-04-11,B6,-0.0020933979012589176,-0.013942712272577568,0.0,0.016036110173836497,0.016036110173836497,0.002093397901258929,1.1275702593849246e-17,0.0,0.0
2021-04-11,B7,0.011345387298302097,0.004143875556431608,0.0,-0.015489262854733702,-0.015489262854733702,-0.011345387298302093,2.6020852139652106e-18,0.0,0.0
2021-04-11,B8,-0.004754900166668472,-0.020231859540687958,0.0,0.024986759707356428,0.024986759707356428,0.00475490016666847,-1.734723475976807e-18,0.0,0.0
2021-04-11,B9,-0.005535426731078905,-0.015999424890729242,0.0,0.021534851621808154,0.021534851621808154,0.005535426731078912,6.938893903907228e-18,0.0,0.0
2021-04-11,B10,-0.008817315159990739,-0.031911088567435325,0.0,0.04072840372742605,0.04072840372742605,0.008817315159990728,-1.0408340855860843e-17,0.0,0.0
2021-04-18,B1,-0.025582032166847367,-0.032762750739665066,0.0,0.05834478290651241,0.05834478290651241,0.025582032166847346,-2.0816681711721685e-17,0.0,0.0
2021-04-18,B2,-0.01575338104815302,0.007388698223753045,0.0,0.00836468282439998,0.00836468282439998,0.015753381048153027,5.204170427930421e-18,0.0,0.0
2021-04-18,B3,-0.02061772549170622,-0.003921816384751883,0.0,0.024539541876458106,0.024539541876458106,0.02061772549170622,1.734723475976807e-18,0.0,0.0
2021-04-18,B4,0.021167722704054884,0.014670396500846328,0.0,-0.03583811920490123,-0.03583811920490123,-0.0211677227040549,-1.734723475976807e-17,0.0,0.0
2021-04-18,B5,0.018340943683409435,0.041439715155468584,0.0,-0.05978065883887801,-0.05978065883887801,-0.018340943683409425,1.0408340855860843e-17,0.0,0.0
2021-04-18,B6,-0.03362108531887818,0.03752202016208807,0.0,-0.0039009348432098977,-0.0039009348432098977,0.03362108531887817,-1.214306433183765e-17,0.0,0.0
2021-04-18,B7,-0.018655993855497436,-0.01783931812289345,0.0,0.03649531197839087,0.03649531197839087,0.018655993855497422,-1.3877787807814457e-17,0.0,0.0
2021-04-18,B8,0.0066662306825822455,0.019541926244361952,0.0,-0.026208156926944188,-0.026208156926944188,-0.006666230682582236,9.540979117872439e-18,0.0,0.0
2021-04-18,B9,-0.016613032001395446,-0.010569256744803149,0.0,0.027182288746198605,0.027182288746198605,0.016613032001395456,1.0408340855860843e-17,0.0,0.0
2021-04-18,B10,-0.006845886924215906,-0.0002945966131344697,0.0,0.00714048353735039,0.00714048353735039,0.006845886924215921,1.474514954580286e-17,0.0,0.0
2021-04-25,B1,0.0022678870663008126,-0.04009960811018313,0.0,0.0378317210438823,0.0378317210438823,-0.002267887066300829,-1.6479873021779667e-17,0.0,0.0
2021-04-25,B2,-0.01610936267908234,-0.03292588357054297,0.0,0.049035246249625325,0.049035246249625325,0.016109362679082355,1.3877787807814457e-17,0.0,0.0
2021-04-25,B3,-0.01738781845868305,-0.01763483917056756,0.0,0.0350226576292506,0.0350226576292506,0.017387818458683042,-6.938893903907228e-18,0.0,0.0
2021-04-25,B4,-0.005234657697711887,0.03085359723290757,0.0,-0.025618939535195687,-0.025618939535195687,0.005234657697711885,-1.734723475976807e-18,0.0,0.0
2021-04-25,B5,0.010292079462039937,-0.06479304621597111,0.0,0.054500966753931165,0.054500966753931165,-0.010292079462039944,-6.938893903907228e-18,0.0,0.0
2021-04-25,B6,-0.011919683311147497,0.011326456383201905,0.0,0.0005932269279456043,0.0005932269279456043,0.01191968331114751,1.1926223897340549e-17,0.0,0.0
2021-04-25,B7,-0.045192307692307684,-0.001521114953564183,0.0,0.04671342264587189,0.04671342264587189,0.045192307692307705,2.0816681711721685e-17,0.0,0.0
2021-04-25,B8,0.005997298305431842,-0.037518225022526955,0.0,0.031520926717095124,0.031520926717095124,-0.005997298305431831,1.1275702593849246e-17,0.0,0.0
2021-04-25,B9,-0.0032350948509485087,0.010110248829761026,0.0,-0.006875153978812511,-0.006875153978812511,0.0032350948509485148,6.071532165918825e-18,0.0,0.0
2021-04-25,B10,0.014985254215892804,0.0017323565625196055,0.0,-0.016717610778412422,-0.016717610778412422,-0.014985254215892817,-1.3010426069826053e-17,0.0,0.0
2021-05-02,B1,0.0169575665591602,0.05501109116646965,0.0,-0.07196865772562983,-0.07196865772562983,-0.016957566559160177,2.42861286636753e-17,0.0,0.0
2021-05-02,B2,-0.005070954049812101,-0.023116625079806448,0.0,0.02818757912961853,0.02818757912961853,0.005070954049812081,-2.0816681711721685e-17,0.0,0.0
2021-05-02,B3,-0.019447775394066964,0.06480149969067274,0.0,-0.045353724296605794,-0.045353724296605794,0.019447775394066946,-1.734723475976807e-17,0.0,0.0
2021-05-02,B4,0.012382146490633112,-0.011646863274685185,0.0,-0.000735283215947934,-0.000735283215947934,-0.01238214649063312,-6.288372600415926e-18,0.0,0.0
2021-05-02,B5,0.03164053087833576,-0.013095238095238096,0.0,-0.018545292783097644,-0.018545292783097644,-0.03164053087833574,1.9081958235744878e-17,0.0,0.0
2021-05-02,B6,0.03641156213619983,-0.006577145345261288,0.0,-0.029834416790938522,-0.029834416790938522,-0.03641156213619981,2.0816681711721685e-17,0.0,0.0
2021-05-02,B7,0.02876845969794688,0.03029539904539904,0.0,-0.05906385874334592,-0.05906385874334592,-0.028768459697946884,-3.469446951953614e-18,0.0,0.0
2021-05-02,B8,-0.021106860287651255,0.022334305159163913,0.0,-0.0012274448715126653,-0.0012274448715126653,0.021106860287651248,-6.938893903907228e-18,0.0,0.0
2021-05-02,B9,-0.017122017497957345,0.001245673708079723,0.0,0.015876343789877637,0.015876343789877637,0.01712201749795736,1.431146867680866e-17,0.0,0.0
2021-05-02,B10,-0.008607709171696048,-0.014276813902531698,0.0,0.022884523074227774,0.022884523074227774,0.008607709171696076,2.7755575615628914e-17,0.0,0.0
2021-05-09,B1,-0.030534586940836946,0.014884374204227148,0.0,0.01565021273660979,0.01565021273660979,0.03053458694083694,-6.938893903907228e-18,0.0,0.0
2021-05-09,B2,-0.02934090854543527,0.04214558536604078,0.0,-0.012804676820605525,-0.012804676820605525,0.029340908545435255,-1.3877787807814457e-17,0.0,0.0
2021-05-09,B3,0.01977504921466596,-0.0013383666904165964,0.0,-0.018436682524249376,-0.018436682524249376,-0.019775049214665972,-1.0842021724855044e-17,0.0,0.0
2021-05-09,B4,0.0033246829379888175,0.01400173162172905,0.0,-0.017326414559717857,-0.017326414559717857,-0.003324682937988807,1.0408340855860843e-17,0.0,0.0
2021-05-09,B5,-0.033658301042290596,0.03170448753514242,0.0,0.001953813507148172,0.001953813507148172,0.03365830104229059,-4.336808689942018e-18,0.0,0.0
2021-05-09,B6,0.009400205554877951,-0.01231678824947711,0.0,0.002916582694599163,0.002916582694599163,-0.009400205554877947,4.336808689942018e-18,0.0,0.0
2021-05-09,B7,-0.01125947973774061,-0.0333011665985804,0.0,0.04456064633632101,0.04456064633632101,0.011259479737740608,-1.734723475976807e-18,0.0,0.0
2021-05-09,B8,0.010982662709935434,0.010686452543595397,0.0,-0.021669115253530834,-0.021669115253530834,-0.010982662709935438,-3.469446951953614e-18,0.0,0.0
2021-05-09,B9,0.003367399849030041,-0.04185827278077829,0.0,0.03849087293174826,0.03849087293174826,-0.003367399849030034,6.938893903907228e-18,0.0,0.0
2021-05-09,B10,0.002826356119039053,-0.004820255996726576,0.0,0.001993899877687536,0.001993899877687536,-0.0028263561190390403,1.2576745200831851e-17,0.0,0.0
2021-05-16,B1,-0.011012936726965824,-0.017304746859090718,0.0,0.028317683586056547,0.028317683586056547,0.011012936726965829,5.204170427930421e-18,0.0,0.0
2021-05-16,B2,-0.00447464950837251,0.008029681735635369,0.0,-0.0035550322272628583,-0.0035550322272628583,0.004474649508372511,8.673617379884035e-19,0.0,0.0
2021-05-16,B3,-0.04683256701890241,0.008276655784011131,0.0,0.03855591123489129,0.03855591123489129,0.04683256701890243,1.0408340855860843e-17,0.0,0.0
2021-05-16,B4,0.000505900440455414,0.02963037883194952,0.0,-0.030136279272404944,-0.030136279272404944,-0.0005059004404554257,-1.1709383462843448e-17,0.0,0.0
2021-05-16,B5,0.0007471134589101345,-0.019099632606665855,0.0,0.01835251914775573,0.01835251914775573,-0.0007471134589101258,8.673617379884035e-18,0.0,0.0
2021-05-16,B6,-0.0002691039986121983,-0.004531941191777259,0.0,0.004801045190389444,0.004801045190389444,0.00026910399861218483,-1.3444106938820255e-17,0.0,0.0
2021-05-16,B7,-0.07159321408814309,0.03304034257381113,0.0,0.03855287151433197,0.03855287151433197,0.07159321408814309,6.938893903907228e-18,0.0,0.0
2021-05-16,B8,-0.024296894061386812,-5.014778565508738e-06,0.0,0.024301908839952303,0.024301908839952303,0.024296894061386794,-1.7780915628762273e-17,0.0,0.0
2021-05-16,B9,-0.019879528775346815,0.037421119409380595,0.0,-0.01754159063403377,-0.01754159063403377,0.019879528775346825,1.0408340855860843e-17,0.0,0.0
2021-05-16,B10,0.01253808982888877,-0.0032304482228753427,0.0,-0.009307641606013436,-0.009307641606013436,-0.01253808982888878,-7.806255641895632e-18,0.0,0.0
2021-05-23,B1,0.013811786020523888,-0.03062816363787237,0.0,0.016816377617348482,0.016816377617348482,-0.013811786020523888,0.0,0.0,0.0
2021-05-23,B2,-0.00361317839133671,0.009296554861667333,0.0,-0.005683376470330613,-0.005683376470330613,0.00361317839133672,9.974659986866641e-18,0.0,0.0
2021-05-23,B3,0.03936980985226599,-0.0553310448485887,0.0,0.015961234996322734,0.015961234996322734,-0.03936980985226597,2.42861286636753e-17,0.0,0.0
2021-05-23,B4,0.01734972449083191,0.01676975856090729,0.0,-0.03411948305173919,-0.03411948305173919,-0.0173497244908319,1.0408340855860843e-17,0.0,0.0
2021-05-23,B5,-0.020714131905992368,0.03880800578854168,0.0,-0.018093873882549325,-0.018093873882549325,0.020714131905992358,-1.0408340855860843e-17,0.0,0.0
2021-05-23,B6,-0.025466684969353923,0.020186898555356207,0.0,0.005279786413997722,0.005279786413997722,0.02546668496935393,6.071532165918825e-18,0.0,0.0
2021-05-23,B7,0.04922261254228467,-0.0723704687844032,0.0,0.02314785624211855,0.02314785624211855,-0.049222612542284654,1.3877787807814457e-17,0.0,0.0
2021-05-23,B8,5.9253537746726485e-05,0.004282958929632723,0.0,-0.004342212467379434,-0.004342212467379434,-5.925353774671044e-05,1.6046192152785466e-17,0.0,0.0
2021-05-23,B9,-0.016456869112123164,0.02723631454645843,0.0,-0.010779445434335263,-0.010779445434335263,0.01645686911212317,5.204170427930421e-18,0.0,0.0
2021-05-23,B10,-0.023309454657377094,-0.02389030992292464,0.0,0.04719976458030174,0.04719976458030174,0.0233094546573771,6.938893903907228e-18,0.0,0.0
2021-05-30,B1,-0.01443632458483943,0.0036442671884924557,0.0,0.010792057396346977,0.010792057396346977,0.014436324584839432,1.734723475976807e-18,0.0,0.0
2021-05-30,B2,-0.04593867251820997,0.019799736625540968,0.0,0.026138935892668993,0.026138935892668993,0.04593867251820996,-6.938893903907228e-18,0.0,0.0
2021-05-30,B3,-0.03127721898080206,0.016975433180644903,0.0,0.014301785800157112,0.014301785800157112,0.03127721898080202,-4.5102810375396984e-17,0.0,0.0
2021-05-30,B4,0.010756145701477916,0.005137865903214936,0.0,-0.015894011604692847,-0.015894011604692847,-0.010756145701477912,4.336808689942018e-18,0.0,0.0
2021-05-30,B5,0.00869953517589557,-0.03460855808234724,0.0,0.025909022906451674,0.025909022906451674,-0.008699535175895563,6.938893903907228e-18,0.0,0.0
2021-05-30,B6,-0.017242168128692954,0.004095723880871983,0.0,0.013146444247820969,0.013146444247820969,0.01724216812869295,-2.6020852139652106e-18,0.0,0.0
2021-05-30,B7,-0.07190284118611764,0.010901027077497667,0.0,0.06100181410861995,0.06100181410861995,0.07190284118611762,-2.949029909160572e-17,0.0,0.0
2021-05-30,B8,-0.02414197676548716,-0.04589853869015254,0.0,0.0700405154556397,0.0700405154556397,0.024141976765487162,3.469446951953614e-18,0.0,0.0
2021-05-30,B9,0.0016598448707072248,-0.039375164937673894,0.0,0.037715320066966665,0.037715320066966665,-0.0016598448707072291,-4.336808689942018e-18,0.0,0.0
2021-05-30,B10,0.036226660842218844,0.012495095929026999,0.0,-0.048721756771245836,-0.048721756771245836,-0.03622666084221884,6.938893903907228e-18,0.0,0.0
2021-06-06,B1,0.0700121255486,-0.055749937036218014,0.0,-0.014262188512382016,-0.014262188512382016,-0.07001212554860003,-3.642919299551295e-17,0.0,0.0
2021-06-06,B2,0.001448201448201447,0.010205528387346566,0.0,-0.011653729835548007,-0.011653729835548007,-0.001448201448201441,6.071532165918825e-18,0.0,0.0
2021-06-06,B3,-0.027806140199680897,0.03446595864826452,0.0,-0.006659818448583607,-0.006659818448583607,0.027806140199680918,1.9081958235744878e-17,0.0,0.0
2021-06-06,B4,-0.05520989694066618,-0.018589807628269162,0.0,0.07379970456893534,0.07379970456893534,0.05520989694066618,-3.469446951953614e-18,0.0,0.0
2021-06-06,B5,-0.019389526237723293,-0.04892338045624884,0.0,0.06831290669397215,0.06831290669397215,0.01938952623772331,1.734723475976807e-17,0.0,0.0
2021-06-06,B6,-0.008625994480669882,-0.003953998541550657,0.0,0.01257999302222055,0.01257999302222055,0.008625994480669892,1.0408340855860843e-17,0.0,0.0
2021-06-06,B7,0.0055776873399824255,0.009482434687352721,0.0,-0.01506012202733513,-0.01506012202733513,-0.005577687339982408,1.734723475976807e-17,0.0,0.0
2021-06-06,B8,0.005857830339588558,0.01964295852531519,0.0,-0.025500788864903756,-0.025500788864903756,-0.005857830339588567,-8.673617379884035e-18,0.0,0.0
2021-06-06,B9,-0.01663145349152175,0.023476599244517334,0.0,-0.006845145752995585,-0.006845145752995585,0.01663145349152175,-1.734723475976807e-18,0.0,0.0
2021-06-06,B10,-0.019483146438352257,-0.04750247532935183,0.0,0.0669856217677041,0.0669856217677041,0.01948314643835227,1.3877787807814457e-17,0.0,0.0
2021-06-13,B1,-0.007145480090685566,-0.02294360890251301,0.0,0.030089088993198593,0.030089088993198593,0.007145480090685583,1.734723475976807e-17,0.0,0.0
2021-06-13,B2,0.0032666497566197716,-0.0535405071760676,0.0,0.050273857419447815,0.050273857419447815,-0.003266649756619784,-1.2576745200831851e-17,0.0,0.0
2021-06-13,B3,0.01714215309779826,-0.06467100148954988,0.0,0.04752884839175162,0.04752884839175162,-0.017142153097798256,3.469446951953614e-18,0.0,0.0
2021-06-13,B4,-0.008213144152636052,0.01287649330101665,0.0,-0.004663349148380603,-0.004663349148380603,0.008213144152636048,-4.336808689942018e-18,0.0,0.0
2021-06-13,B5,-0.0008082174236020397,0.003373908143138913,0.0,-0.0025656907195368726,-0.0025656907195368726,0.0008082174236020406,8.673617379884035e-19,0.0,0.0
2021-06-13,B6,0.0003191597562501314,0.025641819345499788,0.0,-0.025960979101749927,-0.025960979101749927,-0.0003191597562501383,-6.938893903907228e-18,0.0,0.0
2021-06-13,B7,-0.0035901250895464844,0.00653768037219848,0.0,-0.0029475552826519836,-0.0029475552826519836,0.0035901250895464965,1.214306433183765e-17,0.0,0.0
2021-06-13,B8,0.0017012853389432418,-0.019125089479431756,0.0,0.01742380414048851,0.01742380414048851,-0.0017012853389432453,-3.469446951953614e-18,0.0,0.0
2021-06-13,B9,0.01843282616663912,-0.016568563331153252,0.0,-0.0018642628354858565,-0.0018642628354858565,-0.018432826166639108,9.974659986866641e-18,0.0,0.0
2021-06-13,B10,0.02073044402065013,0.022047192063740884,0.0,-0.04277763608439102,-0.04277763608439102,-0.02073044402065014,-6.938893903907228e-18,0.0,0.0
2021-06-20,B1,0.0026170554155628793,0.001840499881544655,0.0,-0.004457555297107538,-0.004457555297107538,-0.0026170554155628837,-4.119968255444917e-18,0.0,0.0
2021-06-20,B2,-0.014840230532208494,0.002885705843452324,0.0,0.01195452468875616,0.01195452468875616,0.014840230532208485,-8.673617379884035e-18,0.0,0.0
2021-06-20,B3,-0.02009836798569193,0.030605832076420317,0.0,-0.010507464090728398,-0.010507464090728398,0.02009836798569192,-1.0408340855860843e-17,0.0,0.0
2021-06-20,B4,0.0036245952627972917,0.034619286040217676,0.0,-0.038243881303014975,-0.038243881303014975,-0.003624595262797299,-7.37257477290143e-18,0.0,0.0
2021-06-20,B5,-0.005774938701767975,0.07963124274099884,0.0,-0.0738563040392309,-0.0738563040392309,0.005774938701767943,-3.209238430557093e-17,0.0,0.0
2021-06-20,B6,-0.005846038003818379,0.006625953391789925,0.0,-0.0007799153879715446,-0.0007799153879715446,0.00584603800381838,8.673617379884035e-19,0.0,0.0
2021-06-20,B7,-0.009654062751407885,-0.019985250737463125,0.0,0.029639313488871007,0.029639313488871007,0.009654062751407882,-3.469446951953614e-18,0.0,0.0
2021-06-20,B8,0.02090483660665816,0.06885983511332609,0.0,-0.08976467171998424,-0.08976467171998424,-0.02090483660665815,1.0408340855860843e-17,0.0,0.0
2021-06-20,B9,-0.0324755721686668,0.0077267792357306395,0.0,0.02474879293293617,0.02474879293293617,0.03247557216866681,1.3877787807814457e-17,0.0,0.0
2021-06-20,B10,0.009380274062318944,-0.015379210703400238,0.0,0.005998936641081273,0.005998936641081273,-0.009380274062318965,-2.0816681711721685e-17,0.0,0.0
2021-06-27,B1,-0.021734133892460213,-0.030624524993742824,0.0,0.05235865888620304,0.05235865888620304,0.021734133892460213,0.0,0.0,0.0
2021-06-27,B2,0.013298066974537563,-0.013983626483626487,0.0,0.0006855595090889195,0.0006855595090889195,-0.013298066974537568,-4.7704895589362195e-18,0.0,0.0
2021-06-27,B3,0.012443906675852821,-0.019125332711624032,0.0,0.0066814260357712,0.0066814260357712,-0.012443906675852833,-1.1275702593849246e-17,0.0,0.0
2021-06-27,B4,0.01964759641870181,-0.04711608545753347,0.0,0.027468489038831683,0.027468489038831683,-0.01964759641870179,2.0816681711721685e-17,0.0,0.0
2021-06-27,B5,0.03643502287562611,-0.006026665811479286,0.0,-0.030408357064146806,-0.030408357064146806,-0.03643502287562609,1.8214596497756474e-17,0.0,0.0
2021-06-27,B6,-0.002951113031705136,0.007572651033177345,0.0,-0.004621538001472216,-0.004621538001472216,0.002951113031705129,-6.938893903907228e-18,0.0,0.0
2021-06-27,B7,0.026106975680146416,0.018980044345897996,0.0,-0.045087020026044415,-0.045087020026044415,-0.02610697568014642,-3.469446951953614e-18,0.0,0.0
2021-06-27,B8,-0.030331092877410613,-0.027414894966423457,0.0,0.05774598784383407,0.05774598784383407,0.030331092877410613,0.0,0.0,0.0
2021-06-27,B9,-0.005252830735581271,0.04296108507234385,0.0,-0.03770825433676257,-0.03770825433676257,0.0052528307355812764,5.204170427930421e-18,0.0,0.0
2021-06-27,B10,-0.039301609963579474,0.020063838886549033,0.0,0.019237771077030452,0.019237771077030452,0.03930160996357948,1.0408340855860843e-17,0.0,0.0
2021-07-11,B1,-0.04166210135183719,-0.03982193508197911,0.0,0.08148403643381633,0.08148403643381633,0.04166210135183722,2.7755575615628914e-17,0.0,0.0
2021-07-11,B2,-0.016641873060298972,-0.025644259589682306,0.0,0.04228613264998128,0.04228613264998128,0.016641873060298976,3.469446951953614e-18,0.0,0.0
2021-07-11,B3,-0.023715464033269004,-0.03354229224738503,0.0,0.05725775628065405,0.05725775628065405,0.023715464033269018,1.3877787807814457e-17,0.0,0.0
2021-07-11,B4,0.043568743035742756,-0.010044104970927382,0.0,-0.033524638064815385,-0.033524638064815385,-0.04356874303574276,-1.0408340855860843e-17,0.0,0.0
2021-07-11,B5,-0.0020817293388476666,0.014554399194548,0.0,-0.012472669855700332,-0.012472669855700332,0.002081729338847668,1.3010426069826053e-18,0.0,0.0
2021-07-11,B6,0.023848272586219268,-0.03673230699889804,0.0,0.012884034412678767,0.012884034412678767,-0.02384827258621927,-5.204170427930421e-18,0.0,0.0
2021-07-11,B7,0.010109742645974529,0.01483973621654781,0.0,-0.024949478862522335,-0.024949478862522335,-0.010109742645974525,3.469446951953614e-18,0.0,0.0
2021-07-11,B8,-0.06056404519484209,-0.056242898896342944,0.0,0.11680694409118503,0.11680694409118503,0.060564045194842084,-6.938893903907228e-18,0.0,0.0
2021-07-11,B9,-0.01607744107744107,-0.01866281866281866,0.0,0.034740259740259745,0.034740259740259745,0.016077441077441086,1.734723475976807e-17,0.0,0.0
2021-07-11,B10,0.030113809514290935,-0.003987059653149621,0.0,-0.026126749861141302,-0.026126749861141302,-0.03011380951429092,1.214306433183765e-17,0.0,0.0
2021-07-18,B1,0.02889903103718893,0.00785062403483456,0.0,-0.03674965507202351,-0.03674965507202351,-0.028899031037188952,-2.0816681711721685e-17,0.0,0.0
2021-07-18,B2,-0.026702642185400815,0.011299340506237057,0.0,0.015403301679163735,0.015403301679163735,0.02670264218540079,-2.2551405187698492e-17,0.0,0.0
2021-07-18,B3,-0.005880969183721477,0.007426823940585411,0.0,-0.001545854756863922,-0.001545854756863922,0.005880969183721489,1.1709383462843448e-17,0.0,0.0
2021-07-18,B4,0.006712498582417283,0.009712494671844263,0.0,-0.01642499325426155,-0.01642499325426155,-0.006712498582417289,-6.071532165918825e-18,0.0,0.0
2021-07-18,B5,-0.019952969946984204,-0.01782439546873349,0.0,0.03777736541571769,0.03777736541571769,0.0199529699469842,-3.469446951953614e-18,0.0,0.0
2021-07-18,B6,-0.03201389994868256,-0.0023566208348817052,0.0,0.03437052078356427,0.03437052078356427,0.03201389994868257,3.903127820947816e-18,0.0,0.0
2021-07-18,B7,-0.01920731707317074,-0.0394241192411924,0.0,0.05863143631436315,0.05863143631436315,0.01920731707317075,1.0408340855860843e-17,0.0,0.0
2021-07-18,B8,0.022685868703567817,0.015730434756983422,0.0,-0.03841630346055124,-0.03841630346055124,-0.02268586870356782,-3.469446951953614e-18,0.0,0.0
2021-07-18,B9,0.05994127643154615,-0.012815180722316258,0.0,-0.047126095709229904,-0.047126095709229904,-0.05994127643154616,-1.3877787807814457e-17,0.0,0.0
2021-07-18,B10,0.02908410575347163,0.03741861587881272,0.0,-0.06650272163228436,-0.06650272163228436,-0.029084105753471645,-1.3877787807814457e-17,0.0,0.0
2021-07-25,B1,-0.023181257148648444,0.06212290125333605,0.0,-0.0389416441046876,-0.0389416441046876,0.023181257148648444,0.0,0.0,0.0
2021-07-25,B2,-0.0018386092041698474,0.02592043411721684,0.0,-0.024081824913046987,-0.024081824913046987,0.0018386092041698526,5.204170427930421e-18,0.0,0.0
2021-07-25,B3,-0.017766770618481642,0.05929469769773953,0.0,-0.04152792707925789,-0.04152792707925789,0.017766770618481642,0.0,0.0,0.0
2021-07-25,B4,-0.02924527501007764,0.030737927902338334,0.0,-0.0014926528922606748,-0.0014926528922606748,0.02924527501007766,1.8214596497756474e-17,0.0,0.0
2021-07-25,B5,0.031544366380431954,-0.0074014441842310714,0.0,-0.024142922196200872,-0.024142922196200872,-0.03154436638043194,1.0408340855860843e-17,0.0,0.0
2021-07-25,B6,0.009160636111855625,0.0076214796946504244,0.0,-0.016782115806506053,-0.016782115806506053,-0.009160636111855629,-3.469446951953614e-18,0.0,0.0
2021-07-25,B7,0.04766721650442581,0.021262458471760795,0.02369878183831672,-0.09262845681450331,-0.06892967497618659,-0.07136599834274251,1.734723475976807e-17,0.0,0.0
2021-07-25,B8,0.008244270956936367,-0.04798053608795296,0.0997084071642061,-0.05997214203318949,0.039736265131016614,-0.10795267812114245,1.9081958235744878e-17,0.0,0.0
2021-07-25,B9,-0.03538559422348485,-0.022529987373737376,0.14635656227453103,-0.08844098067730881,0.057915581597222224,-0.11097096805104618,0.0,0.0,0.0
2021-07-25,B10,-0.02401268873736117,-0.0939210856377398,0.12415765057124162,-0.006223876196140675,0.11793377437510094,-0.10014496183388048,-3.2959746043559335e-17,0.0,0.0
2021-08-01,B1,-0.035235943817179524,-0.1020150711226226,0.20571914736674463,-0.06846813242694248,0.13725101493980213,-0.1704832035495651,1.3877787807814457e-17,0.0,0.0
2021-08-01,B2,0.015113957643976283,-0.03424257042119132,0.04555706224104919,-0.02642844946383414,0.01912861277721505,-0.06067101988502546,1.3877787807814457e-17,0.0,0.0
2021-08-01,B3,0.03910687759952466,-0.038876015052485634,0.07155723905723906,-0.07178810160427809,-0.0002308625470390374,-0.11066411665676373,-1.3877787807814457e-17,0.0,0.0
2021-08-01,B4,0.03177172609824144,-0.04603050721347053,0.06566765216989713,-0.05140887105466803,0.014258781115229102,-0.09743937826813856,1.3877787807814457e-17,0.0,0.0
2021-08-01,B5,0.044527324771993324,-0.02376510633247284,0.11306289639898501,-0.13382511483850548,-0.020762218439520475,-0.15759022117097832,1.0408340855860843e-17,0.0,0.0
2021-08-01,B6,-0.016792630957987362,-0.030230980041019914,0.06342116202041702,-0.016397551021409742,0.04702361099900727,-0.04662853106242966,0.0,0.0,0.0
2021-08-01,B7,-0.02998014171363228,-0.024747049334313487,0.05019449889732909,0.004532692150616675,0.05472719104794577,-0.02021435718369681,-1.734723475976807e-18,0.0,0.0
2021-08-01,B8,-0.004978621495649359,-0.008067113612779245,0.018468657733363623,-0.005422922624935022,0.0130457351084286,-0.013490036237714267,-3.469446951953614e-18,0.0,0.0
2021-08-01,B9,0.05004633048111311,-0.035046716568455705,-0.04596014492753623,0.030960531014878848,-0.014999613912657382,-0.004086185553576857,2.0816681711721685e-17,0.0,0.0
2021-08-01,B10,0.036186416733132346,0.0007179008258639203,-0.04306798975117309,0.0061636721921768355,-0.03690431755899626,0.006881573018040756,1.1275702593849246e-17,0.0,0.0
2021-08-08,B1,-0.039240530974401944,-0.006007030603804794,-0.0005254490133522385,0.045773010591559,0.04524756157820676,0.039765979987754205,2.2551405187698492e-17,0.0,0.0
2021-08-08,B2,-0.022344701066785405,0.004850622220349269,-0.013154546032957942,0.030648624879394116,0.017494078846436174,0.035499247099743385,3.8163916471489756e-17,0.0,0.0
2021-08-08,B3,-0.057217083677949025,-0.042233898818731096,0.04235591907687193,0.0570950634198082,0.09945098249668013,0.014861164601077101,6.938893903907228e-18,0.0,0.0
2021-08-08,B4,-0.009559154295996401,-0.0029298955891753626,-0.0077085426115897065,0.020197592496761466,0.01248904988517176,0.017267696907586103,-4.7704895589362195e-18,0.0,0.0
2021-08-08,B5,-0.04216227387869179,0.024276814948456744,-0.04477742406846884,0.0626628829987039,0.017885458930235063,0.08693969794716064,1.3877787807814457e-17,0.0,0.0
2021-08-08,B6,0.08267688421128302,-0.007133501685632227,0.007962550259737826,-0.08350593278538866,-0.07554338252565083,-0.0906394344710209,-3.8163916471489756e-17,0.0,0.0
2021-08-08,B7,-0.02434469507101086,-0.022933627775733042,0.02547313154681575,0.02180519129992813,0.04727832284674388,-0.0011284364758049129,-2.42861286636753e-17,0.0,0.0
2021-08-08,B8,0.02851209011144775,-0.030471894810700104,0.010420175839295966,-0.008460371140043603,0.0019598046992523634,-0.03893226595074371,1.0408340855860843e-17,0.0,0.0
2021-08-08,B9,-0.04752625891403329,0.00519735948105077,0.0033308573785326163,0.03899804205444988,0.04232889943298249,0.044195401535500646,-2.3418766925686896e-17,0.0,0.0
2021-08-08,B10,0.02233797510922904,0.0007031007361520303,-0.0143251289586873,-0.008715946886693781,-0.02304107584538108,-0.008012846150541751,-1.1709383462843448e-17,0.0,0.0
2021-08-15,B1,0.017067116039718777,-0.01595933239768856,-0.05727661481086138,0.05616883116883116,-0.0011077836420302217,0.040209498771142604,-3.469446951953614e-18,0.0,0.0
2021-08-15,B2,0.006240994512937828,-0.06580284066800582,0.022570172577162654,0.03699167357790533,0.05956184615506799,-0.028811167090100488,-6.071532165918825e-18,0.0,0.0
2021-08-15,B3,0.0664802270038465,-0.07577031347523151,-0.019752191114896032,0.02904227758628106,0.009290086471385028,-0.046728035888950456,1.0408340855860843e-17,0.0,0.0
2021-08-15,B4,0.012357541440251873,0.07179497866449443,-0.017873085369835447,-0.06627943473491084,-0.08415252010474629,0.005515543929583588,1.3877787807814457e-17,0.0,0.0
2021-08-15,B5,0.008677579155303254,-0.006021839435688069,-0.002063577264865512,-0.0005921624547496809,-0.002655739719615193,-0.00661400189043775,-7.806255641895632e-18,0.0,0.0
2021-08-15,B6,-0.06891970922821548,0.02022022150509165,0.0013396742509014046,0.04735981347222243,0.04869948772312383,0.06758003497731407,-1.734723475976807e-18,0.0,0.0
2021-08-15,B7,-0.029567366740358633,0.02670003275198559,0.034415336976132846,-0.0315480029877598,0.002867333988373043,-0.004847970235774213,0.0,0.0,0.0
2021-08-15,B8,-0.022098240400145255,0.005790749759061858,0.01022857629060366,0.006078914350479719,0.01630749064108338,0.011869664109541577,-1.734723475976807e-17,0.0,0.0
2021-08-15,B9,-0.031425294189378686,-0.019707258703737577,-0.005519480519480516,0.05665203341259679,0.05113255289311627,0.03694477470885921,8.673617379884035e-18,0.0,0.0
2021-08-15,B10,-0.013431041789871192,0.056522217386450836,-0.014276718223758462,-0.0288144573728212,-0.04309117559657966,0.027707760013629637,-1.734723475976807e-17,0.0,0.0
2021-08-22,B1,0.016206507978659874,0.006587364815212915,-0.017115655090338636,-0.005678217703534157,-0.022793872793872794,0.0009091471116787573,-5.204170427930421e-18,0.0,0.0
2021-08-22,B2,0.02139344395441957,0.047624174605881926,-0.00963269454123113,-0.059384924019070355,-0.06901761856030149,-0.011760749413188429,1.0408340855860843e-17,0.0,0.0
2021-08-22,B3,-0.033955081673712854,0.0307734091004053,0.03315119607895274,-0.02996952350564518,0.003181672573307561,0.0008038855947601203,6.938893903907228e-18,0.0,0.0
2021-08-22,B4,0.012749025692919188,-0.045930222423905355,0.007504854275673456,0.025676342455312688,0.03318119673098614,-0.020253879968592667,-2.2551405187698492e-17,0.0,0.0
2021-08-22,B5,-0.038202817358827586,-0.022381831959837072,-0.07396825396825396,0.1345529032869186,0.06058464931866464,0.11217107132708153,-1.734723475976807e-17,0.0,0.0
2021-08-22,B6,0.02803862172797891,-0.05320324005891017,0.026532674925640362,-0.0013680565947091325,0.02516461833093123,-0.0545712966536193,-2.8189256484623115e-17,0.0,0.0
2021-08-22,B7,0.058892683892683886,-0.019669669669669668,-0.043823018823018825,0.004600004600004608,-0.03922301422301422,-0.01506966506966506,1.734723475976807e-18,0.0,0.0
2021-08-22,B8,0.04935594124568715,0.0033933335770903825,-0.02466369837059492,-0.028085576452182626,-0.052749274822777546,-0.024692242875092245,-1.214306433183765e-17,0.0,0.0
2021-08-22,B9,0.051605745178729914,0.09702424179548365,-0.019909856946893983,-0.1287201300273196,-0.1486299869742136,-0.03169588823183596,-2.7755575615628914e-17,0.0,0.0
2021-08-22,B10,0.03638828140195716,-0.03439239799516157,0.01390125749709438,-0.015897140903889974,-0.001995883406795594,-0.05028953889905154,-6.938893903907228e-18,0.0,0.0
2021-09-12,B1,-0.06718685529030358,-0.051246684350132625,-0.021046271735926908,0.13947981137636312,0.11843353964043621,0.08823312702623048,6.938893903907228e-18,0.0,0.0
2021-09-12,B2,0.0019416099773242636,-0.05761239628427128,-0.014448696145124722,0.07011948245207177,0.055670786306947044,0.012507086167800482,2.42861286636753e-17,0.0,0.0
2021-09-12,B3,-0.03340309501300214,-0.08657972031770302,-0.007176311820274666,0.12715912715097988,0.1199828153307052,0.04057940683327686,5.4643789493269423e-17,0.0,0.0
2021-09-12,B4,0.02589001338205744,-0.06148317918085359,0.008731774821126102,0.026861390977670072,0.03559316579879618,-0.03462178820318351,2.7755575615628914e-17,0.0,0.0
2021-09-12,B5,-0.09926291311719193,0.012502894464421925,-0.00629466460497243,0.09305468325774244,0.08676001865277001,0.10555757772216437,1.734723475976807e-18,0.0,0.0
2021-09-12,B6,-0.01853201780831787,-0.009804883382569136,0.010882553334572128,0.01745434785631491,0.02833690119088704,0.007649464473745773,3.2959746043559335e-17,0.0,0.0
2021-09-12,B7,0.029763077614442628,-0.0036404365398298704,-0.05439276485788113,0.028270123783268375,-0.026122641074612755,0.024629687243438503,1.734723475976807e-18,0.0,0.0
2021-09-12,B8,-0.04110442653223401,-0.03384596746896212,-0.027468170649988827,0.10241856465118501,0.07495039400119619,0.06857259718222289,5.551115123125783e-17,0.0,0.0
2021-09-12,B9,-0.009686860921428819,0.001200993793586392,-0.011111111111111115,0.019596978238953566,0.008485867127842451,0.020797972032539958,2.42861286636753e-17,0.0,0.0
2021-09-12,B10,0.00996400166820087,-0.019163784580083554,-0.05834735393793986,0.06754713684982254,0.009199782911882677,0.048383352269738986,-6.938893903907228e-18,0.0,0.0
2021-09-19,B1,0.032375287142236295,0.012479434407400512,-0.03072033898305085,-0.014134382566585953,-0.0448547215496368,-0.0016549481591854407,5.204170427930421e-18,0.0,0.0
2021-09-19,B2,0.030786578035985324,0.004741429830464037,0.017504741565116225,-0.053032749431565586,-0.03552800786644936,-0.04829131960110155,8.673617379884035e-19,0.0,0.0
2021-09-19,B3,-0.06389213734222277,0.02415969445214207,-0.006874390356206315,0.04660683324628701,0.039732442890080696,0.07076652769842909,8.673617379884035e-19,0.0,0.0
2021-09-19,B4,0.034297180096696994,-0.04343171339306605,-0.024199276717795235,0.03333381001416426,0.009134533296369023,-0.01009790337890179,-3.122502256758253e-17,0.0,0.0
2021-09-19,B5,0.014333814333814338,-0.03803839258384712,-0.0014102059556605033,0.025114784205693314,0.02370457825003281,-0.012923608378153807,2.7755575615628914e-17,0.0,0.0
2021-09-19,B6,-0.008058191576168168,0.0101387638281451,-0.010615773115773115,0.008535200863796184,-0.0020805722519769317,0.018673964691941283,0.0,0.0,0.0
2021-09-19,B7,-0.08669067627050818,-0.039443821484637806,0.008061224489795921,0.11807327326535011,0.12613449775514604,0.0786294517807123,4.5102810375396984e-17,0.0,0.0
2021-09-19,B8,-0.0008471506599585408,0.001631222362749455,-0.020015134258831745,0.019231062556040825,-0.00078407170279092,0.02086228491879028,-5.854691731421724e-18,0.0,0.0
2021-09-19,B9,-0.010244321888157507,-0.009651801775089447,-0.02779161477791615,0.0476877384411631,0.01989612366324695,0.038035936666073654,-5.204170427930421e-18,0.0,0.0
2021-09-19,B10,-0.007962013287964205,0.02617815580180221,-0.06152629105913101,0.043310148545292984,-0.018216142513838025,0.06948830434709519,-2.0816681711721685e-17,0.0,0.0
2021-09-26,B1,0.006979863570772663,0.07721225743953017,-0.012142226460408278,-0.07204989454989455,-0.08419212101030282,0.005162362889635619,3.469446951953614e-18,0.0,0.0
2021-09-26,B2,0.03722754041395473,0.024828794631750292,-0.038503034717709335,-0.023553300327995692,-0.06205633504570503,0.0012754943037545999,-6.938893903907228e-18,0.0,0.0
2021-09-26,B3,0.05988756602543018,0.008248062007993372,-0.0075115722967190775,-0.06062405573670447,-0.06813562803342355,-0.0523759937287111,5.204170427930421e-18,0.0,0.0
2021-09-26,B4,-0.02383931619242679,0.016974953063662743,0.01853390997976251,-0.011669546850998462,0.006864363128764046,0.005305406212664281,0.0,0.0,0.0
2021-09-26,B5,-0.01745118987766046,-0.0010416666666666664,0.008383909119203236,0.01010894742512387,0.018492856544327106,0.009067280758457204,-2.0816681711721685e-17,0.0,0.0
2021-09-26,B6,0.03269610074343802,-0.0004027859057444865,-0.0013066158036572238,-0.030986699034036308,-0.03229331483769353,-0.0313894849397808,0.0,0.0,0.0
2021-09-26,B7,0.07582525635622979,0.023019384745048457,0.005186823992133724,-0.104031465093412,-0.09884464110127827,-0.08101208034836355,-3.2959746043559335e-17,0.0,0.0
2021-09-26,B8,0.04592855871843171,0.02257553361058702,0.017078748107783762,-0.0855828404368025,-0.06850409232901875,-0.06300730682621548,-1.0408340855860843e-17,0.0,0.0
2021-09-26,B9,-0.02609142007567307,-0.0008438431688041238,-0.015585443751112673,0.04252070699558986,0.026935263244477186,0.04167686382678573,-6.938893903907228e-18,0.0,0.0
2021-09-26,B10,0.03638765181394621,-0.015635132886416582,0.0007388713839291533,-0.02149139031145876,-0.020752518927529606,-0.03712652319787534,1.973247953923618e-17,0.0,0.0
2021-10-03,B1,-0.07933232325647188,-0.03287333247666066,0.023793436293436294,0.0884122194396962,0.11220565573313249,0.055538886963035536,-5.204170427930421e-17,0.0,0.0
2021-10-03,B2,-0.005186009703745953,0.030545742670198016,-0.024790359804371356,-0.0005693731620807102,-0.025359732966452067,0.029976369508117304,-3.0357660829594124e-18,0.0,0.0
2021-10-03,B3,-0.013515387044798809,-0.01604884742139644,-0.030970096656371168,0.060534331122566454,0.029564234466195286,0.04448548370117002,3.642919299551295e-17,0.0,0.0
2021-10-03,B4,0.0038950345122941194,0.00917240707819984,-0.053234952002906726,0.04016751041241277,-0.013067441590493958,0.0493399174906126,4.336808689942018e-19,0.0,0.0
2021-10-03,B5,0.08822887740954967,0.032413099920102724,0.004164662497995832,-0.12480663982764821,-0.12064197732965237,-0.09239353990754548,1.3877787807814457e-17,0.0,0.0
2021-10-03,B6,0.023342519316248617,-0.01585451479797567,0.02055833415056716,-0.028046338668840088,-0.0074880045182729275,-0.043900853466815756,2.0816681711721685e-17,0.0,0.0
2021-10-03,B7,-0.010800085800085797,0.0022737022737022734,0.007781482781482782,0.0007449007449007346,0.008526383526383517,0.003018603018603008,-6.938893903907228e-18,0.0,0.0
2021-10-03,B8,-0.02790282820504936,-0.019918875914810872,0.029130226894454533,0.018691477225405678,0.04782170411986021,-0.0012273986894051937,-2.0816681711721685e-17,0.0,0.0
2021-10-03,B9,0.002126198645723263,0.02955208345700706,0.0010728518793034882,-0.03275113398203381,-0.03167828210273032,-0.0031990505250267497,1.734723475976807e-18,0.0,0.0
2021-10-03,B10,-0.025962003856640593,0.05374607366757335,0.012585118625606507,-0.04036918843653924,-0.027784069810932736,0.013376885231034107,2.0816681711721685e-17,0.0,0.0
2021-10-10,B1,-0.0020713601532567037,-0.03528447127585059,0.019071565407772294,0.01828426602133498,0.03735583142910727,-0.01700020525451561,-2.0816681711721685e-17,0.0,0.0
2021-10-10,B2,-0.05215433985041827,-0.014661814220637753,0.03455501560893719,0.03226113846211886,0.06681615407105604,0.017599324241481105,2.0816681711721685e-17,0.0,0.0
2021-10-10,B3,0.06753072911649469,0.012418127092645935,0.04753550608945106,-0.12748436229859172,-0.07994885620914066,-0.11506623520594579,-3.9898639947466563e-17,0.0,0.0
2021-10-10,B4,0.010909896933447651,0.027570021732159413,0.034281377003297295,-0.07276129566890435,-0.03847991866560706,-0.045191273936744936,6.938893903907228e-18,0.0,0.0
2021-10-10,B5,-0.035203329119258324,0.00944575336168257,-0.003263274336283185,0.029020850093858953,0.025757575757575767,0.03846660345554152,1.431146867680866e-17,0.0,0.0
2021-10-10,B6,0.0018906817798091133,0.018664827604456084,-0.012607536862486515,-0.007947972521778686,-0.020555509384265203,0.010716855082677399,-3.2526065174565133e-18,0.0,0.0
2021-10-10,B7,-0.006402150417615042,0.02503678841353657,-0.028206614210671,0.00957197621474948,-0.01863463799592152,0.03460876462828605,8.673617379884035e-18,0.0,0.0
2021-10-10,B8,-0.0005250590049301835,0.003382847307162921,-0.04325540088825113,0.0403976125860184,-0.002857788302232732,0.04378045989318132,5.637851296924623e-18,0.0,0.0
2021-10-10,B9,0.06644778613199666,-0.03245894736842106,0.0017727318295739335,-0.03576157059314953,-0.0339888387635756,-0.06822051796157058,3.469446951953614e-18,0.0,0.0
2021-10-10,B10,-0.03739965242036492,-0.03037941951570783,-0.004267168668577118,0.07204624060464987,0.06777907193607276,0.04166682108894204,8.673617379884035e-19,0.0,0.0
2021-10-17,B1,0.011873542283854566,-0.005761316872427982,-0.028366819979020415,0.022254594567593825,-0.00611222541142659,0.016493277695165842,-6.071532165918825e-18,0.0,0.0
2021-10-17,B2,-0.04998594903486207,0.0024963663550620074,-0.021335312232051366,0.06882489491185145,0.04748958267980009,0.07132126126691346,2.0816681711721685e-17,0.0,0.0
2021-10-17,B3,-0.08597552663086644,0.0007628294036061065,-0.01087545589972775,0.0960881531269881,0.08521269722726035,0.09685098253059421,1.3877787807814457e-17,0.0,0.0
2021-10-17,B4,-0.017804500582588114,-0.03408371067800953,0.013735165958472342,0.038153045302125314,0.05188821126059766,0.004069334624115788,1.5612511283791264e-17,0.0,0.0
2021-10-17,B5,-0.03693679259922763,0.024018912964905458,0.049140180265654664,-0.03622230063133248,0.012917879634322185,-0.01220338766642702,1.3877787807814457e-17,0.0,0.0
2021-10-17,B6,-0.007222974678537333,0.011215050531546696,-0.044421067358567365,0.04042899150555801,-0.003992075853009355,0.05164404203710471,7.806255641895632e-18,0.0,0.0
2021-10-17,B7,-0.013525197628458503,-0.005384787314135143,0.03675732480080305,-0.01784733985820942,0.01890998494259363,-0.023232127172344564,-1.6479873021779667e-17,0.0,0.0
2021-10-17,B8,0.002573672027223942,0.012488290398126468,-0.00439907795099052,-0.010662884474359882,-0.015061962425350402,0.0018254059237665862,7.806255641895632e-18,0.0,0.0
2021-10-17,B9,-0.03745009015127783,0.007568875728319376,-0.029667974471428903,0.05954918889438736,0.029881214422958456,0.06711806462270674,3.469446951953614e-18,0.0,0.0
2021-10-17,B10,0.0022692077570126345,-0.02745220628011956,-0.02993058081133963,0.05511357933444652,0.025182998523106893,0.027661373054326963,-3.209238430557093e-17,0.0,0.0
2021-10-24,B1,0.008619884251777638,0.041834435096153845,0.03525537919494721,-0.08570969854287869,-0.05045431934793148,-0.04387526344672484,3.469446951953614e-18,0.0,0.0
2021-10-24,B2,-0.010803892053892055,-0.022713097713097714,0.011356226356226358,0.02216076341076341,0.03351698976698977,-0.000552334302334305,-1.734723475976807e-18,0.0,0.0
2021-10-24,B3,0.04808068409257621,-0.004342532717983982,0.0010989322138186056,-0.044837083588410834,-0.04373815137459223,-0.049179616306394815,-8.673617379884035e-19,0.0,0.0
2021-10-24,B4,-0.00850467036995203,0.059577199957280585,0.026700678845526408,-0.07777320843285492,-0.05107252958732851,-0.01819600847557433,4.85722573273506e-17,0.0,0.0
2021-10-24,B5,-0.03301802364302364,-0.08039529914529914,0.10364878177378177,0.00976454101454103,0.1134133227883228,-0.07063075813075811,2.0816681711721685e-17,0.0,0.0
2021-10-24,B6,0.00673467971969504,-0.0013129429317418884,0.03242124860923816,-0.037842985397191296,-0.005421736787953137,-0.039155928328933186,1.496198998029996e-17,0.0,0.0
2021-10-24,B7,-0.019671825206176344,-0.0009024457306899994,0.029967574833987046,-0.0093933038971207,0.020574270936866347,-0.0102957496278107,3.903127820947816e-18,0.0,0.0
2021-10-24,B8,-0.03490907757840807,-0.03051455641709358,0.014845071039884946,0.05057856295561671,0.06542363399550166,0.02006400653852313,8.673617379884035e-18,0.0,0.0
2021-10-24,B9,0.02487238654639537,-0.020519207909075746,0.03492413117963779,-0.0392773098169574,-0.004353178637319613,-0.059796517726033144,1.0408340855860843e-17,0.0,0.0
2021-10-24,B10,-0.011083941236250772,-0.0322937438515328,0.0329749131108871,0.010402771976896465,0.043377685087783564,-0.021890971874636338,-1.0408340855860843e-17,0.0,0.0
2021-10-31,B1,0.033431917864862236,-0.01683323807124958,-0.015755130966528023,-0.0008435488270846333,-0.016598679793612656,-0.017676786898334212,-3.2526065174565133e-19,0.0,0.0
2021-10-31,B2,-0.0031810087939227825,0.08686861909664215,-0.010976183475448396,-0.07271142682727097,-0.08368761030271937,0.014157192269371177,-1.734723475976807e-18,0.0,0.0
2021-10-31,B3,-0.02783288762474334,0.03341837025480401,-0.002260831840573219,-0.003324650789487467,-0.005585482630060686,0.03009371946531654,-1.9949319973733282e-17,0.0,0.0
2021-10-31,B4,-0.004987513209438346,-0.04000383118030176,0.011613953525718236,0.03337739086402187,0.044991344389740104,-0.0066264403162798954,-5.204170427930421e-18,0.0,0.0
2021-10-31,B5,-0.0005664245222615667,0.030177320262276753,-0.06423737254135098,0.0346264768013358,-0.02961089574001518,0.06480379706361256,6.938893903907228e-18,0.0,0.0
2021-10-31,B6,-0.034721121560063864,-0.0012560573107448124,0.024057888225556497,0.011919290645252184,0.03597717887080868,0.01066323333450737,4.336808689942018e-18,0.0,0.0
2021-10-31,B7,-0.023720612458820005,-0.0454580338424678,0.0074376684636118595,0.06174097783767596,0.06917864630128782,0.01628294399520816,1.474514954580286e-17,0.0,0.0
2021-10-31,B8,-0.013144262210269934,0.0019403974048478687,-0.0019119054084082874,0.01311577021383034,0.011203864805422053,0.015056167618678208,-1.3010426069826053e-17,0.0,0.0
2021-10-31,B9,0.04903256146635015,-0.02794892048446552,0.0076234285183267685,-0.0287070695002114,-0.02108364098188463,-0.05665598998467691,0.0,0.0,0.0
2021-10-31,B10,-0.02578921747596446,0.03627438157558641,-0.041617191376227526,0.031132027276605603,-0.010485164099621924,0.06740640885219201,3.122502256758253e-17,0.0,0.0
2021-11-07,B1,0.0103734136402013,0.013874485063232795,0.008532176635624916,-0.032780075339059016,-0.0242478987034341,-0.018905590275826223,-5.204170427930421e-18,0.0,0.0
2021-11-07,B2,0.05196983432769389,-0.03890495718911867,0.06814913417129136,-0.08121401130986652,-0.013064877138575168,-0.12011896849898519,5.551115123125783e-17,0.0,0.0
2021-11-07,B3,-0.0014783640402111949,-0.014778047172219798,0.02982332400969015,-0.013566912797259141,0.01625641121243101,-0.028344959969478938,1.5612511283791264e-17,0.0,0.0
2021-11-07,B4,-0.018509066714254303,0.0046536128171144366,-0.02611037256706548,0.039965826464205344,0.013855453897139863,0.044619439281319784,-3.469446951953614e-18,0.0,0.0
2021-11-07,B5,0.02383591117606463,-0.06171346130425414,0.028775220233020746,0.009102329895168768,0.03787755012818951,-0.05261113140908537,3.469446951953614e-18,0.0,0.0
2021-11-07,B6,0.008884609072112165,0.03502296073512619,-0.048145567169957416,0.00423799736271906,-0.04390756980723835,0.039260958097845244,-3.469446951953614e-18,0.0,0.0
2021-11-07,B7,-0.023168661403955522,0.04860360122010238,0.03462079046494631,-0.060055730281093164,-0.025434939816146855,-0.011452129060990787,0.0,0.0,0.0
2021-11-07,B8,-0.008391287075497602,-0.00914783462151883,-0.010320004556846661,0.027859126253863106,0.017539121697016442,0.018711291632344276,1.214306433183765e-17,0.0,0.0
2021-11-07,B9,-0.0331505486042348,0.006351721532973616,0.006531019302758432,0.020267807768502767,0.0267988270712612,0.02661952930147638,1.214306433183765e-17,0.0,0.0
2021-11-07,B10,-0.02207914396243309,-0.01565201082442462,0.038147714354610895,-0.00041655956775321374,0.03773115478685768,-0.016068570392177833,-2.862293735361732e-17,0.0,0.0
2021-11-14,B1,-0.047668488160291456,-0.04530659953996502,-0.034628959383057746,0.12760404708331424,0.0929750877002565,0.08229744754334922,2.0816681711721685e-17,0.0,0.0
2021-11-14,B2,-0.07061429601694434,-0.04452055084049973,-0.038640460801125626,0.15377530765856973,0.1151348468574441,0.10925475681807,2.7755575615628914e-17,0.0,0.0
2021-11-14,B3,0.03375233134914529,0.024960521934206142,-0.009973883125616975,-0.048738970157734464,-0.058712853283351435,-0.02377844822352832,-3.469446951953614e-18,0.0,0.0
2021-11-14,B4,0.041993555540664716,-0.004179493304967827,-0.006262296247217079,-0.031551765988479794,-0.037814062235696874,-0.03573125929344762,1.6479873021779667e-17,0.0,0.0
2021-11-14,B5,0.008947841726618704,0.018058410414525522,-0.0027085474477560813,-0.02429770469338815,-0.02700625214114423,-0.006239294278862627,-3.903127820947816e-18,0.0,0.0
2021-11-14,B6,0.029407430809739944,-0.009628305121550655,0.01501003173457148,-0.03478915742276076,-0.019779125688189278,-0.04441746254431141,1.0408340855860843e-17,0.0,0.0
2021-11-14,B7,-0.02890401739806273,-0.037482807882346876,0.017119440938111706,0.04926738434229791,0.06638682528040962,0.011784576459951034,1.0408340855860843e-17,0.0,0.0
2021-11-14,B8,-0.022240786743754105,-0.015449963817916341,0.017599413445110776,0.02009133711655966,0.037690750561670434,0.004641373298643317,-1.214306433183765e-17,0.0,0.0
2021-11-14,B9,-0.006464454308461921,0.007842481035252119,-0.005760342959138142,0.00438231623234793,-0.0013780267267902123,0.012224797267600049,-1.3877787807814457e-17,0.0,0.0
2021-11-14,B10,-0.03535379438106041,0.0024289485785147532,-0.042163534648579526,0.07508838045112518,0.03292484580254565,0.07751732902963993,-1.0842021724855044e-17,0.0,0.0
2021-11-28,B1,0.003690944881889766,-0.026181741486859603,0.009830802399700035,0.012659994205269809,0.022490796604969845,-0.013521747281589794,6.938893903907228e-18,0.0,0.0
2021-11-28,B2,-0.017042586265275345,0.011182673618898105,-0.03579931972789116,0.04165923237426838,0.0058599126463772175,0.05284190599316648,-2.2551405187698492e-17,0.0,0.0
2021-11-28,B3,-0.08400202204490274,-0.09596061876618955,0.07968509849580033,0.10027754231529196,0.17996264081109228,0.004316923549102403,-1.3877787807814457e-17,0.0,0.0
2021-11-28,B4,-0.00905704988175722,-0.007103930957029456,0.00861831302648749,0.007542667812299171,0.01616098083878666,0.00043873685526971476,-1.5612511283791264e-17,0.0,0.0
2021-11-28,B5,0.008818814607182587,0.014861518770187498,0.025923297947568175,-0.049603631324938266,-0.02368033337737009,-0.034742112554750765,-6.938893903907228e-18,0.0,0.0
2021-11-28,B6,0.004137753586282996,0.01990466641201935,-0.024420146846617433,0.0003777268483150984,-0.024042419998302336,0.020282393260334448,1.2576745200831851e-17,0.0,0.0
2021-11-28,B7,-0.04247845733501472,0.03325493351916994,0.0542178270392248,-0.04499430322338001,0.009223523815844792,-0.011739369704210072,6.938893903907228e-18,0.0,0.0
2021-11-28,B8,-0.04841604913537534,-0.02355886852017059,-0.02666271988375334,0.09863763753929929,0.07197491765554595,0.07507876901912869,1.734723475976807e-17,0.0,0.0
2021-11-28,B9,-0.06520064902417844,-0.0042380821792586554,0.013754627725215962,0.05568410347822114,0.0694387312034371,0.05144602129896249,1.214306433183765e-17,0.0,0.0
2021-11-28,B10,-0.012701578486495765,0.04118795413043202,-0.005855926383052202,-0.02263044926088403,-0.028486375643936232,0.018557504869547988,2.0816681711721685e-17,0.0,0.0
2021-12-05,B1,0.013431861262324247,-0.031578555580456726,0.00905431393577222,0.009092380382360248,0.01814669431813247,-0.022486175198096477,-1.0408340855860843e-17,0.0,0.0
2021-12-05,B2,-0.015762176414936296,-0.0036381798599072635,0.04512361734909491,-0.025723261074251352,0.019400356274843558,-0.029361440934158614,-1.734723475976807e-18,0.0,0.0
2021-12-05,B3,0.010530914683163816,-0.019897067561427426,-0.05598196497850477,0.06534811785676839,0.009366152878263617,0.04545105029534097,6.938893903907228e-18,0.0,0.0
2021-12-05,B4,0.01126091866670911,0.03315058575513539,-0.010952453898225956,-0.03345905052361854,-0.044411504421844494,-0.00030846476848315346,0.0,0.0,0.0
2021-12-05,B5,-0.040632450569872344,-0.005897080599834046,0.025759472067356924,0.02077005910234946,0.04652953116970639,0.014872978502515413,-6.938893903907228e-18,0.0,0.0
2021-12-05,B6,-0.011505768465171944,-0.027004406115839423,-0.02722018384818716,0.06573035842919853,0.038510174581011365,0.038725952313359104,-1.734723475976807e-18,0.0,0.0
2021-12-05,B7,0.0742840190790631,-0.015183286619715523,-0.01728126744337953,-0.04181946501596803,-0.05910073245934756,-0.05700275163568355,1.0408340855860843e-17,0.0,0.0
2021-12-05,B8,0.020812024866916957,0.014703413599318016,0.008255309579857942,-0.04377074804609291,-0.03551543846623497,-0.029067334446774895,1.734723475976807e-18,0.0,0.0
2021-12-05,B9,-0.0033952273621695103,0.03040403123047751,0.04733014918965332,-0.07433895305796133,-0.027008803868308007,-0.04393492182748382,-6.938893903907228e-18,0.0,0.0
2021-12-05,B10,0.00970986126965186,-0.06311862928592953,0.020165589885144376,0.03324317813113332,0.0534087680162777,-0.029875451154796208,2.7755575615628914e-17,0.0,0.0
2021-12-12,B1,-0.02502089067311793,0.0398392216038553,-0.058818943154444435,0.04400061222370708,-0.014818330930737353,0.08383983382756238,1.734723475976807e-17,0.0,0.0
2021-12-12,B2,0.03708533941691835,0.03168537310642574,-0.024866992656466337,-0.04390371986687776,-0.0687707125233441,-0.012218346760452019,-6.938893903907228e-18,0.0,0.0
2021-12-12,B3,-0.03811527250728703,0.03019516165311688,0.02454539925804294,-0.0166252884038728,0.007920110854170142,0.013569873249244083,-6.938893903907228e-18,0.0,0.0
2021-12-12,B4,0.08818897046327952,-0.07514416827732753,0.007340968431046759,-0.02038577061699873,-0.013044802185951972,-0.09552993889432626,1.214306433183765e-17,0.0,0.0
2021-12-12,B5,-0.03818007662835248,0.021409631237217445,0.00528619528619528,0.011484250104939761,0.016770445391135043,0.032893881342157205,5.204170427930421e-18,0.0,0.0
2021-12-12,B6,0.05507735473939872,0.025019712366039195,0.020560595770490818,-0.10065766287592874,-0.08009706710543793,-0.07563795050988954,-1.0408340855860843e-17,0.0,0.0
2021-12-12,B7,-0.038330133311545944,-0.023011731143701405,0.0018645233329248256,0.05947734112232253,0.06134186445524736,0.036465609978621125,6.071532165918825e-18,0.0,0.0
2021-12-12,B8,-0.011368571746555827,-0.02786581234857097,-0.025374216852996692,0.06460860094812348,0.03923438409512679,0.03674278859955252,-5.204170427930421e-18,0.0,0.0
2021-12-12,B9,0.02325896325896326,0.021172161172161176,-0.0562173012173012,0.011786176786176772,-0.04443112443112443,0.03295833795833795,6.938893903907228e-18,0.0,0.0
2021-12-12,B10,-0.048432055749128934,-0.008119962891036912,-0.0009400716717789873,0.057492090311944806,0.05655201864016582,0.049372127420907894,-2.7755575615628914e-17,0.0,0.0
2021-12-19,B1,0.02924428713363139,-0.03123912598066485,-0.0028643144636666595,0.0048591533107001,0.0019948388470334404,-0.026379972669964752,-1.9081958235744878e-17,0.0,0.0
2021-12-19,B2,-0.03210919413019634,-0.026500424096223656,0.006742368892332047,0.05186724933408798,0.058609618226420024,0.02536682523786432,2.7755575615628914e-17,0.0,0.0
2021-12-19,B3,0.04655452593209091,-0.024052310611818138,0.014123902393396236,-0.036626117713669026,-0.02250221532027279,-0.060678428325487165,-1.734723475976807e-17,0.0,0.0
2021-12-19,B4,-0.012844227228804593,0.038776997155642735,0.04554783383255948,-0.07148060375939762,-0.025932769926838135,-0.03270360660375488,6.938893903907228e-18,0.0,0.0
2021-12-19,B5,0.014527465297472869,-0.023947940471545623,-0.03624372625887395,0.0456642014329467,0.009420475174072754,0.021716260961401078,0.0,0.0,0.0
2021-12-19,B6,-0.014684771539934244,-0.0024122505992734988,0.007320818178592389,0.009776203960615371,0.01709702213920776,0.0073639533613418726,1.691355389077387e-17,0.0,0.0
2021-12-19,B7,0.04015702479338843,-0.018921946740128554,0.002799380358203883,-0.02403445841146377,-0.021235078053259887,-0.042956405151592325,-1.1275702593849246e-17,0.0,0.0
2021-12-19,B8,0.04911925969162589,-0.011972291985532128,0.1461153200790165,-0.18326228778511028,-0.03714696770609377,-0.1952345797706424,-1.0408340855860843e-17,0.0,0.0
2021-12-19,B9,-0.0008325253178194346,-0.011071428571428569,0.15424666020254257,-0.14234270631329454,0.011903953889248031,-0.1534141348847231,2.7755575615628914e-17,0.0,0.0
2021-12-19,B10,0.024038833571535738,-0.004501809895712441,0.007293245276394757,-0.026830268952218062,-0.019537023675823304,-0.0313320788479305,-7.806255641895632e-18,0.0,0.0
2021-12-26,B1,-0.07949836423118867,-0.01910494086066605,-0.030152671755725186,0.12875597684757994,0.09860330509185476,0.10965103598691389,4.163336342344337e-17,0.0,0.0
2021-12-26,B2,-0.014174903582560499,0.010750326370602414,-0.02449001185034705,0.027914589062305113,0.0034245772119580638,0.03866491543290752,-2.0816681711721685e-17,0.0,0.0
2021-12-26,B3,-0.05763373039773362,0.05723295725092025,-0.04420607833577118,0.04460685148258456,0.000400773146813381,0.10183980873350482,1.3877787807814457e-17,0.0,0.0
2021-12-26,B4,-0.02676795140725006,0.011392728049689747,-0.02702722486948677,0.04240244822704707,0.015375223357560301,0.053795176276736814,-1.3877787807814457e-17,0.0,0.0
2021-12-26,B5,0.023865740740740753,0.04320601851851852,-0.05561921296296296,-0.011452546296296284,-0.06707175925925925,0.03175347222222223,2.7755575615628914e-17,0.0,0.0
2021-12-26,B6,0.01902854557841081,0.010730217670918477,0.010923891921196499,-0.04068265517052581,-0.029758763249329308,-0.02995243749960733,-2.0816681711721685e-17,0.0,0.0
2021-12-26,B7,0.026181701181701187,0.04728559728559729,-0.009464334464334458,-0.06400296400296399,-0.07346729846729844,-0.016717366717366698,3.122502256758253e-17,0.0,0.0
2021-12-26,B8,-0.05827184164476326,0.07579300483100958,-0.09457926607570312,0.07705810288945682,-0.017521163186246302,0.1528511077204664,1.3877787807814457e-17,0.0,0.0
2021-12-26,B9,-0.0024082746414762195,0.03751082031714442,-0.04550246635226871,0.01039992067660052,-0.035102545675668194,0.04791074099374494,1.0408340855860843e-17,0.0,0.0
2021-12-26,B10,0.013346552310813036,0.014088431040194117,0.03991212044617144,-0.06734710379717858,-0.027434983351007136,-0.05325867275698446,1.734723475976807e-17,0.0,0.0
2022-01-02,B1,0.11006158383207565,0.05275826177465523,0.029143897996357013,-0.1919637436030879,-0.1628198456067309,-0.13920548182843268,-1.3877787807814457e-17,0.0,0.0
2022-01-02,B2,0.06252332143515082,0.017181947346949878,0.018199558381484262,-0.09790482716358502,-0.07970526878210075,-0.08072287981663515,-5.551115123125783e-17,0.0,0.0
2022-01-02,B3,0.05280675611291552,0.021790709290709295,0.008118386243386243,-0.08271585164701106,-0.07459746540362482,-0.06092514235630177,-3.469446951953614e-18,0.0,0.0
2022-01-02,B4,-0.017330229192733103,0.02089220781406719,0.007323539308159037,-0.010885517929493115,-0.0035619786213340783,0.010006689884574076,1.0408340855860843e-17,0.0,0.0
2022-01-02,B5,0.008845718261956239,-0.02973234921344963,-0.0236169245898613,0.04450355554135469,0.02088663095149339,0.01477120632790506,-1.734723475976807e-18,0.0,0.0
2022-01-02,B6,0.04681980886874609,-0.025341159362414923,-0.017461233869902604,-0.0040174156364285694,-0.021478649506331174,-0.029358574998843492,-3.469446951953614e-18,0.0,0.0
2022-01-02,B7,-0.0381987010981916,-0.049239617106685195,-0.0072167449657028135,0.09465506317057959,0.08743831820487677,0.045415446063894395,-2.0816681711721685e-17,0.0,0.0
2022-01-02,B8,-0.016750534062954393,-0.09161598685820133,-0.016761972547576262,0.12512849346873203,0.10836652092115577,0.03351250661053071,5.204170427930421e-17,0.0,0.0
2022-01-02,B9,-0.08804720820974689,-0.08465351559644198,-0.012444951906704993,0.18514567571289386,0.17270072380618887,0.10049216011645189,5.204170427930421e-18,0.0,0.0
2022-01-02,B10,-0.03174652630658073,-0.041083867683837594,-0.022900598888741186,0.0957309928791595,0.07283039399041831,0.0546471251953219,-1.3877787807814457e-17,0.0,0.0
2022-01-09,B1,-0.026849287966935025,0.009395668502620375,-0.04301652892561982,0.060470148389934496,0.017453619464314674,0.06986581689255487,2.42861286636753e-17,0.0,0.0
2022-01-09,B2,-0.005282119321836023,0.018459790722323708,-0.005120594005818281,-0.008057077394669399,-0.01317767140048768,0.010402713327654309,5.204170427930421e-18,0.0,0.0
2022-01-09,B3,-0.043004834445450286,-0.047292064360670634,0.08283131920556679,0.007465579600554146,0.09029689880612093,-0.039826484760116486,1.214306433183765e-17,0.0,0.0
2022-01-09,B4,-0.029378229545861365,-0.0361917659197452,0.018204655076035754,0.047365340389570805,0.06556999546560656,0.011173574469825608,-3.469446951953614e-18,0.0,0.0
2022-01-09,B5,-0.03441802855264394,-0.01863377007607777,0.08305825584671739,-0.03000645721799568,0.05305179862872171,-0.048640227294073454,-3.469446951953614e-18,0.0,0.0
2022-01-09,B6,-0.0600805174763508,-0.01960237293570627,0.012511273448773449,0.06717161696328364,0.07968289041205709,0.04756924402757737,1.734723475976807e-17,0.0,0.0
2022-01-09,B7,-0.0579515740225,0.003663865921113317,-0.005758531426980622,0.06004623952836733,0.05428770810138671,0.06371010544948065,2.47198095326695e-17,0.0,0.0
2022-01-09,B8,0.04891036969114742,0.008199386442273273,-0.022359153866361496,-0.03475060226705919,-0.05710975613342069,-0.02655121582478592,3.469446951953614e-18,0.0,0.0
2022-01-09,B9,0.058247281387027304,0.02182130701186963,-0.06887434538977187,-0.011194243009125068,-0.08006858839889694,0.01062706400274456,-6.938893903907228e-18,0.0,0.0
2022-01-09,B10,0.008841357055642762,0.048429959590673886,-0.006491293098435959,-0.0507800235478807,-0.057271316646316656,-0.0023500639572068133,-9.540979117872439e-18,0.0,0.0
2022-01-23,B1,-0.005610344071882528,-0.020101906640368167,-0.04755369274600044,0.07326594345825116,0.025712250712250723,0.053164036817882995,2.688821387764051e-17,0.0,0.0
2022-01-23,B2,0.05105770398356181,0.05920781118391411,-0.027003542368125702,-0.08326197279935021,-0.11026551516747592,-0.024054161615436102,6.938893903907228e-18,0.0,0.0
2022-01-23,B3,-0.027826939462948386,-0.04016010157314505,0.0008827927306188166,0.0671042483054746,0.06798704103609342,0.026944146732329546,-2.3418766925686896e-17,0.0,0.0
2022-01-23,B4,-0.03082889636168324,-0.05838862867551392,0.01304674833363359,0.0761707767035636,0.0892175250371972,0.017782148028049685,3.469446951953614e-17,0.0,0.0
2022-01-23,B5,-0.03529130458545116,0.005029928878813585,0.00881868255903201,0.021442693147605565,0.030261375706637575,0.02647262202641915,-2.6020852139652106e-18,0.0,0.0
2022-01-23,B6,-0.04069817493112947,-0.04399748535777947,0.03190765200708383,0.052788008281825116,0.08469566028890894,0.008790522924045648,6.938893903907228e-18,0.0,0.0
2022-01-23,B7,-0.05045681398010053,0.022047696381982528,0.0014965879399888356,0.026912529658129174,0.02840911759811801,0.0489602260401117,5.204170427930421e-18,0.0,0.0
2022-01-23,B8,-0.02203271119072734,0.06565113948743871,-0.03524449193422666,-0.00837393636248472,-0.04361842829671138,0.05727720312495399,-5.204170427930421e-18,0.0,0.0
2022-01-23,B9,0.010936074794770453,0.024610443903922165,-0.0421195652173913,0.0065730465186986855,-0.03554651869869261,0.03118349042262085,6.938893903907228e-18,0.0,0.0
2022-01-23,B10,-0.03184198249875005,-0.009606248184203636,-0.05097502281968304,0.09242325350263672,0.04144823068295368,0.08281700531843308,-6.938893903907228e-18,0.0,0.0
2022-01-30,B1,-0.0032840102165397744,0.010337587290984006,0.0381249209095256,-0.04517849798396982,-0.00705357707444422,-0.03484091069298581,1.214306433183765e-17,0.0,0.0
2022-01-30,B2,-0.03633316960016757,-0.024152098254637492,0.0199665938526322,0.04051867400217285,0.06048526785480505,0.016366575747535358,-1.0408340855860843e-17,0.0,0.0
2022-01-30,B3,0.017027702743163273,0.05179345599575862,0.032466838716838725,-0.10128799745576061,-0.06882115873892189,-0.049494541460002,0.0,0.0,0.0
2022-01-30,B4,0.06073562917185307,0.04195318720300704,-0.008999062541473986,-0.0936897538333861,-0.10268881637486008,-0.05173656663037906,2.7755575615628914e-17,0.0,0.0
2022-01-30,B5,0.04834762852509424,-0.032777522773815404,0.02506484494250188,-0.0406349506937807,-0.015570105751278821,-0.0734124734675961,1.734723475976807e-17,0.0,0.0
2022-01-30,B6,0.026780212003141943,0.010682321924360146,-0.008801046794677369,-0.028661487132824716,-0.03746253392750208,-0.01797916520846457,3.469446951953614e-18,0.0,0.0
2022-01-30,B7,0.013096231400361575,0.042589905574886816,-0.0489544890514853,-0.006731647923763084,-0.05568613697524838,0.03585825765112373,8.673617379884035e-18,0.0,0.0
2022-01-30,B8,0.03159789095393241,-0.03234454662664976,-0.013926237554902876,0.01467289322762022,0.0007466556727173442,-0.01767165339902954,-8.673617379884035e-18,0.0,0.0
2022-01-30,B9,-0.010208354181189497,-0.03609980989637437,0.0685539066169247,-0.022245742539360847,0.04630816407756386,-0.058345552435735214,-6.938893903907228e-18,0.0,0.0
2022-01-30,B10,0.03653566330192689,-0.02464666835402148,-0.004481109070344196,-0.007407885877561226,-0.011888994947905423,-0.0320545542315827,-1.214306433183765e-17,0.0,0.0
2022-02-06,B1,0.05062648662945288,-0.021087974221085076,-0.0009864344310024711,-0.02855207797736535,-0.02953851240836782,-0.04964005219845043,-2.0816681711721685e-17,0.0,0.0
2022-02-06,B2,0.0033871421164619704,0.0452321690258271,-0.010474415460628694,-0.03814489568166038,-0.048619311142289075,0.007087273344166721,-2.6020852139652106e-18,0.0,0.0
2022-02-06,B3,-0.019183943418637304,-0.06770877459652969,-0.012792894935752083,0.09968561295091907,0.08689271801516699,0.031976838354389386,0.0,0.0,0.0
2022-02-06,B4,-0.04203551341335434,0.005749458874458874,-0.04177089482487209,0.07805694936376756,0.03628605453889547,0.08380640823822644,1.734723475976807e-18,0.0,0.0
2022-02-06,B5,-0.010616381081519084,0.044540411979350956,-0.03882091413777773,0.004896883239945882,-0.03392403089783185,0.04943729521929684,2.2551405187698492e-17,0.0,0.0
2022-02-06,B6,0.013913358201969712,-0.01043874708205333,0.020304280401847896,-0.02377889152176428,-0.003474611119916385,-0.03421763860381761,-1.734723475976807e-18,0.0,0.0
2022-02-06,B7,-0.018586194808501925,-0.03364370976750857,0.036746381893340195,0.015483522682670264,0.052229904576010455,-0.018160187084838308,-3.8163916471489756e-17,0.0,0.0
2022-02-06,B8,-0.028109126219362447,-0.0015884552892426913,0.021631089820066198,0.008066491688538947,0.029697581508605145,0.006478036399296255,6.938893903907228e-18,0.0,0.0
2022-02-06,B9,0.052719951820489545,0.057179524649787,-0.00772936150808075,-0.10217011496219582,-0.10989947647027656,-0.04499059031240882,-2.2551405187698492e-17,0.0,0.0
2022-02-06,B10,0.01579733676833052,0.03250803242023325,-0.002462599835128444,-0.04584276935343533,-0.04830536918856377,-0.013334736933202078,-2.6020852139652106e-18,0.0,0.0
2022-02-13,B1,-0.05111807732497388,-0.03583634373289546,0.1202528735632184,-0.03329845250534905,0.08695442105786935,-0.0691347962382445,1.3877787807814457e-17,0.0,0.0
2022-02-13,B2,0.006891666735120247,-0.03215134626424949,0.002052067161175321,0.023207612367953923,0.025259679529129244,-0.008943733896295564,3.469446951953614e-18,0.0,0.0
2022-02-13,B3,0.024209761169859897,0.053114467460415635,0.008605205982828362,-0.08592943461310387,-0.07732422863027551,-0.03281496715268824,2.0816681711721685e-17,0.0,0.0
2022-02-13,B4,0.054088672989369445,0.02418646094888996,0.0333436411923945,-0.11161877513065388,-0.07827513393825938,-0.08743231418176392,2.7755575615628914e-17,0.0,0.0
2022-02-13,B5,0.015504735881141297,-0.007012619665381596,0.05962214419115187,-0.06811426040691151,-0.008492116215759647,-0.07512688007229311,5.4643789493269423e-17,0.0,0.0
2022-02-13,B6,-0.010011565013711853,0.02518095266055765,-0.028554494977852642,0.013385107331006878,-0.015169387646845764,0.038566059991564525,3.2959746043559335e-17,0.0,0.0
2022-02-13,B7,-0.03306095427247364,0.01645229425765672,0.012421620087955745,0.004187039926861184,0.01660866001481693,0.020639334184517907,1.3010426069826053e-17,0.0,0.0
2022-02-13,B8,0.03379178228598074,-0.029586320643496214,0.007911559507251632,-0.01211702114973618,-0.004205461642484549,-0.041703341793232394,-2.42861286636753e-17,0.0,0.0
2022-02-13,B9,-0.049563519601687527,-0.06794388817289582,0.03981334611105603,0.07769406166352734,0.11750740777458338,0.009750173490631522,2.7755575615628914e-17,0.0,0.0
2022-02-13,B10,-0.026920118176484906,-0.06726393264854806,0.016994385542772637,0.07718966528226032,0.09418405082503295,0.009925732633712256,-1.3877787807814457e-17,0.0,0.0
2022-02-20,B1,0.0609151925232903,-0.027567087441037016,-0.003843203948245958,-0.029504901134007326,-0.03334810508225328,-0.05707198857504434,-8.673617379884035e-19,0.0,0.0
2022-02-20,B2,-0.0038224367166983667,-0.012664442665474519,-0.008601030396874472,0.025087909779047363,0.016486879382172893,0.012423467113572844,6.071532165918825e-18,0.0,0.0
2022-02-20,B3,-0.06961868759621569,-0.05002966483468798,0.005720496731732685,0.11392785569917095,0.11964835243090363,0.06389819086448298,-2.949029909160572e-17,0.0,0.0
2022-02-20,B4,0.017308986223942228,0.014051145172846054,0.02131066636198601,-0.0526707977587743,-0.03136013139678829,-0.03861965258592824,-6.938893903907228e-18,0.0,0.0
2022-02-20,B5,0.025129482400924247,-0.03219283256556047,-0.01672441937898155,0.023787769543617783,0.007063350164636235,-0.008405063021942688,1.0408340855860843e-17,0.0,0.0
2022-02-20,B6,0.02497850451141885,0.0012693982042389917,0.01988353913404168,-0.046131441849699514,-0.026247902715657835,-0.04486204364546052,6.938893903907228e-18,0.0,0.0
2022-02-20,B7,0.0067690551683263845,-0.015853710752201124,-0.010642454890242502,0.019727110474117224,0.009084655583874722,0.0038733997219160994,-1.8214596497756474e-17,0.0,0.0
2022-02-20,B8,-0.017029892620418263,0.02597861808439355,0.006153772201792964,-0.015102497665768275,-0.00894872546397531,0.010876120418625275,-2.42861286636753e-17,0.0,0.0
2022-02-20,B9,0.002882860461257675,0.044801423895500556,-0.006462585034013606,-0.04122169932274461,-0.047684284356758214,0.0035797245727559462,1.5178830414797062e-17,0.0,0.0
2022-02-20,B10,0.05964617218680413,0.07471893282775813,-0.020355630519262986,-0.11400947449529931,-0.1343651050145623,-0.03929054166754119,-4.163336342344337e-17,0.0,0.0
2022-02-27,B1,-0.04437087637695365,0.056891819517951824,-0.04955933983711762,0.037038396696119434,-0.012520943140998185,0.09393021621407126,-1.3877787807814457e-17,0.0,0.0
2022-02-27,B2,0.11497265313209251,0.01859418077839322,-0.0010053577256383334,-0.1325614761848474,-0.13356683391048574,-0.11396729540645417,-8.673617379884035e-19,0.0,0.0
2022-02-27,B3,0.0936969015492254,0.0224924258192835,-0.0067756949828238116,-0.10941363238568509,-0.1161893273685089,-0.0869212065664016,-4.336808689942018e-18,0.0,0.0
2022-02-27,B4,0.03419428250283282,0.010757430671923557,-0.0019458694385936634,-0.04300584373616273,-0.044951713174756394,-0.03224841306423917,-1.3010426069826053e-17,0.0,0.0
2022-02-27,B5,-0.031822920801248974,0.08221307416353858,-0.011511244173782876,-0.03887890918850671,-0.05039015336228959,0.04333416497503187,1.9081958235744878e-17,0.0,0.0
2022-02-27,B6,0.043679517734011825,0.0291540671723595,0.02138122574301604,-0.09421481064938736,-0.07283358490637132,-0.06506074347702787,6.938893903907228e-18,0.0,0.0
2022-02-27,B7,0.04136919866914792,0.02028421586871934,0.007119494727344493,-0.06877290926521175,-0.061653414537867254,-0.04848869339649241,6.071532165918825e-18,0.0,0.0
2022-02-27,B8,0.05300950801840983,0.05528507634706582,-0.0078091799677360504,-0.10048540439773965,-0.1082945843654757,-0.045200328050673824,-4.163336342344337e-17,0.0,0.0
2022-02-27,B9,0.04568882638864008,0.04936927495730477,-0.03520951374351468,-0.05984858760243019,-0.09505810134594486,-0.010479312645125423,-2.0816681711721685e-17,0.0,0.0
2022-02-27,B10,0.026826695803715817,-0.018517583403610094,-0.03949793034300076,0.031188817942895058,-0.008309112400105702,0.012671234539284964,2.0816681711721685e-17,0.0,0.0
2022-03-06,B1,-0.05074254646186797,0.06253233782602434,0.005094522335901649,-0.01688431370005801,-0.01178979136415636,0.04564802412596633,1.214306433183765e-17,0.0,0.0
2022-03-06,B2,-0.16976866453781977,-0.007405106956601122,0.008906352324819906,0.16826741916960095,0.17717377149442085,0.16086231221299982,-4.423544863740858e-17,0.0,0.0
2022-03-06,B3,-0.11917851060215855,-0.04039927169566618,0.009677663269922017,0.1499001190279027,0.1595777822978247,0.10950084733223653,-1.734723475976807e-18,0.0,0.0
2022-03-06,B4,-0.09258947803302843,-0.050536619038275485,0.024127169992351333,0.11899892707895257,0.14312609707130391,0.06846230804067709,-1.0408340855860843e-17,0.0,0.0
2022-03-06,B5,-0.023214940757859206,-0.07913774649289669,0.05859951028942445,0.043753176961331464,0.10235268725075591,-0.03538456953156523,1.734723475976807e-17,0.0,0.0
2022-03-06,B6,-0.06606810400928047,-0.023671286696496777,-0.05569157966216791,0.1454309703679451,0.0897393907057772,0.12175968367144833,-4.163336342344337e-17,0.0,0.0
2022-03-06,B7,-0.07750692061163361,-0.06739639010865858,-0.04826060505503013,0.19316391577532233,0.1449033107202922,0.12576752566666374,0.0,0.0,0.0
2022-03-06,B8,-0.027380502721760507,-0.03631011558919564,-0.02604802604802605,0.0897386443589822,0.06369061831095615,0.05342852876978656,0.0,0.0,0.0
2022-03-06,B9,-0.029222557567627993,-0.08598459443529866,0.010842834786496756,0.10436431721642989,0.11520715200292664,0.01837972278113123,-6.938893903907228e-18,0.0,0.0
2022-03-06,B10,-0.11913782892285486,0.006189525064617727,0.02520865936358894,0.0877396444946482,0.11294830385823715,0.09392916955926593,8.673617379884035e-18,0.0,0.0
2022-03-13,B1,-0.033006474399917024,-0.08301998547900187,0.026636887702461465,0.08938957217645746,0.11602645987891892,0.00636958669745559,3.122502256758253e-17,0.0,0.0
2022-03-13,B2,0.056874831343663626,-0.030590198992306104,0.0019556533603943592,-0.02824028571175191,-0.026284632351357553,-0.058830484704058016,-3.0357660829594124e-17,0.0,0.0
2022-03-13,B3,0.030658753104266287,-0.015730938878386898,-0.04621372178360948,0.0312859075577301,-0.014927814225879382,0.015554968679343202,6.938893903907228e-18,0.0,0.0
2022-03-13,B4,0.06692869050581447,0.023165858203246466,-0.009759585652442794,-0.08033496305661816,-0.09009454870906096,-0.0571691048533717,-1.9081958235744878e-17,0.0,0.0
2022-03-13,B5,0.001529500964984833,-0.021253791011855535,-0.041848290598290594,0.06157258064516129,0.019724290046870693,0.04031878963330575,-8.673617379884035e-18,0.0,0.0
2022-03-13,B6,0.022577164691962557,-0.020735842751479668,0.029399434576780112,-0.031240756517262984,-0.001841321940482872,-0.05197659926874265,1.734723475976807e-17,0.0,0.0
2022-03-13,B7,-0.013170289855072457,0.019149822018815155,0.07059610075914421,-0.07657563292288694,-0.0059795321637427234,-0.05742581090407178,-2.6020852139652106e-17,0.0,0.0
2022-03-13,B8,-0.03103390688660555,-0.009346074825834945,0.03240934096443842,0.007970640748002073,0.04037998171244049,-0.0013754340778328721,-1.734723475976807e-18,0.0,0.0
2022-03-13,B9,-0.0404418019201301,0.024227145403615993,0.03696895983273691,-0.02075430331622282,0.01621465651651409,0.003472842087393173,-1.3877787807814457e-17,0.0,0.0
2022-03-13,B10,0.01146509324041103,0.010531227676015251,0.029335132885081345,-0.051331453801507616,-0.02199632091642627,-0.04080022612549236,1.0408340855860843e-17,0.0,0.0
2022-03-20,B1,0.0465225627103852,0.06660380257284282,-0.03418404895185081,-0.0789423163313772,-0.113126365283228,-0.012338513758534383,6.938893903907228e-18,0.0,0.0
2022-03-20,B2,-0.010520080775083023,0.050435532322849905,-0.014362826715767888,-0.02555262483199897,-0.03991545154776686,0.024882907490850936,2.42861286636753e-17,0.0,0.0
2022-03-20,B3,-0.10195634022839907,0.08581353695324286,-0.04286858974358976,0.05901139301874596,0.0161428032751562,0.14482492997198881,-1.3877787807814457e-17,0.0,0.0
2022-03-20,B4,-0.009999697057683105,0.014138380397955088,-0.00618865268958359,0.002049969349311606,-0.004138683340271984,0.016188349747266694,-8.673617379884035e-19,0.0,0.0
2022-03-20,B5,-0.01625070331966884,0.007659882716597784,-0.013269309713275234,0.021860130316346277,0.008590820603071044,0.029520013032944062,-1.0408340855860843e-17,0.0,0.0
2022-03-20,B6,-0.03224832082169037,0.02690432966791663,0.007958552920509445,-0.0026145617667356737,0.005343991153773772,0.024289767901180957,2.862293735361732e-17,0.0,0.0
2022-03-20,B7,0.03772711921648092,-0.002388320898959192,0.005200945626477537,-0.040539743943999264,-0.03533879831752173,-0.042928064842958455,8.673617379884035e-19,0.0,0.0
2022-03-20,B8,0.016408399970149277,-0.03730667580375003,-0.01794608802038737,0.03884436385398813,0.02089827583360076,0.0015376880502381007,6.938893903907228e-18,0.0,0.0
2022-03-20,B9,0.006220717639402764,0.05168646424701787,-0.10154655801714624,0.0436393761307256,-0.05790718188642064,0.09532584037774347,-3.469446951953614e-18,0.0,0.0
2022-03-20,B10,0.044269774359107235,-0.008538213141275982,-0.019253360186640287,-0.01647820103119095,-0.035731561217831234,-0.02501641417246693,1.5612511283791264e-17,0.0,0.0
2022-03-27,B1,-0.023825950644401267,-0.05317298182466722,0.053191712683137875,0.023807219785930596,0.07699893246906847,-0.02936576203873662,-1.3877787807814457e-17,0.0,0.0
2022-03-27,B2,-0.002989840156039973,0.036598468792679806,-0.004540878079626914,-0.029067750557012936,-0.03360862863663985,0.00753071823566687,-1.734723475976807e-17,0.0,0.0
2022-03-27,B3,0.08210709469534888,-0.016184249889320497,0.0003933869225910321,-0.06631623172861942,-0.06592284480602839,-0.08250048161793991,-1.734723475976807e-18,0.0,0.0
2022-03-27,B4,-0.031846787523606875,-0.014057455198288518,-0.009971528373894359,0.05587577109578974,0.04590424272189538,0.04181831589750122,-8.673617379884035e-18,0.0,0.0
2022-03-27,B5,0.018421344869308666,0.010874148475958429,0.011277741865977159,-0.040573235211244264,-0.029295493345267105,-0.029699086735285835,-1.0408340855860843e-17,0.0,0.0
2022-03-27,B6,0.029692804826494668,0.012718525873606078,0.03929190215286473,-0.08170323285296545,-0.04241133070010072,-0.06898470697935938,2.7755575615628914e-17,0.0,0.0
2022-03-27,B7,-0.014881526507378564,-0.006662811087198871,0.07008778971035978,-0.048543452115782336,0.021544337594577447,-0.05520626320298121,1.214306433183765e-17,0.0,0.0
2022-03-27,B8,-0.03404812033844293,0.039737722043224906,0.010301466753079656,-0.01599106845786164,-0.005689601704781985,0.023746653585363264,-6.938893903907228e-18,0.0,0.0
2022-03-27,B9,0.024755313849443406,-0.08012284330604168,0.059939574033703584,-0.004572044577105304,0.05536752945659828,-0.08469488788314698,8.673617379884035e-18,0.0,0.0
2022-03-27,B10,-0.02690048723933891,-0.04176321634827712,0.00709807718650286,0.0615656264011132,0.06866370358761606,0.019802410052836082,3.209238430557093e-17,0.0,0.0
2022-04-03,B1,-0.0147441953989573,0.027508140008140003,-0.04338151927437641,0.030617574665193707,-0.012763944609182704,0.05812571467333371,0.0,0.0,0.0
2022-04-03,B2,-0.03147321528258796,-0.11634555415630206,0.014752748456334614,0.1330660209825554,0.14781876943889002,0.016720466826253347,1.734723475976807e-18,0.0,0.0
2022-04-03,B3,-0.02384034050340279,-0.012313305446955967,-0.028193569094304392,0.06434721504466313,0.03615364595035874,0.052033909597707165,-1.5612511283791264e-17,0.0,0.0
2022-04-03,B4,0.0034237547549854953,0.016971041222911546,0.02371573725908477,-0.04411053323698184,-0.020394795977897066,-0.02713949201407029,-2.42861286636753e-17,0.0,0.0
2022-04-03,B5,-0.009943607477421883,0.01391437678092024,0.01567653944374094,-0.019647308747239287,-0.003970769303498347,-0.005732931966319046,1.0408340855860843e-17,0.0,0.0
2022-04-03,B6,-0.020269446158243564,-0.006021630890753701,-0.021938504066087813,0.04822958111508507,0.026291077048997254,0.04220795022433137,-1.1275702593849246e-17,0.0,0.0
2022-04-03,B7,0.04227594114212884,-0.009530928957287287,0.024709374844085218,-0.057454387028926766,-0.03274501218484155,-0.06698531598621406,5.204170427930421e-18,0.0,0.0
2022-04-03,B8,0.024717013514806256,0.008020910306115462,-0.003927663338181545,-0.028810260482740158,-0.0327379238209217,-0.020789350176624696,1.5612511283791264e-17,0.0,0.0
2022-04-03,B9,0.004422853057306841,-0.01239092956529931,0.033353084823673065,-0.025385008315680576,0.00796807650799249,-0.03777593788097988,2.0816681711721685e-17,0.0,0.0
2022-04-03,B10,-0.035041245799258436,0.007211606706305049,0.003821703601436191,0.024007935491517196,0.027829639092953388,0.031219542197822244,0.0,0.0,0.0
2022-04-10,B1,0.050089672232529386,-0.02087842712842713,-0.024659863945578234,-0.004551381158524005,-0.029211245104102238,-0.025429808286951135,1.5612511283791264e-17,0.0,0.0
2022-04-10,B2,-0.00900166316526611,0.02690067059432468,-0.02438015666576248,0.006481149236703893,-0.01789900742905859,0.03338181983102857,-1.5612511283791264e-17,0.0,0.0
2022-04-10,B3,0.0053735296518093115,-0.012144081370318605,0.08094336219336219,-0.07417281047485287,0.006770551718509321,-0.08631689184517148,2.7755575615628914e-17,0.0,0.0
2022-04-10,B4,-0.02418701238359092,-0.031261433384923376,0.04409611520806791,0.011352330560446381,0.05544844576851429,-0.019909102824476995,-6.938893903907228e-18,0.0,0.0
2022-04-10,B5,-0.014749918074726254,-0.033729635903548945,-0.05707218328701705,0.1055517372652923,0.04847955397827525,0.07182210136174336,4.85722573273506e-17,0.0,0.0
2022-04-10,B6,-0.05137213665293374,-0.02807959865984163,-0.024221008854427444,0.1036727441672028,0.07945173531277536,0.07559314550736118,-1.0408340855860843e-17,0.0,0.0
2022-04-10,B7,-0.040186911482092205,-0.005465123898858839,-0.008525530694205393,0.05417756607515643,0.04565203538095104,0.048712442176297596,-3.469446951953614e-18,0.0,0.0
2022-04-10,B8,-0.0757595085818048,-0.017574677562794308,0.03470010975803534,0.05863407638656377,0.09333418614459911,0.04105939882376946,0.0,0.0,0.0
2022-04-10,B9,0.02518156649702865,-0.03626100887592356,-0.03299964466956655,0.044079087048461446,0.011079442378894896,0.007818078172537886,-1.3877787807814457e-17,0.0,0.0
2022-04-10,B10,0.0423697914925017,0.02351756363012156,0.0077751774452281975,-0.07366253256785146,-0.06588735512262327,-0.050144968937729906,-1.734723475976807e-18,0.0,0.0
2022-04-24,B1,-0.01355178969857869,0.008525177676553822,-0.04793942041648464,0.05296603243850952,0.005026612022024875,0.06149121011506334,6.938893903907228e-18,0.0,0.0
2022-04-24,B2,0.013277164065820492,-0.004143605295942665,0.017511741191865406,-0.02664529996174324,-0.009133558769877835,-0.030788905257685906,-7.806255641895632e-18,0.0,0.0
2022-04-24,B3,-0.008440906785047586,0.073025714700101,0.030887616320687185,-0.09547242423574058,-0.06458480791505339,-0.022446709535639583,1.5612511283791264e-17,0.0,0.0
2022-04-24,B4,-0.003839547663077078,0.015563631740102328,0.01712544521368051,-0.02884952929070576,-0.01172408407702525,-0.013285897550603432,0.0,0.0,0.0
2022-04-24,B5,0.0010891529523108499,0.008406260406260406,0.012814021066652644,-0.022309434425223897,-0.009495413358571254,-0.013903174018963491,2.168404344971009e-18,0.0,0.0
2022-04-24,B6,0.01739089668931566,0.0768088680094609,-0.031096602672689617,-0.06310316202608693,-0.09419976469877654,0.013705705983373978,2.0816681711721685e-17,0.0,0.0
2022-04-24,B7,0.06445277758176413,-0.015708475187568023,-0.006109285627357916,-0.04263501676683818,-0.048744302394196096,-0.058343491954406204,5.204170427930421e-18,0.0,0.0
2022-04-24,B8,-0.041260702906744606,-0.013987713610531038,0.005057742449673289,0.050190674067602366,0.055248416517275654,0.03620296045707133,1.0408340855860843e-17,0.0,0.0
2022-04-24,B9,-0.0025123786888492754,-0.030220977279800817,0.05704338145514616,-0.024310025486496082,0.03273335596865008,-0.054531002766296896,-1.3877787807814457e-17,0.0,0.0
2022-04-24,B10,0.025922177229366773,-0.01587776591861559,-0.014441983886428329,0.004397572575677151,-0.010044411310751178,-0.011480193342938438,6.938893903907228e-18,0.0,0.0
2022-05-01,B1,0.032562377282313044,-0.04272301094475357,-0.006126378529008523,0.016287012191449037,0.010160633662440514,-0.026435998753304536,-1.3877787807814457e-17,0.0,0.0
2022-05-01,B2,-0.015980158730158737,-0.023498203185703174,0.008939754689754692,0.030538607226107226,0.03947836191586192,0.007040404040404052,6.938893903907228e-18,0.0,0.0
2022-05-01,B3,0.04577582850220646,-0.033802024746906634,0.05958582100314384,-0.07155962475844366,-0.011973803755299814,-0.10536164950535029,1.3877787807814457e-17,0.0,0.0
2022-05-01,B4,0.003451371936334343,-0.037773197423573365,0.03272147721395842,0.0016003482732805966,0.03432182548723901,-0.03617284915029277,-6.5052130349130266e-18,0.0,0.0
2022-05-01,B5,-0.03880362062180245,-0.017142150466102055,0.013951200314836683,0.04199457077306781,0.055945771087904494,0.02485242030696576,-5.204170427930421e-18,0.0,0.0
2022-05-01,B6,-0.05313508832191937,-0.07334478003077075,0.08760496262423506,0.03887490572845505,0.1264798683526901,-0.0344698743023157,-6.938893903907228e-18,0.0,0.0
2022-05-01,B7,-0.026797706611607422,-0.011828058025718121,0.008418409842697712,0.03020735479462787,0.03862576463732558,0.018379296768909748,3.8163916471489756e-17,0.0,0.0
2022-05-01,B8,0.03578626648918427,0.0044452563351767595,-0.015067838144761222,-0.025163684679599795,-0.040231522824361016,-0.020718428344423036,8.673617379884035e-18,0.0,0.0
2022-05-01,B9,0.008894765827964207,-0.005036719291105255,-0.025470040905263572,0.021611994368404636,-0.003858046536858936,0.016575275077299383,1.5612511283791264e-17,0.0,0.0
2022-05-01,B10,-0.036831507862342266,0.04164385392953168,0.010654006410256413,-0.015466352477445823,-0.004812346067189411,0.02617750145208586,5.204170427930421e-18,0.0,0.0
2022-05-08,B1,-0.04338948248982851,0.027310981982262256,0.005369025438229589,0.010709475069336664,0.016078500507566255,0.03802045705159892,-1.734723475976807e-18,0.0,0.0
2022-05-08,B2,-0.049683728036669206,-0.007613700025464736,0.007731092436974784,0.049566335625159136,0.05729742806213392,0.0419526355996944,-2.2551405187698492e-17,0.0,0.0
2022-05-08,B3,-0.016109861735798765,0.05561129067500882,-0.04478112134408986,0.005279692404879793,-0.03950142893921007,0.06089098307988861,-1.3010426069826053e-17,0.0,0.0
2022-05-08,B4,0.012918669286425478,0.04764110241797869,-0.050598911178031517,-0.009960860526372645,-0.06055977170440416,0.03768024189160604,6.938893903907228e-18,0.0,0.0
2022-05-08,B5,0.007193652212449204,0.07378528426460756,-0.0158158101297199,-0.06516312634733686,-0.08097893647705676,0.008622157917270709,1.214306433183765e-17,0.0,0.0
2022-05-08,B6,0.04841102925624299,0.07838394998118609,-0.08218752595531531,-0.04460745328211372,-0.12679497923742902,0.033776496699072366,4.85722573273506e-17,0.0,0.0
2022-05-08,B7,0.0114976189086861,0.014052533617751007,0.04282727958617287,-0.06837743211260998,-0.02555015252643711,-0.05432489849485897,-1.734723475976807e-18,0.0,0.0
2022-05-08,B8,-0.03245923728049176,0.020238813534231147,0.026389881919618677,-0.014169458173358079,0.012220423746260598,0.006069355360873068,-1.214306433183765e-17,0.0,0.0
2022-05-08,B9,-0.0138652858913082,-0.010081430341653392,0.010789520269074173,0.013157195963887413,0.023946716232961587,0.0030757656222340207,-6.938893903907228e-18,0.0,0.0
2022-05-08,B10,0.01719330994161026,-0.048913160360839945,0.02636844032572675,0.005351410093502895,0.031719850419229645,-0.04356175026733705,-4.0766001685454967e-17,0.0,0.0
2022-05-15,B1,0.06354443595620067,0.01611153552330023,0.08638757321110263,-0.16604354469060356,-0.07965597147950093,-0.14993200916730334,-3.122502256758253e-17,0.0,0.0
2022-05-15,B2,0.10388438797569619,0.08616856706847928,0.1381490078548902,-0.3282019628990655,-0.1900529550441753,-0.24203339583058622,1.6653345369377348e-16,0.0,0.0
2022-05-15,B3,0.07096399316548573,-0.017083234620548057,0.1688509113882248,-0.2227316699331625,-0.05388075854493771,-0.23981490455371057,-3.8163916471489756e-17,0.0,0.0
2022-05-15,B4,-0.009033134448626476,-0.011898292938895688,0.18142015831936167,-0.16048873093183952,0.020931427387522156,-0.1723870238707352,-8.673617379884035e-18,0.0,0.0
2022-05-15,B5,0.021998198733473,-0.0740988395849574,0.20012975699493585,-0.14802911614345146,0.05210064085148439,-0.22212795572840888,-1.3877787807814457e-17,0.0,0.0
2022-05-15,B6,0.01356210260816093,-0.040535042669767526,0.06637438610226258,-0.039401446040655985,0.026972940061606596,-0.07993648871042351,0.0,0.0,0.0
2022-05-15,B7,-0.016449561119778102,0.008135536947951341,0.003372242140271299,0.004941782031555474,0.008314024171826773,0.013077318979506815,1.214306433183765e-17,0.0,0.0
2022-05-15,B8,0.019791420888592627,0.06140527378761173,0.0032199366894566763,-0.08441663136566104,-0.08119669467620436,-0.023011357578049306,-2.6020852139652106e-18,0.0,0.0
2022-05-15,B9,0.01814273297324145,0.00710878104945901,0.02664661139237411,-0.05189812541507456,-0.025251514022700452,-0.044789344365615553,8.673617379884035e-18,0.0,0.0
2022-05-15,B10,0.04140124660285951,0.00257586947103076,0.01262131237937689,-0.056598428453267145,-0.04397711607389025,-0.05402255898223639,1.3010426069826053e-17,0.0,0.0
2022-05-22,B1,-0.04378367435921392,-0.03239278706904606,-0.04434348624996105,0.1205199476782211,0.07617646142826005,0.08812716060917505,7.632783294297951e-17,0.0,0.0
2022-05-22,B2,-0.11427730835329568,-0.06873957755477504,-0.12527544110613598,0.3082923270142067,0.18301688590807075,0.23955274945943167,2.7755575615628914e-17,0.0,0.0
2022-05-22,B3,-0.017271686948248356,0.0273141793131498,-0.18249969132776273,0.17245719896286132,-0.0100424923649014,0.19977137827601113,4.163336342344337e-17,0.0,0.0
2022-05-22,B4,0.03457790666124,0.05216609008275674,-0.1481186406186406,0.06137464387464387,-0.08674399674399674,0.11354073395740061,0.0,0.0,0.0
2022-05-22,B5,0.07140765766322271,0.05924112842626624,-0.2561833347662656,0.1255345486767766,-0.130648786089489,0.18477567710304285,-3.469446951953614e-17,0.0,0.0
2022-05-22,B6,0.016088458344660217,0.06475828886723566,-0.039427043405249516,-0.04141970380664637,-0.08084674721189589,0.023338585060589286,-1.3877787807814457e-17,0.0,0.0
2022-05-22,B7,0.022024520049184215,0.012951047826625896,-0.0018145661869511196,-0.03316100168885899,-0.03497556787581011,-0.020209953862233097,-1.734723475976807e-18,0.0,0.0
2022-05-22,B8,0.10192692380140145,-0.021954264698289434,0.008398291496235678,-0.08837095059934773,-0.07997265910311205,-0.11032521529763717,-3.642919299551295e-17,0.0,0.0
2022-05-22,B9,0.023425127162297187,-0.010598259258083269,-0.034110702664168865,0.02128383475995497,-0.012826867904213897,0.0106855755018717,2.0816681711721685e-17,0.0,0.0
2022-05-22,B10,-0.019552736611560147,-0.0008137702255349259,0.00042340542340542657,0.019943101413689643,0.02036650683709507,0.019129331188154717,-3.903127820947816e-18,0.0,0.0
2022-05-29,B1,0.004581088984129865,-0.007730830568567347,0.013023155807303368,-0.009873414222865874,0.0031497415844374942,-0.017604244791433223,1.214306433183765e-17,0.0,0.0
2022-05-29,B2,-0.011389449758029822,0.03659939841964011,0.08049777932708449,-0.1057077279886948,-0.025209948661610304,-0.06910832956905469,-1.3877787807814457e-17,0.0,0.0
2022-05-29,B3,-0.07728524843218573,-0.036266081083756674,0.09854849060884625,0.015002838907096135,0.11355132951594239,-0.02126324217666054,-1.734723475976807e-17,0.0,0.0
2022-05-29,B4,-0.016247584614931553,-0.03666813749904129,0.008685648656494134,0.044230073457478696,0.05291572211397283,0.007561935958437405,-1.3877787807814457e-17,0.0,0.0
2022-05-29,B5,-0.0655351596893644,-0.0005693104935676301,0.0182562210237487,0.047848249159183315,0.06610447018293202,0.04727893866561569,-9.324138683375338e-18,0.0,0.0
2022-05-29,B6,-0.00019143709075059847,-0.03619349115725927,-0.02583345532620895,0.062218383574218834,0.03638492824800989,0.026024892416959565,1.6046192152785466e-17,0.0,0.0
2022-05-29,B7,0.011308411907726981,0.004576513668979421,-0.03985812133072406,0.023973195754017677,-0.015884925576706385,0.0285497094229971,1.734723475976807e-17,0.0,0.0
2022-05-29,B8,-0.06233926689326937,0.02155999739154135,-0.04984038987468422,0.09061965937641224,0.04077926950172802,0.11217965676795359,-3.469446951953614e-18,0.0,0.0
2022-05-29,B9,0.03633569566783258,0.0018762857020772662,0.03246561796106726,-0.07067759933097711,-0.03821198136990985,-0.06880131362889985,-3.469446951953614e-18,0.0,0.0
2022-05-29,B10,0.02096110250097245,0.08020633656149019,-0.0436516087979963,-0.05751583026446635,-0.10116743906246264,0.022690506297023842,-1.0408340855860843e-17,0.0,0.0
2022-06-05,B1,0.07739314325521222,-0.07151316116833357,-0.011480071652485452,0.005600089565606816,-0.005879982086878637,-0.06591307160272676,1.214306433183765e-17,0.0,0.0
2022-06-05,B2,-0.0014181131373980178,-0.10265779697853014,-0.04624936596269254,0.15032527607862067,0.10407591011592814,0.04766747910009053,-2.3418766925686896e-17,0.0,0.0
2022-06-05,B3,-0.0324988028373156,-0.06814944674267649,-0.019526123771406785,0.12017437335139888,0.1006482495799921,0.05202492660872239,6.938893903907228e-18,0.0,0.0
2022-06-05,B4,-0.009676353517232566,-0.06435869291536839,-0.0008110087753180955,0.07484605520791902,0.07403504643260093,0.010487362292550637,-2.5153490401663703e-17,0.0,0.0
2022-06-05,B5,-0.02151634366483721,-0.03239991118398579,0.045334881920247774,0.008581372928575233,0.05391625484882301,-0.023818538255410554,8.673617379884035e-18,0.0,0.0
2022-06-05,B6,-0.039815807967981884,0.004679304244521641,-0.0023763682459334635,0.037512871969393714,0.03513650372346025,0.042192176213915356,8.239936510889834e-18,0.0,0.0
2022-06-05,B7,-0.039609440267335,-0.015318057047380353,0.06687701396348014,-0.011949516648764764,0.05492749731471538,-0.027267573696145117,2.7755575615628914e-17,0.0,0.0
2022-06-05,B8,-0.060447009131219635,0.004215299198851833,0.030948699205278152,0.02528301072708968,0.056231709932367833,0.029498309925941515,3.122502256758253e-17,0.0,0.0
2022-06-05,B9,-0.03998681474719814,-0.021195754901825195,-0.019364572239971598,0.08054714188899495,0.061182569649023355,0.059351386987169755,1.734723475976807e-17,0.0,0.0
2022-06-05,B10,-0.0004363192878274096,-0.060327105222696874,0.012285152975408196,0.04847827153511609,0.060763424510524286,-0.011848833687580787,-8.673617379884035e-19,0.0,0.0
2022-06-12,B1,-0.06409247360826309,0.02392989291410344,-0.038153535353535356,0.07831611604769499,0.040162580694159636,0.10224600896179843,-1.3877787807814457e-17,0.0,0.0
2022-06-12,B2,-0.012024404993154995,0.05781430664243164,-0.0439896832130288,-0.0018002184362478626,-0.04578990164927666,0.056014088206183775,-1.6479873021779667e-17,0.0,0.0
2022-06-12,B3,-0.02203636097645314,0.01990344524906737,-0.018419547682220497,0.020552463409606276,0.002132915727385779,0.04045590865867364,1.0408340855860843e-17,0.0,0.0
2022-06-12,B4,-0.008796191682414585,-0.016702258893988214,0.024477826561860178,0.0010206240145426392,0.025498450576402817,-0.015681634879445575,1.734723475976807e-17,0.0,0.0
2022-06-12,B5,-0.011561494061494065,0.08033407950074617,-0.023105906439239772,-0.045666679000012374,-0.06877258543925215,0.034667400500733796,-4.163336342344337e-17,0.0,0.0
2022-06-12,B6,0.025174650746079323,-0.04823848373848373,0.009787157287157289,0.013276675705247137,0.023063832992404425,-0.03496180803323659,1.734723475976807e-17,0.0,0.0
2022-06-12,B7,0.04405726477918992,0.03565478533011001,-0.1012875122500791,0.021575462140779163,-0.07971205010929994,0.05723024747088917,-1.3877787807814457e-17,0.0,0.0
2022-06-12,B8,-0.030213653804158254,0.02653885432075343,-0.02757171117705242,0.03124651066045725,0.0036747994834048295,0.05778536498121068,6.938893903907228e-18,0.0,0.0
2022-06-12,B9,-0.03217743528946849,-0.02835078706448001,-0.029259698346835273,0.08978792070078376,0.06052822235394849,0.06143713363630375,-1.3877787807814457e-17,0.0,0.0
2022-06-12,B10,-0.005896774975389741,0.05494358747644896,-0.053941011802488045,0.004894199301428818,-0.04904681250105923,0.05983778677787778,-9.540979117872439e-18,0.0,0.0
2022-06-19,B1,0.00944710222727465,-0.07587812092122437,0.04765325670498084,0.01877776198896887,0.06643101869394971,-0.0571003589322555,-6.938893903907228e-18,0.0,0.0
2022-06-19,B2,-0.03087072576740966,0.02350710307300876,0.02645509057773681,-0.0190914678833359,0.007363622694400912,0.004415635189672862,1.3877787807814457e-17,0.0,0.0
2022-06-19,B3,0.007638341485434009,-0.009334492144339346,0.023816934810143634,-0.022120784151238304,0.00169615065890533,-0.03145527629557765,-6.938893903907228e-18,0.0,0.0
2022-06-19,B4,0.01273197816676077,-0.0021453298051763506,0.04571384284939271,-0.05630049121097715,-0.01058664836158444,-0.0584458210161535,-2.0816681711721685e-17,0.0,0.0
2022-06-19,B5,-0.0138990268990269,-0.03409768009768009,-0.04795545195545195,0.09595215895215896,0.04799670699670701,0.06185447885447887,1.734723475976807e-17,0.0,0.0
2022-06-19,B6,-0.00927122732069859,0.012769119003589638,-0.007802986942032653,0.004305095259141591,-0.0034978916828910618,0.01707421426273123,-1.3010426069826053e-17,0.0,0.0
2022-06-19,B7,0.033704151986341024,-0.0443276369667282,0.009671073680361589,0.0009524113000255741,0.010623484980387163,-0.04337522566670263,-1.3877787807814457e-17,0.0,0.0
2022-06-19,B8,0.06054566825980656,0.0036665108388534663,0.041419862291895315,-0.10563204139055526,-0.06421217909865995,-0.1019655305517018,7.892991815694472e-17,0.0,0.0
2022-06-19,B9,0.10857057061990646,0.010027023191159817,0.10297757095669811,-0.22157516476776434,-0.11859759381106623,-0.21154814157660454,5.204170427930421e-17,0.0,0.0
2022-06-19,B10,0.061993718447724354,-0.04885897979369789,0.24505568615360895,-0.25819042480763554,-0.01313473865402659,-0.30704940460133345,-1.249000902703301e-16,0.0,0.0
2022-06-26,B1,-0.035927845816734715,0.06644029632918523,-0.05189829512051735,0.021385844608066824,-0.030512450512450526,0.08782614093725205,-1.0408340855860843e-17,0.0,0.0
2022-06-26,B2,0.07932245047426449,-0.017785161396468196,0.018100504442526283,-0.0796377935203226,-0.06153728907779632,-0.0974229549167908,-2.42861286636753e-17,0.0,0.0
2022-06-26,B3,0.053643131062485916,0.030971671697478144,0.07028990274958018,-0.15490470550954424,-0.08461480275996407,-0.1239330338120661,-6.938893903907228e-18,0.0,0.0
2022-06-26,B4,0.07029921044582632,-0.006184056316940799,-0.017802876163524647,-0.04631227796536089,-0.06411515412888553,-0.05249633428230169,-1.3010426069826053e-17,0.0,0.0
2022-06-26,B5,0.00270270270270271,0.03543299793299794,0.03570551070551071,-0.07384121134121134,-0.03813570063570063,-0.038408213408213404,1.3877787807814457e-17,0.0,0.0
2022-06-26,B6,0.03712415581716494,-0.0036930732219486078,0.05717421720461235,-0.09060529979982865,-0.0334310825952163,-0.09429837302177725,3.0357660829594124e-17,0.0,0.0
2022-06-26,B7,-0.03381548613777592,-0.07440983389295404,0.1013514862854347,0.006873833745295264,0.10822532003072996,-0.06753600014765877,-1.734723475976807e-18,0.0,0.0
2022-06-26,B8,-0.05130635631074613,-0.02778854644526286,0.013506476939312763,0.06558842581669622,0.07909490275600897,0.03779987937143336,-6.938893903907228e-18,0.0,0.0
2022-06-26,B9,-0.14563659500368364,0.05013060076351217,0.03639407943205411,0.05911191480811732,0.09550599424017142,0.10924251557162948,-4.85722573273506e-17,0.0,0.0
2022-06-26,B10,-0.0338122227058047,0.04238142950391488,-0.21988799171534051,0.2113187849172303,-0.008569206798110213,0.2537002144211452,-3.469446951953614e-17,0.0,0.0
2022-07-10,B1,-0.036413582977050475,0.044425304084746806,-0.06339043309631545,0.055378711988619114,-0.008011721107696337,0.09980401607336592,-6.938893903907228e-18,0.0,0.0
2022-07-10,B2,-0.039061534940516916,0.061615460966548116,-0.047726477129814406,0.025172551103783202,-0.022553926026031203,0.08678801207033132,-3.469446951953614e-18,0.0,0.0
2022-07-10,B3,-0.009803089595333363,-0.04614508759938122,-0.0003808497852819219,0.05632902697999651,0.05594817719471459,0.010183939380615292,6.938893903907228e-18,0.0,0.0
2022-07-10,B4,0.0010130255456775967,-0.006140928392922402,0.033773998311635405,-0.02864609546439058,0.005127902847244823,-0.034787023857312985,1.8214596497756474e-17,0.0,0.0
2022-07-10,B5,-0.09117485232593148,0.021174748512878008,0.023077641782677752,0.04692246203037571,0.07000010381305347,0.06809721054325371,-1.0408340855860843e-17,0.0,0.0
2022-07-10,B6,0.05633132182310558,0.03078814691698712,-0.033255771377943326,-0.053863697362149354,-0.08711946874009269,-0.023075550445162234,2.0816681711721685e-17,0.0,0.0
2022-07-10,B7,0.056685110189292794,0.11464742127503123,-0.02164758377383119,-0.14968494769049287,-0.17133253146432406,-0.03503752641546164,-3.469446951953614e-17,0.0,0.0
2022-07-10,B8,-0.04492131177471674,0.06168657653370817,0.012376956691683039,-0.029142221450674532,-0.016765264758991493,0.03254435508303363,-6.591949208711867e-17,0.0,0.0
2022-07-10,B9,0.010200831171022929,0.09535517643548781,-0.04021113793280112,-0.0653448696737096,-0.10555600760651072,0.03001030676177821,1.734723475976807e-17,0.0,0.0
2022-07-10,B10,-0.027455774943361825,-0.02778666219579824,-0.026809022065086743,0.08205145920424681,0.055242437139160064,0.054264797008448565,0.0,0.0,0.0
2022-07-17,B1,0.02043843191033448,-0.04513521479429244,-0.008042900212054371,0.03273968309601231,0.024696782883957935,-0.01239553169828013,-1.9081958235744878e-17,0.0,0.0
2022-07-17,B2,0.08038146064461854,-0.00924549311966811,-0.00019193174337868565,-0.07094403578157178,-0.07113596752495047,-0.0801895289012399,-3.599551212651875e-17,0.0,0.0
2022-07-17,B3,-0.013188330604060942,0.017490312434132658,-0.02163894158276181,0.01733695975269009,-0.0043019818300717196,0.034827272186822744,-3.469446951953614e-18,0.0,0.0
2022-07-17,B4,-0.039502791820254464,0.029482078004607868,0.03194312300113139,-0.021922409185484774,0.010020713815646617,0.007559668819123094,2.0816681711721685e-17,0.0,0.0
2022-07-17,B5,-0.017157785983696924,-0.01890104946785108,0.047027578808955334,-0.010968743357407332,0.036058835451548005,-0.029869792825258413,-3.469446951953614e-18,0.0,0.0
2022-07-17,B6,-0.037777810176287334,0.008008055818969524,-0.00477087421884376,0.034540628576161574,0.029769754357317813,0.0425486843951311,3.469446951953614e-18,0.0,0.0
2022-07-17,B7,-0.09931560288703152,-0.06492508992508993,-0.018557568557568557,0.18279826136969,0.16424069281212145,0.11787317144460006,-1.3877787807814457e-17,0.0,0.0
2022-07-17,B8,-0.016712160836874806,0.019281545431431003,-0.04568476527286596,0.04311538067830976,-0.002569384594556204,0.062396926109740763,-6.938893903907228e-18,0.0,0.0
2022-07-17,B9,0.018394778428293304,-0.09692059092980755,-0.0162927702098209,0.09481858271133511,0.07852581250151422,-0.002102008218472437,-3.122502256758253e-17,0.0,0.0
2022-07-17,B10,-0.00905889766725321,0.03035617892742877,0.014711403093837259,-0.03600868435401281,-0.021297281260175552,-0.005652505426584041,6.938893903907228e-18,0.0,0.0
2022-07-24,B1,-0.008433941458632828,0.03111683698103451,-0.012638733009103379,-0.010044162513298314,-0.022682895522401693,0.021072674467736197,-1.214306433183765e-17,0.0,0.0
2022-07-24,B2,-0.06230160537718718,0.02230586142559566,0.002983137756983726,0.0370126061946078,0.03999574395159153,0.05931846762020346,3.469446951953614e-18,0.0,0.0
2022-07-24,B3,-0.010085195138415408,0.011960992882876345,-0.06051476336520535,0.05863896562074445,-0.0018757977444609011,0.0705999585036208,3.642919299551295e-17,0.0,0.0
2022-07-24,B4,0.004371037811116632,-0.05470621261974877,0.06615401369989375,-0.01581883889126161,0.050335174808632144,-0.07052505151101038,1.734723475976807e-18,0.0,0.0
2022-07-24,B5,0.007718214644001907,-0.0016681237722858547,-0.060740589575097384,0.054690498703381336,-0.006050090871716048,0.05302237493109548,4.336808689942018e-18,0.0,0.0
2022-07-24,B6,0.020331917864137607,-0.01662265110970021,0.028128248188300228,-0.03183751494273758,-0.003709266754437352,-0.04846016605243779,4.5102810375396984e-17,0.0,0.0
2022-07-24,B7,0.03146299449116351,0.00878905914117182,-0.024094997334433953,-0.01615705629790137,-0.04025205363233532,-0.007367997156729551,3.469446951953614e-18,0.0,0.0
2022-07-24,B8,-0.09239980217397424,-0.052824980927804716,-0.0011178514467988197,0.1463426345485778,0.14522478310177897,0.09351765362077308,1.734723475976807e-17,0.0,0.0
2022-07-24,B9,-0.060872933213358744,-0.037133339473765,0.023967049498964395,0.07403922318815936,0.09800627268712375,0.036905883714394364,1.3877787807814457e-17,0.0,0.0
2022-07-24,B10,0.004679269330685449,0.00968948343676013,-0.013954910578004258,-0.00041384218944132915,-0.014368752767445588,0.009275641247318802,-7.806255641895632e-18,0.0,0.0
2022-07-31,B1,0.012171274861630183,-0.0674262285937413,0.105938900355144,-0.050683946623032904,0.055254953732111096,-0.1181101752167742,-1.734723475976807e-17,0.0,0.0
2022-07-31,B2,-0.06667322576413486,-0.06659887047818082,0.021158291377727106,0.11211380486458856,0.13327209624231567,0.045514934386407746,-3.469446951953614e-18,0.0,0.0
2022-07-31,B3,-0.04636122424583963,-0.03687750995443303,0.04173492699133725,0.04150380720893541,0.08323873420027265,0.004626297254502379,-6.938893903907228e-18,0.0,0.0
2022-07-31,B4,-0.05682043224122724,0.01933288547571197,-0.036178015295759876,0.07366556206127511,0.03748754676551524,0.09299844753698708,-2.7755575615628914e-17,0.0,0.0
2022-07-31,B5,0.0011404994427065768,-0.01164562135133725,0.05725692174475425,-0.04675179983612355,0.010505121908630698,-0.0583974211874608,2.5153490401663703e-17,0.0,0.0
2022-07-31,B6,-0.018738861791205826,-0.025693417051977918,-0.014304736920261628,0.05873701576344535,0.04443227884318372,0.033043598711467434,-1.9081958235744878e-17,0.0,0.0
2022-07-31,B7,0.006208309510196296,-0.018262064538132065,0.03829606893162007,-0.026242313903684315,0.012053755027935754,-0.04450437844181638,-1.474514954580286e-17,0.0,0.0
2022-07-31,B8,0.03598139384670408,0.024960116886842174,0.04739316106466128,-0.10833467179820752,-0.06094151073354624,-0.08337455491136535,1.3877787807814457e-17,0.0,0.0
2022-07-31,B9,0.17169758026551174,-0.02190437333644188,-0.020508680765718715,-0.12928452616335115,-0.14979320692906986,-0.15118889949979303,-3.469446951953614e-18,0.0,0.0
2022-07-31,B10,-0.013864197017173377,-0.005054857678601072,0.033852538956557224,-0.014933484260782772,0.01891905469577445,-0.019988341939383845,1.734723475976807e-18,0.0,0.0
2022-08-07,B1,0.004552750303661292,-0.0007808433107756377,-0.06151369236351017,0.05774178537062451,-0.003771906992885661,0.05696094205984887,-6.938893903907228e-18,0.0,0.0
2022-08-07,B2,0.06875754612189704,0.011299977423736365,-0.01061079047193865,-0.06944673307369474,-0.08005752354563339,-0.05814675564995837,1.0408340855860843e-17,0.0,0.0
2022-08-07,B3,0.044700601732791764,0.00961116566724473,0.03952599391511338,-0.09383776131514986,-0.05431176740003647,-0.08422659564790513,2.0816681711721685e-17,0.0,0.0
2022-08-07,B4,0.028175875050875043,-0.023008807036584804,0.015890869247350725,-0.021057937261640968,-0.005167068014290243,-0.04406674429822577,-3.469446951953614e-18,0.0,0.0
2022-08-07,B5,0.05540738469923019,-0.04535901628176307,0.10036616935758565,-0.11041453777505278,-0.010048368417467132,-0.15577355405681587,-1.3877787807814457e-17,0.0,0.0
2022-08-07,B6,0.02030933610902555,-0.0024719165505914962,0.06397546574371107,-0.08181288530214517,-0.017837419558434098,-0.08428480185273667,-4.423544863740858e-17,0.0,0.0
2022-08-07,B7,0.018182241276411687,0.02916933589579329,0.02684313693282303,-0.07419471410502798,-0.04735157717220495,-0.04502537820923469,2.7755575615628914e-17,0.0,0.0
2022-08-07,B8,-0.005803118987380955,-0.014685116664588804,0.007682267860664737,0.01280596779130503,0.020488235651969767,-0.001879148873283774,7.806255641895632e-18,0.0,0.0
2022-08-07,B9,-0.09500207717119481,0.00293211920643135,0.05091384672148429,0.04115611124327919,0.09206995796476347,0.04408823044971054,1.5612511283791264e-17,0.0,0.0
2022-08-07,B10,-0.00955678922189731,-0.02077413417284684,-0.026763523362988997,0.05709444675773312,0.030330923394744122,0.03632031258488628,-2.949029909160572e-17,0.0,0.0
2022-08-14,B1,0.003577736395073859,0.04538246380351644,0.04056002043618143,-0.0895202206347717,-0.04896020019859027,-0.044137756831255266,2.6020852139652106e-17,0.0,0.0
2022-08-14,B2,-0.027851913088920512,0.04638647305694706,-0.008386453532084594,-0.010148106435941962,-0.018534559968026554,0.0362383666210051,-5.204170427930421e-18,0.0,0.0
2022-08-14,B3,0.022685329426455497,-0.03560358348302045,-0.10433336689150643,0.11725162094807141,0.012918254056564979,0.08164803746505096,2.42861286636753e-17,0.0,0.0
2022-08-14,B4,0.024152150944119533,-0.0025942563828269148,0.03790798664610813,-0.059465881207400734,-0.021557894561292604,-0.062060137590227646,1.474514954580286e-17,0.0,0.0
2022-08-14,B5,-0.0034285957405426433,-0.013466603455541508,-0.04693507082887614,0.0638302700249603,0.01689519919608417,0.0503636665694188,1.8214596497756474e-17,0.0,0.0
2022-08-14,B6,-0.010874455056687741,-8.990493828356849e-05,-0.055390674680096834,0.06635503467506816,0.010964359994971327,0.0662651297367846,1.7780915628762273e-17,0.0,0.0
2022-08-14,B7,-0.012876914061909793,0.004666025932010585,0.04125318447142829,-0.03304229634152908,0.008210888129899209,-0.028376270409518498,8.673617379884035e-19,0.0,0.0
2022-08-14,B8,-0.011448801254352228,0.03564756411953946,-0.002902746884301844,-0.021296015980885402,-0.024198762865187247,0.01435154813865406,-1.3010426069826053e-17,0.0,0.0
2022-08-14,B9,-0.012971465154563749,-0.005202325061479991,0.07699896347783673,-0.05882517326179297,0.01817379021604376,-0.06402749832327297,2.168404344971009e-17,0.0,0.0
2022-08-14,B10,-0.010924327865117336,-0.04186895268474216,0.03647107351712615,0.01632220703273335,0.052793280549859496,-0.02554674565200881,0.0,0.0,0.0
2022-08-21,B1,-0.005820493656816519,-0.03758911118776588,-0.05114383312253267,0.09455343796711507,0.0434096048445824,0.05696432677934919,1.734723475976807e-18,0.0,0.0
2022-08-21,B2,0.030321599224822263,-0.045720598191453694,0.041929822135119574,-0.02653082316848819,0.015398998966631383,-0.07225142135994189,-4.85722573273506e-17,0.0,0.0
2022-08-21,B3,-0.004863675967132032,-0.017698849226972107,0.03649819422351611,-0.013935669029411967,0.022562525194104146,-0.031634518256384074,6.938893903907228e-18,0.0,0.0
2022-08-21,B4,-0.015450397882362042,0.00891314827335787,-0.04049041661829018,0.04702766622729435,0.006537249609004175,0.05594081450065222,3.469446951953614e-18,0.0,0.0
2022-08-21,B5,-0.06694808071093611,0.037781020373276866,-0.06852936783366305,0.09769642817132233,0.029167060337659284,0.1354774485445992,4.163336342344337e-17,0.0,0.0
2022-08-21,B6,-0.0023218967700131005,-0.009207757448008603,-0.01550436373635317,0.027034017954374864,0.011529654218021695,0.01782626050636626,-8.673617379884035e-18,0.0,0.0
2022-08-21,B7,-0.020798953065389057,-0.08859725581844292,-0.10000126747531589,0.20939747635914793,0.10939620888383204,0.12080022054070501,6.245004513516506e-17,0.0,0.0
2022-08-21,B8,-0.03895168329861843,-0.0006926295504342517,-0.05728696444127666,0.09693127729032938,0.039644312849052725,0.09623864773989513,4.380176776841438e-17,0.0,0.0
2022-08-21,B9,0.001933914530110904,0.014290142998679041,-0.05886847046510912,0.04264441293631919,-0.01622405752878993,0.05693455593499823,1.6479873021779667e-17,0.0,0.0
2022-08-21,B10,0.017626874528880183,0.0489506070573509,-0.0413045039643505,-0.025272977621880563,-0.06657748158623106,0.02367762943547034,2.0816681711721685e-17,0.0,0.0
2022-08-28,B1,-0.05246721877156661,-0.021447393186523625,0.037753309492439914,0.0361613024656503,0.07391461195809021,0.014713909279126677,-2.0816681711721685e-17,0.0,0.0
2022-08-28,B2,-0.020410519286349633,0.0008475882262290019,0.012436228110729905,0.00712670294939074,0.019562931060120643,0.007974291175619742,1.3444106938820255e-17,0.0,0.0
2022-08-28,B3,-0.006510865909362151,0.0322276303479311,-0.057067045318925,0.03135028088035607,-0.025716764438568934,0.06357791122828717,1.5612511283791264e-17,0.0,0.0
2022-08-28,B4,0.00576746980136568,0.04437688154078315,0.002690154048849697,-0.05283450539099852,-0.05014435134214883,-0.008457623850215375,2.6020852139652106e-18,0.0,0.0
2022-08-28,B5,0.027725318390018922,-0.0009519537480063784,0.05514246038293226,-0.08191582502494482,-0.026773364642012562,-0.0828677787729512,-1.8214596497756474e-17,0.0,0.0
2022-08-28,B6,-0.0037724892512877002,0.012533580448108025,0.029027864653623957,-0.03778895585044427,-0.008761091196820312,-0.025255375402336244,1.3010426069826053e-17,0.0,0.0
2022-08-28,B7,-0.016682293640818985,0.06267912834733112,0.11114868234683904,-0.15714551705335117,-0.04599683470651213,-0.09446638870602005,1.0408340855860843e-17,0.0,0.0
2022-08-28,B8,0.05406009765106081,-0.00843964398661188,0.07208052054960498,-0.11770097421405383,-0.04562045366444885,-0.12614061820066572,8.326672684688674e-17,0.0,0.0
2022-08-28,B9,-0.026851382939012486,0.0010776539683525863,0.11890723767490494,-0.09313350870424501,0.025773728970659923,-0.09205585473589242,2.3635607360183997e-17,0.0,0.0
2022-08-28,B10,-0.03637567233466156,-0.025001795590030886,0.01783235612771653,0.04354511179697594,0.061377467924692466,0.018543316206945056,2.42861286636753e-17,0.0,0.0
2022-09-11,B1,-0.07752865316501681,-0.09591541791541792,0.07157242757242759,0.10187164350800713,0.17344407108043472,0.005956225592589209,-1.3877787807814457e-17,0.0,0.0
2022-09-11,B2,-0.008340173044697516,-0.04121237548061185,0.01756883680937235,0.031983711715937,0.04955254852530935,-0.00922866376467485,-1.3877787807814457e-17,0.0,0.0
2022-09-11,B3,-4.7619047619044605e-05,-0.11235873015873017,0.06474805194805194,0.04765829725829728,0.11240634920634923,-0.0647004329004329,8.673617379884035e-18,0.0,0.0
2022-09-11,B4,0.023593644400606423,-0.03842115163317695,0.0788983739537537,-0.06407086672118316,0.014827507232570536,-0.10249201835436011,1.0408340855860843e-17,0.0,0.0
2022-09-11,B5,0.021447922631191788,0.01889570813621446,0.08612588923541044,-0.1264695200028166,-0.04034363076740617,-0.10757381186660214,7.632783294297951e-17,0.0,0.0
2022-09-11,B6,0.0058045955367383925,-0.005105047069332791,-0.025307240709026426,0.0246076922416208,-0.0006995484674056258,0.01950264517228801,-2.42861286636753e-17,0.0,0.0
2022-09-11,B7,0.05918782183933035,-0.0001690930815659757,0.05264704864609603,-0.11166577740386041,-0.05901872875776438,-0.11183487048542638,-4.336808689942018e-18,0.0,0.0
2022-09-11,B8,-0.021699866135382412,0.0042196776929601335,0.016513220942710703,0.0009669674997115768,0.01748018844242228,0.00518664519267171,1.734723475976807e-18,0.0,0.0
2022-09-11,B9,-0.1020758189179242,-0.032741381425591944,0.08898356029934977,0.04583364004416636,0.13481720034351613,0.013092258618574416,-6.938893903907228e-18,0.0,0.0
2022-09-11,B10,-0.06684846676701878,0.014398144841583756,0.03380913204442616,0.0186411898810089,0.05245032192543506,0.033039334722592656,4.163336342344337e-17,0.0,0.0
2022-09-18,B1,0.06664477057334199,0.04397912933627218,-0.07134004884004884,-0.039283851069565376,-0.11062389990961422,0.004695278266706807,-4.163336342344337e-17,0.0,0.0
2022-09-18,B2,0.015285230342048518,0.003256870444370441,-0.012883412883412883,-0.005658687903006075,-0.018542100786418957,-0.0024018174586356343,8.673617379884035e-19,0.0,0.0
2022-09-18,B3,0.03365888483602553,0.1303534740263428,-0.04467459422841993,-0.11933776463394838,-0.1640123588623683,0.011015709392394435,3.469446951953614e-17,0.0,0.0
2022-09-18,B4,-0.00887277163076957,0.026227469545323002,-0.0951746195554245,0.07781992164087105,-0.01735469791455345,0.10404739118619405,-1.734723475976807e-17,0.0,0.0
2022-09-18,B5,0.006341627560114956,0.04651406016952235,-0.051434664775000916,-0.0014210229546363958,-0.052855687729637314,0.04509303721488595,-4.9873299934333204e-18,0.0,0.0
2022-09-18,B6,-0.005845426351709367,0.027304341863230434,-0.02491984070541191,0.00346092519389082,-0.02145891551152109,0.030765267057121255,-2.42861286636753e-17,0.0,0.0
2022-09-18,B7,-0.02603335055258131,0.004340815879277417,-0.036106023606023614,0.057798558279327505,0.02169253467330389,0.062139374158604925,-2.6020852139652106e-18,0.0,0.0
2022-09-18,B8,-0.045675951639254427,0.015373379593563075,-0.04356604998806832,0.07386862203375963,0.03030257204569131,0.08924200162732271,-3.9898639947466563e-17,0.0,0.0
2022-09-18,B9,-0.02100405077378762,0.04818111628587338,-0.08886119363093048,0.06168412811884472,-0.027177065512085763,0.1098652444047181,-6.938893903907228e-18,0.0,0.0
2022-09-18,B10,0.03356942265504734,0.060631003856062064,-0.07601077042140823,-0.01818965608970117,-0.09420042651110941,0.042441347766360896,0.0,0.0,0.0
2022-10-02,B1,-0.022826397826397817,-0.03381953381953381,-0.03491705991705991,0.09156299156299157,0.05664593164593166,0.05774345774345776,3.469446951953614e-17,0.0,0.0
2022-10-02,B2,0.013020988642078086,-0.018416688921841666,-0.05142351309999451,0.05681921337975808,0.00539570027976357,0.038402524457916414,-1.0408340855860843e-17,0.0,0.0
2022-10-02,B3,0.005061637834423455,-0.05499419279907084,0.04595309411740735,0.0039794608472400635,0.04993255496464741,-0.051014731951830775,2.42861286636753e-17,0.0,0.0
2022-10-02,B4,-0.022833062538944886,-0.03113697510756334,-0.027004148474736707,0.08097418612124496,0.053970037646508255,0.04983721101368162,2.7755575615628914e-17,0.0,0.0
2022-10-02,B5,-0.02329181235431236,-0.04066506410256411,0.002505827505827502,0.061451048951048956,0.06395687645687646,0.020785984848484845,-1.214306433183765e-17,0.0,0.0
2022-10-02,B6,-0.05956634731338289,-0.06959561198691637,-0.009902682185290883,0.1390646414855901,0.12916195930029922,0.06946902949867374,-2.7755575615628914e-17,0.0,0.0
2022-10-02,B7,-0.011363506612375392,0.04777420501402402,-0.06653614108365238,0.030125442682003775,-0.03641069840164861,0.0778996476960278,1.734723475976807e-17,0.0,0.0
2022-10-02,B8,0.004647255263378907,0.01563973867649724,-0.06860391167513138,0.04831691773525524,-0.020286993939876145,0.06395665641175248,1.734723475976807e-18,0.0,0.0
2022-10-02,B9,-0.040294659044659044,0.03367234617234618,-0.02687590187590188,0.033498214748214745,0.006622312872312866,0.06717056092056092,0.0,0.0,0.0
2022-10-02,B10,0.06394278412350701,0.011743184860654742,-0.061815334932804826,-0.01387063405135694,-0.07568596898416177,-0.002127449190702197,-1.0408340855860843e-17,0.0,0.0
2022-10-09,B1,0.01742707554225879,0.029144851657940677,-0.005385190725504861,-0.04118673647469462,-0.04657192720019948,-0.012041884816753941,-1.214306433183765e-17,0.0,0.0
2022-10-09,B2,0.014414597747931088,0.030261919150808038,-0.014331553220442106,-0.030344963678296998,-0.0446765168987391,-8.304452748895963e-05,2.2551405187698492e-17,0.0,0.0
2022-10-09,B3,0.0071778606432071875,0.08107935793579359,-0.0008863386338633841,-0.08737087994513736,-0.08825721857900073,-0.00629152200934377,3.382710778154774e-17,0.0,0.0
2022-10-09,B4,-0.012265144152899254,0.020939963286902067,0.0010595508044487613,-0.009734369938451596,-0.008674819134002833,0.011205593348450471,-2.168404344971009e-17,0.0,0.0
2022-10-09,B5,0.006704602962826648,0.027968556175793028,-0.05528990685240685,0.0206167477137872,-0.03467315913861965,0.048585303889580225,2.3418766925686896e-17,0.0,0.0
2022-10-09,B6,-0.01862923009712,-0.0272608125819135,-0.006316440949468474,0.052206483628501985,0.04589004267903351,0.024945671046588486,1.214306433183765e-17,0.0,0.0
2022-10-09,B7,-0.058743441588629874,-0.025378561466427578,-0.00817393903167962,0.09229594208673708,0.08412200305505746,0.0669173806203095,8.673617379884035e-18,0.0,0.0
2022-10-09,B8,-0.03346948750174556,-0.03650677279709538,-0.05059663454824744,0.12057289484708843,0.06997626029884099,0.08406612204999304,4.163336342344337e-17,0.0,0.0
2022-10-09,B9,0.06527479766610202,-0.053926218708827404,0.038100414078674955,-0.04944899303594956,-0.011348578957274605,-0.10337521174477696,6.938893903907228e-18,0.0,0.0
2022-10-09,B10,-0.05815123746867165,-0.05630482456140348,0.029411419172932326,0.08504464285714287,0.1144560620300752,0.02873981829573939,6.591949208711867e-17,0.0,0.0
2022-10-16,B1,0.04833928571428571,-0.05272619047619046,0.02336706349206349,-0.01898015873015873,0.004386904761904762,-0.07170634920634919,1.0408340855860843e-17,0.0,0.0
2022-10-16,B2,0.0412474721646621,-0.11538133190680963,0.02666662154643393,0.04746723819571362,0.07413385974214755,-0.06791409371109601,1.734723475976807e-17,0.0,0.0
2022-10-16,B3,0.020701985239430176,-0.05698838606327593,-0.0006245589946030491,0.03691095981844881,0.03628640082384576,-0.02007742624482712,7.806255641895632e-18,0.0,0.0
2022-10-16,B4,-0.011467531979702367,0.017984925887224737,-0.0009490897252898605,-0.0055683041822325065,-0.006517393907522367,0.01241662170499223,2.6020852139652106e-18,0.0,0.0
2022-10-16,B5,-0.034616349833741136,-0.012621034360164797,-0.017032645293514864,0.06427002948742078,0.04723738419390591,0.05164899512725598,-2.0816681711721685e-17,0.0,0.0
2022-10-16,B6,0.003254547412263634,0.013644591810720893,0.002669300277453769,-0.01956843950043829,-0.016899139222984524,-0.005923847689717399,3.903127820947816e-18,0.0,0.0
2022-10-16,B7,-0.018214285714285718,0.04841089466089467,0.05433621933621934,-0.08453282828282829,-0.03019660894660895,-0.036121933621933625,0.0,0.0,0.0
2022-10-16,B8,-0.05957824986951203,0.012289921513222484,0.021846079127632527,0.025442249228657,0.04728832835628953,0.037732170741879484,-2.0816681711721685e-17,0.0,0.0
2022-10-16,B9,-0.03986742424242424,0.01217532467532468,-0.015968406593406592,0.04366050616050616,0.027692099567099566,0.05583583083583084,6.938893903907228e-18,0.0,0.0
2022-10-16,B10,0.02957280366692131,0.040206603853662676,-0.06252020202020202,-0.007259205500381979,-0.069779407520584,0.0329473983532807,-9.540979117872439e-18,0.0,0.0
2022-10-23,B1,-0.05220077487200775,0.04370441202632983,-0.007587222518729368,0.016083585364407287,0.008496362845677919,0.05978799739073712,1.734723475976807e-18,0.0,0.0
2022-10-23,B2,-0.048949180632348946,0.07097391057787097,-0.03836059430118835,0.01633586435566632,-0.02202472994552203,0.0873097749335373,0.0,0.0,0.0
2022-10-23,B3,-0.07010914781812613,-0.02919388285979899,0.03263969354596993,0.06666333713195517,0.0993030306779251,0.037469454272156186,-1.734723475976807e-17,0.0,0.0
2022-10-23,B4,-0.025443093651755067,0.04272302500648957,0.05097487814023247,-0.06825480949496698,-0.01727993135473451,-0.025531784488477413,-6.938893903907228e-18,0.0,0.0
2022-10-23,B5,0.0008322798145807015,-0.0029674111532518622,-0.029999669484312895,0.032134800822984075,0.00213513133867118,0.029167389669732213,1.9081958235744878e-17,0.0,0.0
2022-10-23,B6,0.03559381408065618,-0.02990484022556391,-0.003225927033492818,-0.002463046821599474,-0.005688973855092292,-0.03236788704716338,-2.42861286636753e-17,0.0,0.0
2022-10-23,B7,0.0073281238535475865,-0.0075965465795974265,-0.02290153349475385,0.023169956220803686,0.00026842272604983564,0.01557340964120626,-4.336808689942018e-18,0.0,0.0
2022-10-23,B8,-0.0025656882799740127,-0.013686842258270833,-0.031880421166135466,0.04813295170438026,0.016252530538244797,0.03444610944610943,-4.85722573273506e-17,0.0,0.0
2022-10-23,B9,0.05422932330827068,0.02076441102756892,0.0024937343358396,-0.07748746867167922,-0.07499373433583961,-0.0567230576441103,-1.3877787807814457e-17,0.0,0.0
2022-10-23,B10,-0.023655607932502716,-7.645929096079937e-05,-0.015193514178802488,0.03892558140226602,0.02373206722346353,0.03884912211130522,1.6046192152785466e-17,0.0,0.0
2022-10-30,B1,0.04651118298356228,0.01449966470627628,-0.0069825720652166925,-0.05402827562462187,-0.06101084768983856,-0.039528610918345586,-3.469446951953614e-18,0.0,0.0
2022-10-30,B2,0.030818792163329983,0.00034023710494298504,0.03538304210573118,-0.06654207137400414,-0.031159029268272964,-0.06620183426906115,3.469446951953614e-18,0.0,0.0
2022-10-30,B3,-0.017910767910767907,0.03397070539927683,0.003753753753753754,-0.019813691242262673,-0.016059937488508917,0.014157014157014158,5.204170427930421e-18,0.0,0.0
2022-10-30,B4,0.047357825346955776,-0.015466397531614919,0.02477792939749462,-0.05666935721283548,-0.031891427815340864,-0.0721357547444504,-3.469446951953614e-18,0.0,0.0
2022-10-30,B5,0.01693442749267992,-0.031715210355987046,0.016782246879334252,-0.0020014640160271133,0.014780782863307139,-0.03371667437201416,1.214306433183765e-17,0.0,0.0
2022-10-30,B6,0.0036249669870359515,0.05522167487684729,-0.025185848634124496,-0.03366079322975875,-0.05884664186388325,0.02156088164708854,-5.204170427930421e-18,0.0,0.0
2022-10-30,B7,-0.014987930656133418,0.005628703094140872,-0.018394777265745003,0.027754004827737537,0.009359227561992534,0.03338270792187841,-1.3010426069826053e-17,0.0,0.0
2022-10-30,B8,-0.020539142096519136,-0.004989545973152527,0.010332850928191733,0.015195837141479943,0.025528688069671675,0.010206291168327416,1.214306433183765e-17,0.0,0.0
2022-10-30,B9,0.00048621866365357314,0.020369581844991685,0.0036599289492250013,-0.024515729457870235,-0.020855800508645234,-0.004146147612878549,2.5153490401663703e-17,0.0,0.0
2022-10-30,B10,-0.01865959912834914,0.017760964635964636,0.00512160980910981,-0.0042229753167253165,0.0008986344923844931,0.01353798931923932,-1.0408340855860843e-17,0.0,0.0
2022-11-06,B1,-0.039734479238555324,0.0017658849973161512,0.0062186086189709375,0.031749985622268224,0.03796859424123916,0.03351587061958437,-1.1275702593849246e-17,0.0,0.0
2022-11-06,B2,-0.025430355133532378,0.006797778819099888,0.015877263839220362,0.0027553124752121563,0.01863257631443252,0.009553091294312043,2.862293735361732e-17,0.0,0.0
2022-11-06,B3,0.006534084364273039,-0.048303701015965164,0.06630569378210889,-0.02453607713041675,0.04176961665169214,-0.07283977814638191,1.474514954580286e-17,0.0,0.0
2022-11-06,B4,-0.046491125674478065,-0.006643523334026768,-0.013040475447512058,0.06617512445601689,0.053134649008504835,0.05953160112199012,1.734723475976807e-18,0.0,0.0
2022-11-06,B5,-0.01979131979131979,0.03293604543604543,-0.005759287009287011,-0.007385438635438629,-0.01314472564472564,0.025550606800606803,3.469446951953614e-18,0.0,0.0
2022-11-06,B6,-0.014700623509994501,0.02202189926034598,-0.05429732868757261,0.0469760529372211,-0.007321275750351512,0.06899795219756708,-3.469446951953614e-17,0.0,0.0
2022-11-06,B7,0.04668342410277894,-0.0036676840824306275,0.009230554391844711,-0.05224629441219304,-0.04301574002034833,-0.05591397849462367,-1.9081958235744878e-17,0.0,0.0
2022-11-06,B8,-0.044143751350591745,0.0332464148832227,0.003996160673685101,0.006901175793683939,0.01089733646736904,0.04014759067690664,-6.938893903907228e-18,0.0,0.0
2022-11-06,B9,0.08347046472046472,-0.010569368902702233,0.0010561968895302235,-0.07395729270729272,-0.0729010958177625,-0.08452666160999495,-4.336808689942018e-18,0.0,0.0
2022-11-06,B10,0.09052502078817867,-0.011602351514632216,-0.0576048869908519,-0.02131778228269457,-0.07892266927354646,-0.032920133797326785,-1.3877787807814457e-17,0.0,0.0
2022-11-13,B1,-0.02041241704283071,-0.01573008194196774,0.0008146834715100381,0.03532781551328842,0.03614249898479845,0.019597733571320677,5.637851296924623e-18,0.0,0.0
2022-11-13,B2,-0.009865573023467756,-0.0753939393939394,-0.020771474139895198,0.10603098655730236,0.08525951241740717,0.030637047163362963,8.673617379884035e-18,0.0,0.0
2022-11-13,B3,0.030621396540679056,0.0225603245782618,-0.061125346999786445,0.007943625880845597,-0.053181721118940845,0.030503950459107396,6.938893903907228e-18,0.0,0.0
2022-11-13,B4,-0.016173134094820844,-0.011486856516977001,0.008970948729984874,0.018689041881812953,0.027659990611797827,0.007202185364835951,-1.9081958235744878e-17,0.0,0.0
2022-11-13,B5,0.01226879415733906,-0.015748080608761726,-0.029880130189727707,0.03335941664115037,0.0034792864514226647,0.017611336032388646,-1.734723475976807e-18,0.0,0.0
2022-11-13,B6,0.01977513227513228,-0.03595679012345678,0.0008818342151675467,0.01529982363315697,0.016181657848324517,-0.020656966490299813,1.3877787807814457e-17,0.0,0.0
2022-11-13,B7,-0.059068501249117986,-0.02025263649712989,0.05479194080515667,0.024529196941091222,0.07932113774624788,0.004276560443961332,1.3877787807814457e-17,0.0,0.0
2022-11-13,B8,0.014147367117664157,-0.023332809471423327,-0.052935769767452914,0.06212121212121213,0.009185442353759218,0.038788402649788806,4.85722573273506e-17,0.0,0.0
2022-11-13,B9,-0.10397212543554009,-0.004065040650406511,-0.03061556329849013,0.1386527293844367,0.10803716608594657,0.1345876887340302,-2.2551405187698492e-17,0.0,0.0
2022-11-13,B10,-0.08073665707893894,0.045965164589325674,-0.0014461489293704079,0.036217641418983704,0.034771492489613295,0.08218280600830938,2.8189256484623115e-17,0.0,0.0
2022-11-27,B1,-0.025565843621399176,0.061847810111699,-0.039651308054085836,0.0033693415637860193,-0.03628196649029981,0.06521715167548502,6.938893903907228e-18,0.0,0.0
2022-11-27,B2,-0.018548677095002977,-0.05467131377674509,0.0005974855815111396,0.07262250529023692,0.07321999087174806,0.01795119151349183,-6.938893903907228e-18,0.0,0.0
2022-11-27,B3,0.007121518328414879,-0.049200225062294024,0.05927243254829461,-0.017193725814415466,0.042078706733879145,-0.06639395087670949,0.0,0.0,0.0
2022-11-27,B4,0.03302717975536766,-0.038647500895823056,0.018360861733344957,-0.012740540592889602,0.005620321140455355,-0.051388041488712656,-3.9898639947466563e-17,0.0,0.0
2022-11-27,B5,0.025201483345466662,-0.01336306993622087,0.002377598957705611,-0.014216012366951393,-0.011838413409245782,-0.027579082303172263,1.0408340855860843e-17,0.0,0.0
2022-11-27,B6,0.004036264282165927,-0.016810157056058685,0.10809499243925474,-0.09532109966536197,0.012773892773892778,-0.11213125672142066,2.0816681711721685e-17,0.0,0.0
2022-11-27,B7,0.06214954400218197,0.016510757270308516,0.012656660602385282,-0.09131696187487577,-0.07866030127249049,-0.07480620460456726,-1.734723475976807e-18,0.0,0.0
2022-11-27,B8,0.00045962268184491205,-0.005643738977072308,-0.03556731334509111,0.0407514296403185,0.005184116295227387,0.03510769066324619,-9.432558900623889e-18,0.0,0.0
2022-11-27,B9,-0.06253094144398492,-0.010024451328799156,-0.01294555424990208,0.08550094702268617,0.07255539277278408,0.07547649569388701,5.204170427930421e-18,0.0,0.0
2022-11-27,B10,-0.03135588744588745,0.03482685314685314,0.010203846153846157,-0.013674811854811859,-0.0034709657009657016,0.02115204129204128,-1.3877787807814457e-17,0.0,0.0
2022-12-04,B1,-0.07853710166485497,-0.032957326569661376,-0.027521597345385895,0.13901602557990222,0.11149442823451633,0.10605869901024084,-2.0816681711721685e-17,0.0,0.0
2022-12-04,B2,-0.00026654848613305365,-0.0033540149267152256,0.06865710945829641,-0.06503654604544812,0.0036205634128482905,-0.06839056097216334,1.1275702593849246e-17,0.0,0.0
2022-12-04,B3,-0.017909407665505233,-0.0019066976384049545,-0.05422553056699399,0.07404163587090416,0.019816105303910175,0.07213493823249921,-1.214306433183765e-17,0.0,0.0
2022-12-04,B4,-0.09169281830641292,-0.0031962261049829975,-6.855361417515979e-05,0.09495759802557109,0.09488904441139594,0.0917613719205881,1.5612511283791264e-17,0.0,0.0
2022-12-04,B5,0.008122854284046042,0.05017928199746382,-0.05331549516041494,-0.004986641121094898,-0.05830213628150984,0.04519264087636892,2.0816681711721685e-17,0.0,0.0
2022-12-04,B6,-0.005219454329774619,-0.002633198216200108,-0.08127136975786758,0.08912402230384231,0.007852652545974725,0.0864908240876422,-1.734723475976807e-18,0.0,0.0
2022-12-04,B7,-0.1355490212912088,0.007181490384615383,0.024874799679487178,0.10349273122710623,0.12836753090659342,0.11067422161172161,-1.0408340855860843e-17,0.0,0.0
2022-12-04,B8,0.030331388753848627,-0.01865833062587625,-0.0060882660274141,-0.005584792100558273,-0.011673058127972372,-0.024243122726434523,2.6020852139652106e-18,0.0,0.0
2022-12-04,B9,0.011023848523848528,-0.022164209664209667,0.061530361530361524,-0.05039000039000039,0.011140361140361134,-0.07255421005421006,-5.204170427930421e-18,0.0,0.0
2022-12-04,B10,-0.011234464460270918,-0.03845133361262393,0.017930456640134058,0.03175534143276078,0.04968579807289483,-0.00669599217986315,-1.0408340855860843e-17,0.0,0.0
2022-12-11,B1,-0.06616030503110333,-0.01930033610180669,0.004170706744236155,0.08128993438867389,0.08546064113291005,0.061989598286867204,2.7755575615628914e-17,0.0,0.0
2022-12-11,B2,0.008198050161805356,0.004481478337687477,-0.05012779522583443,0.03744826672634159,-0.012679528499492838,0.04192974506402907,-6.071532165918825e-18,0.0,0.0
2022-12-11,B3,0.06567230495801925,-0.0005485076913648349,-0.03269902555616842,-0.03242477171048599,-0.0651237972666544,-0.032973279401850825,2.168404344971009e-18,0.0,0.0
2022-12-11,B4,0.0097917463619943,-0.015335410686650359,-0.0008620855728293762,0.0064057498974854285,0.005543664324656052,-0.00892966078916493,-6.938893903907228e-18,0.0,0.0
2022-12-11,B5,-0.066355107692827,-0.027014674328270812,0.0206854102687436,0.07268437175235418,0.09336978202109777,0.04566969742408336,-3.469446951953614e-17,0.0,0.0
2022-12-11,B6,0.01630407012243958,-0.006974557567952822,0.026664706751818996,-0.035994219306305766,-0.00932951255448677,-0.04296877687425859,-1.3010426069826053e-17,0.0,0.0
2022-12-11,B7,0.0023775793172344795,0.07780330301882026,-0.0217149947753396,-0.058465887560715156,-0.08018088233605475,0.0193374154581051,-2.0816681711721685e-17,0.0,0.0
2022-12-11,B8,0.015671554872072214,0.0580279017144317,-0.019028230184581975,-0.05467122640192193,-0.0736994565865039,0.0033566753125097715,1.0408340855860843e-17,0.0,0.0
2022-12-11,B9,0.052046374105197635,0.032805293834705596,-0.08554593554593555,0.0006942676060323174,-0.08485166793990323,0.033499561440737916,-2.6020852139652106e-18,0.0,0.0
2022-12-11,B10,-0.0034275481754473345,-0.0021074241662476967,-0.006609399781668688,0.012144372123363733,0.005534972341695045,0.010036947957116037,1.3444106938820255e-17,0.0,0.0
2022-12-18,B1,-0.004406662729566357,-0.014646148594834447,0.0480076014932085,-0.02895479016880767,0.01905281132440083,-0.043600938763642114,2.42861286636753e-17,0.0,0.0
2022-12-18,B2,0.005209206189598354,-0.006731975359426344,0.028675391420489464,-0.027152622250661465,0.001522769169827999,-0.03388459761008781,8.673617379884035e-18,0.0,0.0
2022-12-18,B3,0.005572538145380368,-0.015922134490028935,-0.007974282452017471,0.018323878796666037,0.010349596344648566,0.002401744306637102,-1.734723475976807e-18,0.0,0.0
2022-12-18,B4,0.06999870354864601,0.029684298877474636,-0.029278053608584025,-0.07040494881753663,-0.09968300242612066,-0.040720649940062,-6.938893903907228e-18,0.0,0.0
2022-12-18,B5,0.013782595908764132,0.012150077336993224,-0.0461504227859368,0.02021774954017945,-0.02593267324575735,0.03236782687717267,6.938893903907228e-18,0.0,0.0
2022-12-18,B6,-0.014964941104646984,-0.008887407527113414,0.03387403038138333,-0.010021681749622924,0.023852348631760403,-0.01890908927673634,5.204170427930421e-18,0.0,0.0
2022-12-18,B7,0.013061402761525162,0.0046782878484224934,0.006713997277032771,-0.02445368788698041,-0.01773969060994764,-0.01977540003855792,1.5612511283791264e-17,0.0,0.0
2022-12-18,B8,0.0023685106605898665,-0.09907210959191153,0.05882576352873382,0.03787783540258788,0.09670359893132169,-0.06119427418932365,3.642919299551295e-17,0.0,0.0
2022-12-18,B9,-0.028202160493827153,0.0412092151675485,0.08314043209876543,-0.09614748677248679,-0.01300705467372136,-0.054938271604938284,-1.0408340855860843e-17,0.0,0.0
2022-12-18,B10,-0.024318225634015103,-0.012836171215672598,-0.026060689080079663,0.06321508592976736,0.0371543968496877,0.050378914714094766,0.0,0.0,0.0
2023-01-08,B1,-0.06809192706628604,-0.08512973256562997,0.009047742381075717,0.1441739172508403,0.15322165963191603,0.05904418468521033,6.938893903907228e-18,0.0,0.0
2023-01-08,B2,-0.08037140656821506,-0.003366427701534085,-0.01304246876055387,0.09678030303030302,0.08373783426974915,0.09341387532876894,2.6020852139652106e-18,0.0,0.0
2023-01-08,B3,8.492542594005711e-05,0.027506647539442985,0.0284608665848508,-0.05605243955023384,-0.02759157296538304,-0.028545792010790855,3.469446951953614e-18,0.0,0.0
2023-01-08,B4,-0.012354539547522005,-0.07717505042066444,0.01916470469102048,0.070364885277166,0.08952958996818648,-0.006810165143498442,3.469446951953614e-17,0.0,0.0
2023-01-08,B5,0.012334787832795801,-0.026209934377265057,0.07667960636088127,-0.06280445981641199,0.01387514654446928,-0.08901439419367704,2.42861286636753e-17,0.0,0.0
2023-01-08,B6,0.011809851332877649,-0.04609008316245159,-0.0033709273182957328,0.037651159147869664,0.03428023182957393,-0.008438924014581926,-1.0408340855860843e-17,0.0,0.0
2023-01-08,B7,-0.1550076870170328,0.022314601286563897,0.04939818748229963,0.08329489824816927,0.1326930857304689,0.10560949953473317,-3.469446951953614e-18,0.0,0.0
2023-01-08,B8,-0.023235998290369757,-0.02489228507062348,-0.005109921975950685,0.05323820533694392,0.048128283360993236,0.02834592026632044,0.0,0.0,0.0
2023-01-08,B9,0.011777796518056258,0.09794434761967231,-0.05383191844230806,-0.055890225695420515,-0.10972214413772857,0.0420541219242518,0.0,0.0,0.0
2023-01-08,B10,0.016626498467396385,0.02616883908052186,-0.01756201087677411,-0.025233326671144137,-0.04279533754791825,0.0009355124093777221,-3.469446951953614e-18,0.0,0.0
2023-01-22,B1,0.04586862412949369,-0.04735275459913141,-0.08235948163484394,0.08384361210448166,0.0014841304696377178,0.03649085750535025,0.0,0.0,0.0
2023-01-22,B2,-0.016376969038565992,0.06202300023592802,-0.0012342326030538968,-0.044411798594308105,-0.045646031197362005,0.017611201641619917,2.7755575615628914e-17,0.0,0.0
2023-01-22,B3,-0.006391172180645867,0.007170444889743138,-0.0047174398051591055,0.003938167096061834,-0.0007792727090972715,0.011108611985804973,0.0,0.0,0.0
2023-01-22,B4,0.012925529379823013,-0.08131049313874796,0.022205693659987286,0.04617927009893768,0.06838496375892497,-0.035131223039810276,2.2551405187698492e-17,0.0,0.0
2023-01-22,B5,-0.05322910279991826,-0.00922235847128551,0.05602561482389809,0.006425846447305658,0.06245146127120375,-0.002796512023979853,-1.9949319973733282e-17,0.0,0.0
2023-01-22,B6,-0.0813337381541148,-0.0008436495278600518,-0.03015106573773885,0.11232845341971369,0.08217738768197484,0.11148480389185364,-1.9949319973733282e-17,0.0,0.0
2023-01-22,B7,-0.014622705412179091,0.02611088532141164,-0.007007007007006998,-0.004481172902225536,-0.011488179909232534,0.021629712419186105,1.5612511283791264e-17,0.0,0.0
2023-01-22,B8,0.00041747577505338307,0.00397066921716951,-0.016653020510293784,0.012264875518070886,-0.004388144992222898,0.016235544735240397,-4.336808689942018e-18,0.0,0.0
2023-01-22,B9,0.05725939583964276,-0.02217048497912696,0.0014345393975023586,-0.036523450258018175,-0.03508891086051582,-0.05869393523714514,-1.474514954580286e-17,0.0,0.0
2023-01-22,B10,-0.04676494545299211,0.02859628224059711,-0.0023459533663615284,0.02051461657875654,0.01816866321239501,0.04911089881935365,7.806255641895632e-18,0.0,0.0
2023-01-29,B1,-0.07356020942408378,0.030410122164048873,0.026468877254217572,0.01668121000581733,0.0431500872600349,0.047091332169866204,-6.938893903907228e-18,0.0,0.0
2023-01-29,B2,0.04108102918586788,-0.0640008960573477,0.03826164874551971,-0.015341781874039928,0.02291986687147978,-0.07934267793138762,-3.2959746043559335e-17,0.0,0.0
2023-01-29,B3,-0.04068115504464999,-0.003323467648072266,0.002620916375129504,0.041383706317592764,0.04400462269272227,0.0380602386695205,1.3010426069826053e-17,0.0,0.0
2023-01-29,B4,-0.042713773859953265,0.06319660406039142,-0.008177545968243643,-0.01230528423219451,-0.020482830200438153,0.050891319828196904,0.0,0.0,0.0
2023-01-29,B5,0.02466095851051604,0.04219725702026585,-0.05519959391640808,-0.011658621614373824,-0.0668582155307819,0.03053863540589203,-1.0408340855860843e-17,0.0,0.0
2023-01-29,B6,-0.009288828196391222,-0.02839390612499855,0.014708447481556728,0.022974286839833075,0.0376827343213898,-0.005419619285165475,3.122502256758253e-17,0.0,0.0
2023-01-29,B7,0.03607655502392344,-0.034630515683147255,-0.026068580542264755,0.024622541201488574,-0.0014460393407761812,-0.010007974481658681,6.938893903907228e-18,0.0,0.0
2023-01-29,B8,-0.06303735116337558,-0.024492459522508697,-0.002922531241598803,0.0904523419274831,0.0875298106858843,0.0659598824049744,1.3444106938820255e-17,0.0,0.0
2023-01-29,B9,-0.013220815752461321,-0.04097850110508337,-0.05105485232067509,0.10525416917821985,0.05419931685754476,0.06427566807313648,6.765421556309548e-17,0.0,0.0
2023-01-29,B10,0.013819793557696785,-0.06714378811153003,0.039127304147465444,0.014196690406367805,0.05332399455383325,-0.052947097705162226,3.469446951953614e-18,0.0,0.0
2023-02-05,B1,0.06017228456548844,0.018426638086832262,-0.04652488827246108,-0.03207403437985963,-0.07859892265232071,-0.013647396293027369,-1.0408340855860843e-17,0.0,0.0
2023-02-05,B2,-0.03251498550591873,0.021548175152774886,0.0050760698095948,0.005890740543549029,0.010966810353143829,0.027438915696323916,-1.214306433183765e-17,0.0,0.0
2023-02-05,B3,-0.009552154195011337,0.022834128916718203,0.027107973871366733,-0.040389948593073585,-0.013281974721706852,-0.01755581967635538,1.3877787807814457e-17,0.0,0.0
2023-02-05,B4,0.04535987788293402,-0.03267885737873017,0.0026227251044392075,-0.015303745608643053,-0.012681020504203847,-0.047982602987373224,8.673617379884035e-19,0.0,0.0
2023-02-05,B5,-0.002533299821305928,-0.032987905906164114,0.04269525992215069,-0.007174054194680634,0.03552120572747006,-0.040161960100844746,1.3010426069826053e-17,0.0,0.0
2023-02-05,B6,0.028936063936063936,0.04929126429126428,-0.020443778443778454,-0.05778354978354978,-0.07822732822732822,-0.0084922854922855,-1.734723475976807e-17,0.0,0.0
2023-02-05,B7,0.007545562084482911,0.037120279960837235,-0.034638551776986104,-0.010027290268334061,-0.04466584204532016,0.027092989692503174,-1.9081958235744878e-17,0.0,0.0
2023-02-05,B8,0.0011099247848896454,0.02005658298069461,-0.018764559293569526,-0.002401948472014732,-0.021166507765584257,0.01765463450867988,-4.336808689942018e-18,0.0,0.0
2023-02-05,B9,-0.04323543282873426,-0.008461753557447334,-0.021268205478731796,0.07296539186491338,0.051697186386181586,0.06450363830746605,-6.938893903907228e-18,0.0,0.0
2023-02-05,B10,0.008260094684727036,0.013370590806252572,-0.013781669719169717,-0.007849015771809886,-0.0216306854909796,0.005521575034442686,5.204170427930421e-18,0.0,0.0
2023-02-12,B1,-0.01593191964285715,-0.04142020089285715,0.0380859375,0.019266183035714292,0.05735212053571429,-0.022154017857142855,-3.469446951953614e-18,0.0,0.0
2023-02-12,B2,-0.04124419848483251,-0.024630532771743145,-0.036052788070079146,0.10192751932665473,0.06587473125657559,0.07729698655491157,-7.632783294297951e-17,0.0,0.0
2023-02-12,B3,0.022786539298770586,-0.04333368632849731,-0.0327754652068959,0.05332261223662262,0.020547147029726723,0.009988925908125314,0.0,0.0,0.0
2023-02-12,B4,-0.08306592236304697,0.02131680885674496,-0.02903798367057153,0.09078709717687351,0.06174911350630198,0.11210390603361847,-2.42861286636753e-17,0.0,0.0
2023-02-12,B5,0.06677260408967725,-0.057046070460704604,-0.03766937669376694,0.027942843064794276,-0.009726533628972661,-0.029103227395910328,-1.3877787807814457e-17,0.0,0.0
2023-02-12,B6,-0.02123791189286397,-0.07239630266786813,-0.0030979492640834465,0.09673216382481559,0.09363421456073213,0.024335861156947455,4.0332320816460765e-17,0.0,0.0
2023-02-12,B7,0.022198765715333427,-0.021019661136496993,0.009859298376823755,-0.011038402955660175,-0.00117910457883642,-0.03205806409215717,1.3877787807814457e-17,0.0,0.0
2023-02-12,B8,0.042309642788876015,-0.01292197035008537,0.07017254133867552,-0.09956021377746618,-0.02938767243879066,-0.11248218412755155,-1.5612511283791264e-17,0.0,0.0
2023-02-12,B9,0.008724937343358396,-0.055677139276763335,0.08150985723236662,-0.034557655298961695,0.04695220193340492,-0.09023479457572503,-1.734723475976807e-17,0.0,0.0
2023-02-12,B10,-0.025289348631284743,0.012238920020376971,0.0039069720263721006,0.009143456584535671,0.013050428610907772,0.021382376604912642,0.0,0.0,0.0
2023-02-26,B1,-0.00308262746323793,-0.047867692435344944,-0.033977161348538364,0.08492748124712125,0.05095031989858289,0.03705978881177631,1.5612511283791264e-17,0.0,0.0
2023-02-26,B2,0.009787338221404158,-0.05947093708082718,0.006451962770644089,0.04323163608877897,0.049683598859423056,-0.016239300992048213,3.469446951953614e-17,0.0,0.0
2023-02-26,B3,-0.0411144945787127,-0.0020410400212580553,0.027227975023025458,0.01592755957694527,0.04315553459997073,0.013886519555687215,-2.42861286636753e-17,0.0,0.0
2023-02-26,B4,-0.02459790847295405,-0.038503567863601894,0.009252087404512345,0.05384938893204362,0.06310147633655597,0.015345821068441727,2.2551405187698492e-17,0.0,0.0
2023-02-26,B5,-0.00032684681051287036,-0.06058993268612144,0.02003188046745216,0.04088489902918214,0.060916779496634293,-0.0197050336569393,-9.974659986866641e-18,0.0,0.0
2023-02-26,B6,-0.14229609364064705,-0.055865085972279536,-0.046716120222314056,0.24487729983524054,0.19816117961292648,0.189012213862961,-1.0408340855860843e-16,0.0,0.0
2023-02-26,B7,0.061543426453064994,-0.12569324918722508,0.08300951056975153,-0.018859687835591447,0.06414982273416009,-0.14455293702281652,3.469446951953614e-18,0.0,0.0
2023-02-26,B8,0.02629131585824499,-0.07007135471702401,0.043466157639385994,0.00031388121939303305,0.04378003885877903,-0.06975747349763098,6.5052130349130266e-18,0.0,0.0
2023-02-26,B9,0.053295109146173,-0.031528046421663444,0.049086610788738445,-0.07085367351324799,-0.021767062724509546,-0.10238171993491144,6.938893903907228e-18,0.0,0.0
2023-02-26,B10,0.025013113891066644,-0.04903804638056607,-0.018267318857870037,0.042292251347369456,0.02402493248949942,-0.006745795033196611,-3.469446951953614e-18,0.0,0.0
2023-03-05,B1,-0.011007326007326006,0.05057802197802197,0.01193040293040293,-0.05150109890109891,-0.039570695970695985,-0.0009230769230769431,-1.9081958235744878e-17,0.0,0.0
2023-03-05,B2,-0.04024444933324309,0.026772800604706784,0.00916402953586498,0.0043076191926713,0.01347164872853628,0.031080419797378085,-2.3418766925686896e-17,0.0,0.0
2023-03-05,B3,-0.061677085017333974,-0.04361456892577224,0.03401337021668972,0.07127828372641651,0.10529165394310623,0.027663714800644265,1.3877787807814457e-17,0.0,0.0
2023-03-05,B4,0.016493475032719217,-0.04758727222390013,0.0028774036041477914,0.02821639358703311,0.0310937971911809,-0.01937087863686702,-1.0408340855860843e-17,0.0,0.0
2023-03-05,B5,-0.10764345786372219,-0.06817705055590517,0.07511871388523372,0.10070179453439368,0.1758205084196274,0.03252474397848851,4.163336342344337e-17,0.0,0.0
2023-03-05,B6,0.05113439322019204,-0.06062176235992804,0.051061376985933195,-0.04157400784619719,0.009487369139736003,-0.10219577020612523,0.0,0.0,0.0
2023-03-05,B7,-0.031021111589831975,0.06422040308296233,-0.05443056153956628,0.02123127004643593,-0.03319929149313035,0.08545167312939826,0.0,0.0,0.0
2023-03-05,B8,-0.035239461514249046,0.03109454285091679,-0.009370406112615748,0.013515324775948015,0.004144918663332267,0.04460986762686481,1.214306433183765e-17,0.0,0.0
2023-03-05,B9,-0.007717541717541715,-0.012961334961334958,-0.01665120065120065,0.037330077330077344,0.020678876678876693,0.024368742368742386,2.0816681711721685e-17,0.0,0.0
2023-03-05,B10,-0.08284013509917125,-0.006176169880989159,0.005944490583044803,0.08307181439711558,0.08901630498016039,0.07689564451612643,-2.168404344971009e-17,0.0,0.0
2023-03-12,B1,-0.0364904295051354,0.004324229691876742,0.06587142432730668,-0.03370522451404804,0.03216619981325864,-0.029380994822171297,-1.3877787807814457e-17,0.0,0.0
2023-03-12,B2,-0.014011495308505918,-0.05712456567326385,-0.01365577527583314,0.08479183625760288,0.07113606098176974,0.02766727058433903,-2.7755575615628914e-17,0.0,0.0
2023-03-12,B3,-0.02225946096913839,-0.025805952879685602,0.04487501745566262,0.003190396393161375,0.048065413848824,-0.022615556486524226,5.204170427930421e-18,0.0,0.0
2023-03-12,B4,-0.01566567775267759,0.009371315680463952,-0.004761489486709473,0.011055851558923118,0.006294362072213645,0.02042716723938707,7.806255641895632e-18,0.0,0.0
2023-03-12,B5,-0.0030109213702963706,0.042158969502719496,-0.041438726204351205,0.0022906780719280763,-0.039148048132423126,0.044449647574647574,-3.469446951953614e-18,0.0,0.0
2023-03-12,B6,-0.09164303932955296,0.061050334768053556,0.02381592881054861,0.006776775750950777,0.030592704561499387,0.06782711051900434,-1.9949319973733282e-17,0.0,0.0
2023-03-12,B7,0.05420569118173909,-0.04588131429448794,0.05573212549260453,-0.06405650237985563,-0.008324376887251107,-0.10993781667434357,4.163336342344337e-17,0.0,0.0
2023-03-12,B8,-0.03659123978713362,0.024977563475248158,0.04586136580138128,-0.03424768948949586,0.011613676311885424,-0.0092701260142477,-3.8163916471489756e-17,0.0,0.0
2023-03-12,B9,-0.022897234495172638,-0.024698754853394032,0.05795249996280923,-0.010356510614242588,0.047595989348566646,-0.03505526546763662,-2.6020852139652106e-17,0.0,0.0
2023-03-12,B10,0.002441217544940192,-0.04089669500297519,0.08592227344713846,-0.047466795989103465,0.038455477458034994,-0.08836349099207866,-7.806255641895632e-18,0.0,0.0
2023-03-19,B1,-0.01275308690574603,0.0020693093991523345,-0.09980120458213598,0.11048498208872967,0.010683777506593689,0.11255429148788201,-6.938893903907228e-18,0.0,0.0
2023-03-19,B2,-0.0005226561517952238,-0.01723003817374678,0.024463946649377108,-0.006711252323835107,0.017752694325542002,-0.02394129049758189,-3.469446951953614e-18,0.0,0.0
2023-03-19,B3,0.04583632857979941,0.014893521849831344,-0.0365937669757538,-0.024136083453876966,-0.06072985042963076,-0.009242561604045622,-6.938893903907228e-18,0.0,0.0
2023-03-19,B4,0.004421828917796667,-0.033074650110940434,0.019679338731758096,0.008973482461385691,0.028652821193143788,-0.024101167649554743,1.9949319973733282e-17,0.0,0.0
2023-03-19,B5,-0.014215134459036896,-0.041053309833797624,0.002711922224117354,0.05255652206871718,0.055268444292834534,0.011503212234919555,1.2576745200831851e-17,0.0,0.0
2023-03-19,B6,0.01863544925020335,-0.0567272072190105,-0.049131578803709955,0.0872233367725171,0.03809175796880715,0.030496129553506605,0.0,0.0,0.0
2023-03-19,B7,-0.04467431294525769,0.02986314207348076,-0.0568935792866274,0.07170475015840434,0.01481117087177694,0.1015678922318851,6.938893903907228e-18,0.0,0.0
2023-03-19,B8,0.01680728971750644,0.0077841662980981845,-0.05519435844513246,0.030602902429527824,-0.024591456015604633,0.03838706872762601,-9.540979117872439e-18,0.0,0.0
2023-03-19,B9,0.03971954930504154,0.08038110421530109,-0.00929985385943935,-0.11080079966090332,-0.12010065352034267,-0.030419695445602232,-4.163336342344337e-17,0.0,0.0
2023-03-19,B10,-0.004826490049786169,0.039831370188810625,-0.02489791726168998,-0.010106962877334494,-0.035004880139024475,0.02972440731147613,-1.9081958235744878e-17,0.0,0.0
2023-03-26,B1,-0.018929057734204786,-0.11782543572984748,0.01838235294117647,0.11837214052287579,0.13675449346405225,0.0005467047930283048,-1.0408340855860843e-17,0.0,0.0
2023-03-26,B2,-0.07566180864053203,0.04086025845144385,-0.023868486292498457,0.05867003648158662,0.03480155018908816,0.09953029493303048,-1.3877787807814457e-17,0.0,0.0
2023-03-26,B3,-0.002776016718324412,-0.009552573494881186,-0.006868131868131875,0.019196722081337464,0.012328590213205589,0.009644148586456278,-9.540979117872439e-18,0.0,0.0
2023-03-26,B4,0.010612955784032797,0.026950149687382116,-0.0550042939812028,0.01744118850978786,-0.03756310547141494,0.04439133819716998,-2.7755575615628914e-17,0.0,0.0
2023-03-26,B5,0.010337293038714834,-0.017919205596930714,0.04884594078906873,-0.041264028230852894,0.007581912558215838,-0.05918323382778361,-4.163336342344337e-17,0.0,0.0
2023-03-26,B6,-0.025206891873558537,0.04264194411253235,-0.017493848743848742,5.8796504874931424e-05,-0.017435052238973812,0.042700740617407286,4.9873299934333204e-18,0.0,0.0
2023-03-26,B7,-0.018699892784560974,-0.037007729112992264,-0.0030060836696992332,0.05871370556725251,0.055707621897553274,0.021705976454260242,3.469446951953614e-17,0.0,0.0
2023-03-26,B8,-0.002828365929970209,0.01147847250788428,-0.004250391616701782,-0.004399714961212287,-0.008650106577914068,0.007078757546671993,2.168404344971009e-18,0.0,0.0
2023-03-26,B9,-0.03902893597630443,-0.040103668261563,0.0076659755449229134,0.0714666286929445,0.07913260423786742,0.031362960431381495,-1.8214596497756474e-17,0.0,0.0
2023-03-26,B10,0.010925508582597738,0.006518415943765031,-0.011840511723030515,-0.005603412803332242,-0.01744392452636276,0.0009150031404327888,1.1275702593849246e-17,0.0,0.0
2023-04-02,B1,-0.02029395335846949,0.09332379090443606,-0.03812045183012925,-0.03490938571583734,-0.07302983754596659,0.058414405188598716,-2.42861286636753e-17,0.0,0.0
2023-04-02,B2,0.0652552953683128,0.05090122825008447,-0.01664906142030325,-0.099507462198094,-0.11615652361839726,-0.04860623394800954,1.3877787807814457e-17,0.0,0.0
2023-04-02,B3,-0.006977336846836409,0.04551516723378243,0.0023523164593052506,-0.04089014684625125,-0.038537830386946,0.004625020387531181,2.2985086056692694e-17,0.0,0.0
2023-04-02,B4,0.00756207072383543,0.0957515171853407,0.0009473763517881192,-0.10426096426096428,-0.10331358790917616,-0.00850944707562358,-3.122502256758253e-17,0.0,0.0
2023-04-02,B5,0.0639069941807462,0.012899061932878356,-0.037175347266597936,-0.0396307088470266,-0.07680605611362454,-0.026731646914148248,2.2551405187698492e-17,0.0,0.0
2023-04-02,B6,0.01201035715582954,0.01360877961891364,0.006616296057289851,-0.032235432832033055,-0.025619136774743204,-0.018626653213119414,-2.42861286636753e-17,0.0,0.0
2023-04-02,B7,0.024162716235886967,0.055902148889953776,0.010928231659938979,-0.09099309678577971,-0.08006486512584074,-0.03509094789582594,6.938893903907228e-18,0.0,0.0
2023-04-02,B8,0.025407162713702167,-0.06534506742277389,0.04488641113258382,-0.004948506423512071,0.03993790470907175,-0.07029357384628596,2.42861286636753e-17,0.0,0.0
2023-04-02,B9,-0.0629269577955949,0.003001711540299391,0.0136857813171442,0.046239464938151315,0.059925246255295515,0.04924117647845071,5.204170427930421e-18,0.0,0.0
2023-04-02,B10,0.0017354090192321912,0.027944141789174575,-0.0007873330620476659,-0.028892217746359115,-0.02967955080840678,-0.0009480759571845396,-1.431146867680866e-17,0.0,0.0
2023-04-16,B1,-0.007890105537164354,0.026875618934442458,0.028211668505786155,-0.04719718190306423,-0.018985513397278077,-0.020321562968621774,2.6020852139652106e-17,0.0,0.0
2023-04-16,B2,0.006940838554210649,-0.025366905381440256,0.048896113576346156,-0.03047004674911653,0.018426066827229626,-0.05583695213055678,1.9081958235744878e-17,0.0,0.0
2023-04-16,B3,0.03888160917308899,0.06522431230951412,0.017058962462549905,-0.12116488394515301,-0.10410592148260311,-0.0559405716356389,0.0,0.0,0.0
2023-04-16,B4,0.05378590214984721,-0.046613768492144776,-0.004110109762988297,-0.00306202389471412,-0.0071721336577024175,-0.049675792386858895,1.3877787807814457e-17,0.0,0.0
2023-04-16,B5,-0.05396498849987223,-0.046901354459493984,0.041565721100604816,0.05930062185876139,0.10086634295936621,0.01239926739926741,-6.938893903907228e-18,0.0,0.0
2023-04-16,B6,0.04903866699886369,-0.07550226237134755,0.1358027297232159,-0.10933913435073203,0.026463595372483856,-0.18484139672207958,-6.938893903907228e-18,0.0,0.0
2023-04-16,B7,0.05715535558055244,-0.03312398450193725,-0.10017497812773404,0.07614360704911888,-0.024031371078615166,0.04301962254718163,2.0816681711721685e-17,0.0,0.0
2023-04-16,B8,-0.017177802743783027,-0.024537152179236858,-0.007683032876852939,0.04939798779987284,0.0417149549230199,0.02486083562063598,1.5612511283791264e-17,0.0,0.0
2023-04-16,B9,-0.04570791753890344,0.018606589029124244,-0.08141949339132437,0.1085208219011036,0.027101328509779227,0.12712741093022784,2.7755575615628914e-17,0.0,0.0
2023-04-16,B10,-0.019162827912827897,-0.007537370037370039,-0.0052810615310615264,0.031981259481259475,0.02670019795019795,0.024443889443889436,1.214306433183765e-17,0.0,0.0
2023-04-23,B1,-0.011670094394346889,-0.05660628592522282,0.03535832937826293,0.03291805094130675,0.06827638031956967,-0.02368823498391607,-2.949029909160572e-17,0.0,0.0
2023-04-23,B2,0.026513967832622373,0.023248050427527187,-0.04765901685791188,-0.0021030014022376756,-0.04976201826014955,0.021145049025289513,5.204170427930421e-18,0.0,0.0
2023-04-23,B3,-0.0515903811635519,0.03613574772111358,-0.010632017034456051,0.026086650476894357,0.015454633442438305,0.06222239819800794,-1.214306433183765e-17,0.0,0.0
2023-04-23,B4,-0.08178044522705552,0.00789875746318734,-0.009503358179397514,0.0833850459432657,0.07388168776386819,0.09128380340645305,1.214306433183765e-17,0.0,0.0
2023-04-23,B5,-0.07597117794486216,-0.011862041467304622,-0.02327599301283512,0.1111092124250019,0.08783321941216678,0.09924717095769728,-1.0408340855860843e-17,0.0,0.0
2023-04-23,B6,-0.03005433465903368,-0.02604668240922743,-0.05613490817572452,0.11223592524398564,0.056101017068261115,0.0861892428347582,3.469446951953614e-18,0.0,0.0
2023-04-23,B7,0.04316775786750283,-0.010684567512761346,0.021794942569345548,-0.054278132924087015,-0.03248319035474147,-0.06496270043684836,1.3877787807814457e-17,0.0,0.0
2023-04-23,B8,-0.026827194618605676,0.0240893990127119,0.03993722705379145,-0.037199431447897724,0.0027377956058937253,-0.013110032435185826,-5.204170427930421e-17,0.0,0.0
2023-04-23,B9,0.03996598639455782,-0.03966509680795395,0.08411826268969125,-0.08441915227629511,-0.00030088958660386134,-0.12408424908424906,6.938893903907228e-18,0.0,0.0
2023-04-23,B10,0.010126229731092949,-0.041033215349324775,0.037666723684960754,-0.006759738066728938,0.030906985618231818,-0.04779295341605371,-1.0408340855860843e-17,0.0,0.0
2023-04-30,B1,0.017720459365196204,0.023329265763476277,-0.06439023695602643,0.023340511827353944,-0.041049725128672485,0.04666977759083022,-3.469446951953614e-18,0.0,0.0
2023-04-30,B2,-0.05346337148562437,-0.0016398365975733601,0.008720267188009122,0.04638294089518862,0.05510320808319774,0.044743104297615265,1.474514954580286e-17,0.0,0.0
2023-04-30,B3,-0.01684006936107776,0.005710617580365486,0.036684673869547824,-0.025555222088835546,0.011129451780712278,-0.01984460450847006,3.469446951953614e-18,0.0,0.0
2023-04-30,B4,0.039590906668705524,0.01269622218388821,-0.004742498172289437,-0.04754463068030431,-0.05228712885259375,-0.0348484084964161,-1.3877787807814457e-17,0.0,0.0
2023-04-30,B5,0.08941682399832178,0.06891650933501153,0.0061306901615271695,-0.16446402349486056,-0.15833333333333338,-0.09554751415984902,-7.45931094670027e-17,0.0,0.0
2023-04-30,B6,-0.012091790562378817,0.023171175229998765,0.03586258186258187,-0.04694196653020182,-0.01107938466761995,-0.023770791300203056,-1.734723475976807e-18,0.0,0.0
2023-04-30,B7,-0.04485445305523699,-0.035823590809105056,0.057349783189104914,0.023328260675237123,0.08067804386434203,-0.012495330133867933,-1.0408340855860843e-17,0.0,0.0
2023-04-30,B8,-0.028522367512249177,-0.038323084335775144,0.041483012499990715,0.025362439348033602,0.06684545184802432,-0.012960644987741542,-3.469446951953614e-18,0.0,0.0
2023-04-30,B9,0.036940515759960206,0.001141862252973365,-0.015813661646994985,-0.022268716365938596,-0.038082378012933585,-0.02112685411296523,-1.0408340855860843e-17,0.0,0.0
2023-04-30,B10,0.032815631628995694,-0.011962511886475019,-0.03129518689196108,0.010442067149440425,-0.020853119742520652,-0.001520444737034594,2.2551405187698492e-17,0.0,0.0
2023-05-07,B1,0.014185585799138947,-0.0028669906271150116,0.0751294523553443,-0.08644804752736823,-0.011318595172023938,-0.08931503815448325,-2.6020852139652106e-18,0.0,0.0
2023-05-07,B2,0.011055117343460897,-0.007284612115900457,0.00883362547472977,-0.012604130702290224,-0.0037705052275604535,-0.019888742818190683,-1.3877787807814457e-17,0.0,0.0
2023-05-07,B3,0.04456597928820151,-0.05548353909465019,0.12996122190566634,-0.11904366209921766,0.010917559806448679,-0.17452720119386783,0.0,0.0,0.0
2023-05-07,B4,0.030798366748087416,-0.027901359968399073,0.04637077075624561,-0.049267777535933956,-0.0028970067796883422,-0.07716913750433303,0.0,0.0,0.0
2023-05-07,B5,-0.05149344881190317,0.0029468569775032197,0.07025072510582173,-0.021704133271421736,0.048546591834399994,-0.018757276293918518,4.2934406030425976e-17,0.0,0.0
2023-05-07,B6,0.02899696988094779,0.049510449648571195,-0.0710783078186393,-0.007429111710879679,-0.07850741952951898,0.04208133793769152,4.336808689942018e-18,0.0,0.0
2023-05-07,B7,0.031150840951977316,0.055062614153523246,0.0014427491700219012,-0.08765620427552243,-0.08621345510550052,-0.03259359012199918,3.642919299551295e-17,0.0,0.0
2023-05-07,B8,0.0413029624338655,0.0257866330484392,-0.059145778275852844,-0.007943817206451835,-0.06708959548230468,0.017842815841987367,1.9081958235744878e-17,0.0,0.0
2023-05-07,B9,-0.004040911587379992,0.033195505444576084,-0.013050871062023474,-0.016103722795172602,-0.029154593857196077,0.017091782649403482,1.6479873021779667e-17,0.0,0.0
2023-05-07,B10,-0.03096516885176679,0.035581643442468176,0.011449410706536236,-0.016065885297237625,-0.0046164745907013895,0.01951575814523055,-3.469446951953614e-18,0.0,0.0
2023-05-14,B1,0.10374649859943977,-0.0937062324929972,3.0637254901957857e-05,-0.010070903361344537,-0.01004026610644258,-0.10377713585434173,-9.75781955236954e-18,0.0,0.0
2023-05-14,B2,0.046303568839453996,0.06032362488274996,-0.024458223480779886,-0.08216897024142408,-0.10662719372220397,-0.02184534535867412,-1.0408340855860843e-17,0.0,0.0
2023-05-14,B3,-0.027072539042878024,0.14288367000231408,-0.16647794296099383,0.05066681200155778,-0.11581113095943604,0.19355048200387187,1.0408340855860843e-17,0.0,0.0
2023-05-14,B4,-0.026831722941348606,0.02244543088125976,-0.05268875732111026,0.057075049381199124,0.004386292060088864,0.07952048026245888,1.734723475976807e-17,0.0,0.0
2023-05-14,B5,0.052713617619277994,0.015641486396203382,-0.0515133503812749,-0.016841753634206473,-0.06835510401548137,-0.0012002672380030908,3.469446951953614e-18,0.0,0.0
2023-05-14,B6,-0.022031804531804533,-0.04324616824616824,0.07341006591006591,-0.008132093132093142,0.06527797277797276,-0.05137826137826138,-6.938893903907228e-18,0.0,0.0
2023-05-14,B7,-0.08470856628751368,-0.0035993524715329213,-0.0011790771189267484,0.08948699587797333,0.08830791875904659,0.08588764340644041,-1.5612511283791264e-17,0.0,0.0
2023-05-14,B8,-0.029071313009669177,-0.004395976930223501,-0.005420507954754526,0.038887797894647226,0.0334672899398927,0.03449182096442373,2.2551405187698492e-17,0.0,0.0
2023-05-14,B9,-0.017192730168015327,-0.05007312079555426,-0.023785382340515398,0.09105123330408504,0.06726585096356964,0.040978112508530784,5.898059818321144e-17,0.0,0.0
2023-05-14,B10,0.0691197894613816,0.024610032981239545,0.009333819676877884,-0.10306364211949905,-0.09372982244262117,-0.0784536091382595,-1.734723475976807e-17,0.0,0.0
2023-05-21,B1,0.020521912851458303,-0.0076494107744107705,-0.053436147186147157,0.04056364510909964,-0.012872502077047515,0.032914234334688874,1.734723475976807e-17,0.0,0.0
2023-05-21,B2,4.6002269120623204e-05,-0.048817784106048034,0.012467214424313056,0.03630456741261434,0.048771781836927396,-0.012513216693433693,-1.3877787807814457e-17,0.0,0.0
2023-05-21,B3,-0.056103479853479875,-0.08021520146520149,0.06638407532638302,0.06993460599229828,0.1363186813186813,-0.010280595472903206,-6.245004513516506e-17,0.0,0.0
2023-05-21,B4,-0.08941184155241545,-0.00457012686874844,0.01899634219249344,0.07498562622867053,0.09398196842116396,0.07041549935992208,7.45931094670027e-17,0.0,0.0
2023-05-21,B5,-0.019596250133162886,-0.04092761265580058,-0.038478747203579425,0.09900260999254289,0.06052386278896346,0.058074997336742304,-6.938893903907228e-18,0.0,0.0
2023-05-21,B6,-0.0708586267368137,-0.04453195529682783,-0.05602086770642013,0.17141144974006167,0.11539058203364154,0.12687949444323385,6.938893903907228e-18,0.0,0.0
2023-05-21,B7,0.023652585030157262,-0.0212874875419045,-0.004115110795114951,0.0017500133068622074,-0.002365097488252744,-0.019537474235042294,1.734723475976807e-17,0.0,0.0
2023-05-21,B8,-0.06087143964209396,0.1037188951167801,0.04958032622441083,-0.09242778169909695,-0.042847455474686116,0.011291113417683157,2.7755575615628914e-17,0.0,0.0
2023-05-21,B9,-0.0573605030922104,0.040472467911492296,0.008726560250950489,0.008161474929767617,0.016888035180718106,0.048633942841259915,3.469446951953614e-18,0.0,0.0
2023-05-21,B10,-0.12169463644702533,-0.026392078900421077,0.023858186532613946,0.12422852881483247,0.1480867153474464,0.0978364499144114,1.0408340855860843e-17,0.0,0.0
2023-05-28,B1,-0.11017599485341416,0.03559760132340777,-0.023706460803234998,0.09828485433324137,0.07457839353000636,0.13388245565664914,-1.3877787807814457e-17,0.0,0.0
2023-05-28,B2,-0.0256049100347346,0.00540917821619576,-0.05961083263714842,0.07980656445568726,0.020195731818538842,0.08521574267188302,3.469446951953614e-18,0.0,0.0
2023-05-28,B3,-0.020584007187780768,0.0027762803234501346,0.010949113779302458,0.00685861308502817,0.017807726864330627,0.009634893408478305,-6.071532165918825e-18,0.0,0.0
2023-05-28,B4,0.057280737153618505,0.012089722894807638,-0.031089139987445072,-0.03828132006098108,-0.06937046004842615,-0.026191597166173444,-1.0408340855860843e-17,0.0,0.0
2023-05-28,B5,0.03875600698995195,0.03950141983398864,0.06019276976845783,-0.13845019659239843,-0.0782574268239406,-0.0989487767584098,-1.3877787807814457e-17,0.0,0.0
2023-05-28,B6,0.0017190871647696192,0.07531904029118514,0.042395240166827906,-0.1194333676227827,-0.07703812745595479,-0.044114327331597564,-3.8163916471489756e-17,0.0,0.0
2023-05-28,B7,-0.020327481160814495,-0.020871546149323926,0.04977869866758757,-0.008579671357449147,0.04119902731013843,-0.029451217506773073,3.469446951953614e-18,0.0,0.0
2023-05-28,B8,-0.042152895413765,-0.04217874396135266,0.01809962983876027,0.06623200953635736,0.08433163937511762,0.024053265575004694,-3.469446951953614e-17,0.0,0.0
2023-05-28,B9,0.01597709336595387,-0.02308522114347357,0.06022022178128465,-0.05311209400376492,0.007108127777519735,-0.07619731514723849,3.469446951953614e-17,0.0,0.0
2023-05-28,B10,0.00417094334031389,-0.0038507537599036593,-0.0021271053555284533,0.001806915775118231,-0.0003201895804102223,-0.0020438379847854283,8.239936510889834e-18,0.0,0.0
2023-06-04,B1,0.1079744816586922,0.015020505809979497,-0.022932330827067665,-0.10006265664160399,-0.12299498746867166,-0.0850421508316245,3.469446951953614e-17,0.0,0.0
2023-06-04,B2,-0.07212998112998112,0.008629814629814624,0.05375979575979576,0.009740370740370752,0.06350016650016652,0.018370185370185376,1.734723475976807e-17,0.0,0.0
2023-06-04,B3,0.014909706808301467,0.009836966560581886,0.05636291695812226,-0.08110959032700558,-0.024746673368883323,-0.0712726237664237,2.949029909160572e-17,0.0,0.0
2023-06-04,B4,0.00811029362505775,0.01811960063478282,0.08829045513608089,-0.11452034939592147,-0.026229894259840583,-0.09640074876113865,-1.3877787807814457e-17,0.0,0.0
2023-06-04,B5,-0.026252419667053814,-0.09936120789779328,0.01281842818428185,0.11279519938056524,0.1256136275648471,0.013433991482771968,3.469446951953614e-18,0.0,0.0
2023-06-04,B6,-0.022294372294372283,-0.03199891300220248,0.017167563795853262,0.0371257215007215,0.05429328529657476,0.005126808498519021,0.0,0.0,0.0
2023-06-04,B7,-0.025023749699074366,0.002999814038775089,-0.01822785058079176,0.04025178624109106,0.022023935660299303,0.04325160027986615,2.6020852139652106e-17,0.0,0.0
2023-06-04,B8,-0.028638505162464304,0.04351325291623798,-0.015667561032839897,0.000792813279066224,-0.014874747753773673,0.0443060661953042,-8.673617379884035e-19,0.0,0.0
2023-06-04,B9,0.050784977599602536,0.036594400757244794,-0.06887929483720094,-0.018500083519646396,-0.08737937835684734,0.018094317237598398,-6.938893903907228e-18,0.0,0.0
2023-06-04,B10,-0.03489302193005897,0.0011920349883312786,0.0017440721144424847,0.031956914827285195,0.03370098694172768,0.033148949815616474,-1.2576745200831851e-17,0.0,0.0
2023-06-11,B1,-0.13624773263327478,0.009016730703477692,0.06361318289029133,0.0636178190395058,0.12723100192979714,0.07263454974298349,3.9898639947466563e-17,0.0,0.0
2023-06-11,B2,-0.006027307387601499,-0.0057957433815277,0.01927280508162861,-0.007449754312499399,0.011823050769129212,-0.013245497694027098,1.3010426069826053e-17,0.0,0.0
2023-06-11,B3,-0.010494062467746677,0.009387104123946229,-0.0029402858350226786,0.00404724417882313,0.0011069583438004515,0.013434348302769359,3.469446951953614e-18,0.0,0.0
2023-06-11,B4,-0.12658102169820923,-0.05839096522690273,-0.03971870866402115,0.22469069558913304,0.1849719869251119,0.1662997303622303,-6.245004513516506e-17,0.0,0.0
2023-06-11,B5,0.012823999309479568,0.05777059321363119,0.004176717356166345,-0.0747713098792771,-0.07059459252311076,-0.017000716665645912,0.0,0.0,0.0
2023-06-11,B6,-0.057910683760683763,0.03129206349206349,0.04792222222222222,-0.02130360195360196,0.02661862026862026,0.00998846153846153,-1.3877787807814457e-17,0.0,0.0
2023-06-11,B7,0.05069351277972378,0.0009471952196410376,-0.010024410375684491,-0.04161629762368034,-0.051640707999364835,-0.0406691024040393,-1.214306433183765e-17,0.0,0.0
2023-06-11,B8,0.015057775071279969,0.015941834817552264,0.020560868607910662,-0.05156047849674289,-0.030999609888832227,-0.035618643679190626,5.204170427930421e-18,0.0,0.0
2023-06-11,B9,-0.037866300366300364,-0.028977544194935503,0.018666587036152246,0.04817725752508363,0.06684384456123588,0.019199713330148128,1.0408340855860843e-17,0.0,0.0
2023-06-11,B10,0.007613647916727594,0.0002591125493194889,-0.021506039449660116,0.01363327898361303,-0.007872760466047086,0.013892391532932518,-2.6020852139652106e-18,0.0,0.0
2023-06-18,B1,0.13535816035816034,-0.04041884041884041,0.017727642727642722,-0.11266696266696266,-0.09493931993931994,-0.15308580308580308,-1.0408340855860843e-17,0.0,0.0
2023-06-18,B2,0.0009720890593373855,0.06509982374076331,0.043393365582962876,-0.10946527838306362,-0.06607191280010075,-0.04436545464230031,-4.7704895589362195e-17,0.0,0.0
2023-06-18,B3,0.08149153876426603,-0.0013685556867375024,-0.07060015741833925,-0.009522825659189287,-0.08012298307752853,-0.01089138134592679,-1.0408340855860843e-17,0.0,0.0
2023-06-18,B4,0.09072852383021876,-0.04527952649986548,-0.01976029055690073,-0.025688706773452523,-0.04544899733035325,-0.070968233273318,2.42861286636753e-17,0.0,0.0
2023-06-18,B5,0.0044735863095238075,-0.015234374999999998,-0.018796502976190486,0.029557291666666673,0.010760788690476187,0.014322916666666675,-3.469446951953614e-18,0.0,0.0
2023-06-18,B6,0.16709543013223999,-0.09079707783695516,-0.017866940489639875,-0.058431411805644984,-0.07629835229528487,-0.14922848964260016,-3.469446951953614e-17,0.0,0.0
2023-06-18,B7,-0.040928674500103075,0.018218482198074034,-0.016504697116942024,0.03921488941897104,0.022710192302029017,0.05743337161704508,-2.42861286636753e-17,0.0,0.0
2023-06-18,B8,0.002895705447192865,-0.03062166285278415,-0.027482716452968174,0.055208673858559466,0.027725957405591292,0.024587011005775317,7.37257477290143e-18,0.0,0.0
2023-06-18,B9,0.04294301712779974,-0.04040953008344313,0.028045605762997052,-0.030579092807353665,-0.002533487044356613,-0.0709886228907968,-3.469446951953614e-18,0.0,0.0
2023-06-18,B10,0.07907386450282118,-0.048733576525165946,0.09912729179541918,-0.1294675797730744,-0.030340287977655228,-0.17820115629824035,6.938893903907228e-18,0.0,0.0
2023-06-25,B1,-0.10498268398268398,-0.009629950296616965,-0.046108064774731464,0.16072069905403238,0.11461263427930092,0.1510907487574154,-2.7755575615628914e-17,0.0,0.0
2023-06-25,B2,0.017417708044384243,-0.06641450708141215,0.007908604596428656,0.04108819444059924,0.048996799037027895,-0.025326312640812913,-1.3877787807814457e-17,0.0,0.0
2023-06-25,B3,-0.08234539442230526,0.02661099428142174,-0.03391476454403518,0.08964916468491867,0.05573440014088349,0.1162601589663404,-3.469446951953614e-17,0.0,0.0
2023-06-25,B4,-0.01827942692228406,0.03032199546485262,0.017536899608328185,-0.02957946815089673,-0.012042568542568546,0.0007425273139558888,1.3877787807814457e-17,0.0,0.0
2023-06-25,B5,-0.010773639940306601,0.022162020078686756,-0.04472934472934472,0.0333409645909646,-0.011388380138380123,0.05550298466965135,3.122502256758253e-17,0.0,0.0
2023-06-25,B6,-0.1136536660831332,-0.01388069334316799,0.05567681903197301,0.07185754039432816,0.12753435942630117,0.05797684705116017,-1.0408340855860843e-17,0.0,0.0
2023-06-25,B7,-0.006378536922015173,-0.034541062801932365,-0.020726363008971696,0.061645962732919266,0.04091959972394757,0.0271048999309869,3.122502256758253e-17,0.0,0.0
2023-06-25,B8,0.03659937574895006,0.004810556982577107,0.006438807580448461,-0.0478487403119756,-0.04140993273152714,-0.04303818332939849,2.7755575615628914e-17,0.0,0.0
2023-06-25,B9,0.002204510699656332,-0.028554091539528426,-0.030786231028949465,0.05713581186882157,0.026349580839872107,0.028581720329293146,1.3010426069826053e-17,0.0,0.0
2023-06-25,B10,-0.037232106103579465,0.011918196745782953,-0.029113277875033358,0.05442718723282985,0.02531390935779649,0.0663453839786128,-2.2551405187698492e-17,0.0,0.0
2023-07-09,B1,0.1913996439697374,0.01780151312861593,-0.09526034712950601,-0.11394080996884735,-0.20920115709835335,-0.09613929684023143,-2.7755575615628914e-17,0.0,0.0
2023-07-09,B2,0.12429927599282438,0.013983194225129707,-0.028337173579109063,-0.10994529663884507,-0.13828247021795415,-0.09596210241371536,-4.85722573273506e-17,0.0,0.0
2023-07-09,B3,-0.07232735518449804,0.03462585034013605,0.04722737579880438,-0.009525870954442385,0.037701504844361994,0.025099979385693666,6.938893903907228e-18,0.0,0.0
2023-07-09,B4,-0.06466136014523112,0.036089698831634306,0.07540962621607783,-0.04683796490248102,0.028571661313596806,-0.010748266070846717,-6.938893903907228e-18,0.0,0.0
2023-07-09,B5,0.023117103984450924,0.0012755102040816323,0.08592079689018466,-0.11031341107871719,-0.02439261418853253,-0.10903790087463555,2.6020852139652106e-17,0.0,0.0
2023-07-09,B6,0.06509712337885712,0.021252142536972256,-0.00914582207151866,-0.07720344384431072,-0.08634926591582938,-0.055951301307338455,0.0,0.0,0.0
2023-07-09,B7,0.03831025802391441,-0.05653450807635829,0.004573106775749943,0.013651143276693945,0.018224250052443887,-0.04288336479966435,7.806255641895632e-18,0.0,0.0
2023-07-09,B8,0.003189530231629738,0.020222647469777047,0.06816466626745468,-0.09157684396886147,-0.023412177701406786,-0.07135419649908442,-1.3010426069826053e-18,0.0,0.0
2023-07-09,B9,0.026190476190476184,-0.008517952635599698,-0.045352686529157124,0.02768016297428063,-0.017672523554876494,0.01916221033868093,-8.673617379884035e-18,0.0,0.0
2023-07-09,B10,0.08625337731785523,0.0276601926119611,-0.009794206282613797,-0.10411936364720252,-0.11391356992981631,-0.07645917103524141,1.734723475976807e-17,0.0,0.0
2023-07-16,B1,-0.10419969723842028,0.01999838766022626,0.10314655784652829,-0.01894524826833428,0.08420130957819401,0.0010531393918919787,-6.938893903907228e-18,0.0,0.0
2023-07-16,B2,-0.11872219476025703,0.08382015907967466,0.006216015818091941,0.02868601986249045,0.034902035680582394,0.11250617894216511,2.5153490401663703e-17,0.0,0.0
2023-07-16,B3,0.08533649959052522,0.017589680192374897,-0.0818480092223109,-0.02107817056058922,-0.10292617978290013,-0.003488490368214324,-6.938893903907228e-18,0.0,0.0
2023-07-16,B4,0.06426916103468164,0.022390793805980372,-0.04144183989385228,-0.04521811494680976,-0.08665995484066204,-0.022827321140829387,-2.7755575615628914e-17,0.0,0.0
2023-07-16,B5,0.07032865094089585,-0.0019325912183055039,-0.08763067997761875,0.019234620255028423,-0.06839605972259033,0.01730202903672292,1.9949319973733282e-17,0.0,0.0
2023-07-16,B6,-0.09094614757880064,-0.015024148187413496,-0.006320002748574181,0.11229029851478828,0.1059702957662141,0.09726615032737479,-3.5561831257524545e-17,0.0,0.0
2023-07-16,B7,-0.020383907509656005,0.003732794151955829,-0.04120330767037355,0.0578544210280737,0.01665111335770015,0.06158721518002953,-2.6020852139652106e-17,0.0,0.0
2023-07-16,B8,-0.07974018484399108,0.05737990383319103,0.062427912341407196,-0.04006763133060708,0.022360281010800113,0.01731227250258395,6.938893903907228e-17,0.0,0.0
2023-07-16,B9,0.029858041899926732,-0.055016129885239816,-0.013172110030748772,0.03833019801606187,0.025158087985313098,-0.016685931869177946,1.3877787807814457e-17,0.0,0.0
2023-07-16,B10,-0.014152528167679678,-0.002783790283790288,0.044494244999295496,-0.027557926547825535,0.01693631845146996,-0.030341716831615823,-5.637851296924623e-18,0.0,0.0
2023-07-23,B1,0.01736356847649512,-0.047747382529517615,-0.01309722647776388,0.043481040530786365,0.030383814053022484,-0.00426634199873125,-1.0408340855860843e-17,0.0,0.0
2023-07-23,B2,0.041287438848414466,-0.04181155339691923,-0.05014781966001478,0.05067193420851954,0.0005241145485047546,0.008860380811600309,-6.938893903907228e-18,0.0,0.0
2023-07-23,B3,-0.060020474881155986,-0.0454813504349108,0.09583110388063948,0.009670721435427316,0.10550182531606679,-0.03581062899948348,1.0408340855860843e-17,0.0,0.0
2023-07-23,B4,-0.08633820405985439,0.03178637110855275,-0.017039345208446986,0.07159117815974864,0.05455183295130165,0.1033775492683014,1.3877787807814457e-17,0.0,0.0
2023-07-23,B5,-0.16894907309570772,0.014842796092796094,0.034025062811120506,0.12008121419179112,0.15410627700291163,0.1349240102845872,-8.673617379884035e-18,0.0,0.0
2023-07-23,B6,-0.03285183181016514,0.0002728174603174624,0.08927569344236011,-0.056696679092512414,0.032579014349847696,-0.056423861632194955,1.691355389077387e-17,0.0,0.0
2023-07-23,B7,-0.12225428892095558,0.012018999518999518,0.15158529741863075,-0.041350008016674676,0.11023528940195607,-0.029331008497675157,1.214306433183765e-17,0.0,0.0
2023-07-23,B8,-0.029495820173992264,-0.03373530941591223,0.04862214569312284,0.014608983896781658,0.0632311295899045,-0.019126325519130575,3.469446951953614e-18,0.0,0.0
2023-07-23,B9,-0.02256201278547647,0.01739461655662772,0.07257184156625497,-0.06740444533740622,0.00516739622884875,-0.050009828780778504,0.0,0.0,0.0
2023-07-23,B10,-0.012383312117354675,-0.05152073104200763,0.0026095653755228215,0.0612944777838395,0.06390404315936232,0.009773746741831874,1.9949319973733282e-17,0.0,0.0
2023-07-30,B1,-0.069980694980695,-0.02718790218790218,0.07269259054973341,0.024476006618863774,0.09716859716859719,-0.0027118955690384056,1.3877787807814457e-17,0.0,0.0
2023-07-30,B2,-0.007529129978109565,-0.033528678426637606,0.1436831875607386,-0.1026253791559914,0.04105780840474721,-0.136154057582629,3.729655473350135e-17,0.0,0.0
2023-07-30,B3,-0.0406632110579479,0.014068472950051897,-0.007431773879142302,0.03402651198703831,0.026594738107896004,0.048094984937090204,8.673617379884035e-19,0.0,0.0
2023-07-30,B4,-0.014737803460629539,-0.06383547008547011,0.02985324608965914,0.04872002745644051,0.07857327354609965,-0.015115442629029599,3.469446951953614e-18,0.0,0.0
2023-07-30,B5,-0.003330029264608702,-0.016237656424572314,0.08680405783209522,-0.0672363721429142,0.01956768568918102,-0.08347402856748651,2.6020852139652106e-18,0.0,0.0
2023-07-30,B6,-0.01262643247677719,-0.0008388007000752901,-0.05067582306526312,0.06414105624211558,0.013465233176852456,0.06330225554204029,-2.42861286636753e-17,0.0,0.0
2023-07-30,B7,0.08098145635459067,-0.023772551384491684,-0.1459646213377557,0.08875571636765671,-0.05720890497009899,0.06498316498316503,-6.938893903907228e-18,0.0,0.0
2023-07-30,B8,0.06786627874290212,-0.028678950919210657,-0.08783381121043457,0.04864648338674313,-0.03918732782369144,0.01996753246753247,1.734723475976807e-17,0.0,0.0
2023-07-30,B9,0.03674538493444224,0.029095067959696793,-0.11593480583976344,0.05009435294562447,-0.06584045289413898,0.07918942090532126,5.898059818321144e-17,0.0,0.0
2023-07-30,B10,-0.030455707814198374,0.022200283992736825,-0.04266227483208615,0.050917698653547706,0.008255423821461556,0.07311798264628452,6.938893903907228e-18,0.0,0.0
2023-08-06,B1,0.026412294017927815,0.01061411202256273,-0.11227211755380767,0.07524571151331715,-0.037026406040490525,0.08585982353587987,1.9081958235744878e-17,0.0,0.0
2023-08-06,B2,-0.017959042152590542,0.000843173155001107,-0.10360829930722407,0.12072416830481347,0.017115868997589406,0.12156734145981458,-2.905661822261152e-17,0.0,0.0
2023-08-06,B3,0.02313089487002531,-0.014392773088425261,-0.006443288327346297,-0.0022948334542537475,-0.008738121781600045,-0.01668760654267901,5.637851296924623e-18,0.0,0.0
2023-08-06,B4,-0.038301964370176675,0.021351159538551757,0.02662984648997295,-0.009679041658348042,0.016950804831624908,0.011672117880203715,-1.0408340855860843e-17,0.0,0.0
2023-08-06,B5,-0.0030175539992293894,0.011387434554973819,-0.016796706783617773,0.008426826227873354,-0.008369880555744419,0.019814260782847173,1.0408340855860843e-17,0.0,0.0
2023-08-06,B6,0.04307376377565651,-0.015584472485103406,0.027010756506024643,-0.05450004779657776,-0.027489291290553115,-0.07008452028168116,-8.673617379884035e-18,0.0,0.0
2023-08-06,B7,-0.05463298340393313,9.310986964618413e-05,0.0921371614109044,-0.03759728787661747,0.05453987353428693,-0.03750417800697129,-1.9081958235744878e-17,0.0,0.0
2023-08-06,B8,0.003159296268402093,0.029495705279134324,0.017387231308478232,-0.050042232856014626,-0.032655001547536394,-0.020546527576880302,2.2551405187698492e-17,0.0,0.0
2023-08-06,B9,-0.016487912836227435,-0.03520599250936329,0.0667517875383044,-0.015057882192713652,0.05169390534559074,-0.050263874702076945,1.3877787807814457e-17,0.0,0.0
2023-08-06,B10,0.04301152977139819,0.0016557729551150589,0.0907717921698185,-0.13543909489633177,-0.04466730272651327,-0.1337833219412167,-2.5153490401663703e-17,0.0,0.0
2023-08-13,B1,-0.00899335924846129,0.04439585357952705,0.05640184645286686,-0.09180434078393261,-0.03540249433106575,-0.04740848720440556,8.673617379884035e-18,0.0,0.0
2023-08-13,B2,0.015845312095312102,-0.02901522089022089,0.10968832093832095,-0.09651841214341214,0.013169908794908813,-0.12553363303363302,2.42861286636753e-17,0.0,0.0
2023-08-13,B3,-0.04421481296481297,0.01684537684537684,0.008161421911421916,0.019208014208014216,0.02736943611943613,0.03605339105339106,0.0,0.0,0.0
2023-08-13,B4,0.013406844727599449,-0.00959119496855346,0.020360478096327166,-0.024176127855373132,-0.003815649759045966,-0.033767322823926596,2.2551405187698492e-17,0.0,0.0
2023-08-13,B5,-0.02299651567944251,0.00983114446529081,-0.02295184490306442,0.036117216117216105,0.013165371214151685,0.04594836058250691,-1.734723475976807e-17,0.0,0.0
2023-08-13,B6,-0.021447393186523618,0.01070783545699934,-0.053262196740457624,0.0640017544699819,0.010739557729524271,0.07470958992698123,-6.938893903907228e-18,0.0,0.0
2023-08-13,B7,0.12440476190476189,0.015984015984015984,-0.03207417582417582,-0.10831460206460207,-0.1403887778887779,-0.09233058608058609,-1.3877787807814457e-17,0.0,0.0
2023-08-13,B8,0.03009210526315788,0.023333333333333334,0.0038038847117794487,-0.05722932330827069,-0.053425438596491244,-0.033895989974937354,-3.0791341698588326e-17,0.0,0.0
2023-08-13,B9,0.0190846286701209,0.059240069084628665,0.019634079219571443,-0.09795877697432101,-0.07832469775474957,-0.038718707889692346,-3.469446951953614e-18,0.0,0.0
2023-08-13,B10,-0.06380466705376454,0.03405353170696131,0.03319455314040152,-0.0034434177935982937,0.029751135346803223,0.03061011391336301,-1.214306433183765e-17,0.0,0.0
2023-08-20,B1,-0.024314765694076042,-0.09457496526462043,0.03813944676013642,0.08075028419856005,0.11888973095869647,-0.013824681066060385,-6.938893903907228e-18,0.0,0.0
2023-08-20,B2,0.06197993925266651,0.04301975381520835,-0.08500708046162592,-0.019992612606248995,-0.1049996930678749,0.023027141208959358,-4.85722573273506e-17,0.0,0.0
2023-08-20,B3,0.10202498922878071,-0.01995958228185717,-0.02103978170328882,-0.06102562524363476,-0.08206540694692357,-0.08098520752549193,-3.469446951953614e-17,0.0,0.0
2023-08-20,B4,0.017018039703575488,-0.03589391644579074,-0.0199360812102198,0.03881195795243506,0.01887587674221526,0.00291804150664432,6.938893903907228e-18,0.0,0.0
2023-08-20,B5,-0.016547619047619037,0.007129629629629626,0.032896825396825397,-0.023478835978835984,0.009417989417989412,-0.016349206349206356,1.734723475976807e-18,0.0,0.0
2023-08-20,B6,-0.03818157598721213,0.005525871766029243,0.07244711187417363,-0.039791407652990746,0.032655704221182885,-0.034265535886961504,1.734723475976807e-18,0.0,0.0
2023-08-20,B7,-0.06312371838687629,-0.02322169059011165,0.03555023923444976,0.05079516974253814,0.0863454089769879,0.027573479152426493,-3.469446951953614e-17,0.0,0.0
2023-08-20,B8,-0.08305570643973688,0.022270505160239,0.0315197054740781,0.029265495805419758,0.06078520127949785,0.05153600096565876,-2.42861286636753e-17,0.0,0.0
2023-08-20,B9,-0.033699563967982,-0.01656649714902142,-0.003943324902776633,0.05420938601978008,0.05026606111700345,0.03764288887075866,2.42861286636753e-17,0.0,0.0
2023-08-20,B10,0.01712856788044758,0.06522709605416373,-0.040413533834586464,-0.04194213010002484,-0.0823556639346113,0.02328496595413889,6.938893903907228e-18,0.0,0.0
2023-08-27,B1,0.04686147186147187,-0.031080898268398268,-0.0714962121212121,0.05571563852813852,-0.015780573593073582,0.02463474025974025,1.734723475976807e-17,0.0,0.0
2023-08-27,B2,-0.07598794704603833,-0.0029485728655853083,0.042966266099046184,0.03597025381257747,0.07893651991162365,0.03302168094699216,2.0816681711721685e-17,0.0,0.0
2023-08-27,B3,-0.076480832296001,0.020178941442751536,0.05973424902956106,-0.0034323581763115907,0.056301890853249464,0.016746583266439945,3.0357660829594124e-18,0.0,0.0
2023-08-27,B4,-0.0448848792862225,0.02060416578943675,-0.04970874964158891,0.07398946313837473,0.024280713496785823,0.09459362892781148,7.28583859910259e-17,0.0,0.0
2023-08-27,B5,0.008397046235080547,-0.011322931212433971,-0.0259997223867535,0.028925607364106938,0.002925884977353438,0.017602676151672967,1.3877787807814457e-17,0.0,0.0
2023-08-27,B6,0.03394547877630584,-0.004485419898953731,-0.06179710188168835,0.032337043004336256,-0.02946005887735209,0.027851623105382525,1.8214596497756474e-17,0.0,0.0
2023-08-27,B7,0.024443162580171773,0.0328040117931513,-0.06309755871159378,0.005850384338270722,-0.05724717437332306,0.03865439613142203,1.5612511283791264e-17,0.0,0.0
2023-08-27,B8,-0.012056785955819254,0.044243248298028094,-0.061140250130583086,0.02895378778837425,-0.03218646234220884,0.07319703608640235,3.469446951953614e-18,0.0,0.0
2023-08-27,B9,0.00863237639553429,0.07465275952118058,-0.04339709997604734,-0.03988803594066751,-0.08328513591671485,0.03476472358051307,2.0816681711721685e-17,0.0,0.0
2023-08-27,B10,-0.0075487012987012995,-0.048898423005565864,0.01275510204081632,0.04369202226345083,0.05644712430426715,-0.005206400742115036,-1.5612511283791264e-17,0.0,0.0
2023-09-10,B1,0.019983665571900868,0.07288713465184056,0.039022075419134244,-0.13189287564287566,-0.09287080022374142,-0.0590057409910351,1.0408340855860843e-17,0.0,0.0
2023-09-10,B2,0.01587251132705678,0.06109307359307359,-0.026705302273484086,-0.050260282646646295,-0.07696558492013038,0.010832790946427293,-1.3877787807814457e-17,0.0,0.0
2023-09-10,B3,-0.006216118716118705,0.017758830258830256,-0.013900263900263896,0.0023575523575523664,-0.011542711542711529,0.02011638261638262,2.1250362580715887e-17,0.0,0.0
2023-09-10,B4,0.01403218694885361,-0.0822558421516755,0.08305563071188067,-0.014831975509058848,0.06822365520282182,-0.09708781766073435,-6.765421556309548e-17,0.0,0.0
2023-09-10,B5,-0.02619047619047619,-0.02305555555555555,-0.04756043956043957,0.0968064713064713,0.049246031746031725,0.07375091575091575,-1.734723475976807e-17,0.0,0.0
2023-09-10,B6,-0.011522926237782428,-0.01943299887056337,-0.012394507373643195,0.04335043248198899,0.030955925108345796,0.02391743361142562,-3.469446951953614e-18,0.0,0.0
2023-09-10,B7,0.03500552889139845,0.024747670807453416,0.0210807610264132,-0.08083396072526507,-0.059753199698851865,-0.05608628991781165,0.0,0.0,0.0
2023-09-10,B8,0.05694393634534478,-0.043357874519846344,0.02392765685019205,-0.037513718675690505,-0.013586061825498454,-0.08087159319553686,-1.734723475976807e-17,0.0,0.0
2023-09-10,B9,0.04138116785175608,0.02896188778541719,-0.03399508987744281,-0.03634796575973046,-0.07034305563717327,-0.007386077974313274,-6.938893903907228e-18,0.0,0.0
2023-09-10,B10,-0.0351173704106657,0.03594777590509533,0.01199561150795104,-0.012826017002380685,-0.0008304054944296441,0.02312175890271465,-8.673617379884035e-18,0.0,0.0
2023-09-17,B1,-0.006657057441810796,-0.04767955014591785,-0.02388275650607488,0.07821936409380356,0.05433660758772868,0.030539813947885713,3.5561831257524545e-17,0.0,0.0
2023-09-17,B2,-0.06356505102040817,0.06903061224489797,-0.03727465986394557,0.0318090986394558,-0.005465561224489768,0.10083971088435377,2.7755575615628914e-17,0.0,0.0
2023-09-17,B3,0.030882787528221,-0.055845713114398725,0.051455907988403146,-0.02649298240222541,0.024962925586177735,-0.08233869551662414,1.0408340855860843e-17,0.0,0.0
2023-09-17,B4,0.05770738866533259,-0.007276212883689521,-0.06125423123086674,0.010823055449223688,-0.05043117578164305,0.003546842565534167,1.8214596497756474e-17,0.0,0.0
2023-09-17,B5,-0.011569727427376724,-0.0033555391068344417,0.11368317165971922,-0.09875790512550807,0.014925266534211154,-0.1021134442323425,-1.214306433183765e-17,0.0,0.0
2023-09-17,B6,-0.047635782747603835,0.004255033216694556,0.07424286221410821,-0.030862112683198918,0.04338074953090929,-0.02660707946650436,1.3010426069826053e-17,0.0,0.0
2023-09-17,B7,-0.00115376547094608,-0.0486364589888819,0.05282148101531362,-0.0030312565554856397,0.04979022445982798,-0.05166771554436754,1.734723475976807e-18,0.0,0.0
2023-09-17,B8,-0.05823335571234731,-0.03334685225441527,-0.0026695085518614868,0.09424971651862409,0.0915802079667626,0.060902864264208816,2.211772431870429e-17,0.0,0.0
2023-09-17,B9,-0.030777963117412658,-0.019446761189880455,-0.00800667222685571,0.05823139653414884,0.050224724307293134,0.03878463534426839,1.734723475976807e-17,0.0,0.0
2023-09-17,B10,0.00652337507176217,0.02420621990514464,-0.01919282430035117,-0.011536770676555615,-0.030729594976906787,0.012669449228589025,2.3418766925686896e-17,0.0,0.0
2023-09-24,B1,-0.026149101030617627,0.04900802199380398,0.11465467128974233,-0.13751359225292878,-0.022858920963186452,-0.0885055702591248,-9.71445146547012e-17,0.0,0.0
2023-09-24,B2,-0.011675397667615574,-0.10407858462333171,0.06834352418010008,0.04741045811084723,0.1157539822909473,-0.05666812651248448,2.42861286636753e-17,0.0,0.0
2023-09-24,B3,-0.06420859841912474,0.020182400445558336,-0.043467643467643466,0.08749384144120986,0.0440261979735664,0.10767624188676819,-6.938893903907228e-18,0.0,0.0
2023-09-24,B4,-0.022465650291737256,-0.026766108287847416,-0.04238377564464522,0.09161553422422988,0.049231758579584665,0.06484942593638246,-6.938893903907228e-18,0.0,0.0
2023-09-24,B5,-0.01973389355742296,0.0006449948400412814,-0.11374760430487985,0.13283650302226152,0.019088898717381675,0.1334814978623028,-4.553649124439119e-18,0.0,0.0
2023-09-24,B6,-0.011122307486930385,0.023816844516790246,-0.031426719720262855,0.018732182690402988,-0.012694537029859867,0.04254902720719324,-5.204170427930421e-18,0.0,0.0
2023-09-24,B7,0.013219344824219086,0.04598761794769053,-0.07079420449915655,0.01158724172724691,-0.059206962771909635,0.057574859674937445,-2.0816681711721685e-17,0.0,0.0
2023-09-24,B8,0.004750450106181333,0.015739283163525596,0.011827415252975204,-0.032317148522682124,-0.02048973326970692,-0.016577865359156528,8.673617379884035e-18,0.0,0.0
2023-09-24,B9,0.06614484937504739,-0.00025257333425650254,0.006518055651719017,-0.0724103316925099,-0.06589227604079088,-0.07266290502676641,-2.6020852139652106e-18,0.0,0.0
2023-09-24,B10,-0.02250723304948101,-0.04049769875645105,-0.029075064182987307,0.09207999598891936,0.06300493180593206,0.05158229723246831,-1.0408340855860843e-17,0.0,0.0
2023-10-01,B1,-0.029002421953963797,-0.04369624501783092,-0.05298167324599042,0.1256803402177852,0.07269866697179478,0.08198409519995428,6.938893903907228e-17,0.0,0.0
2023-10-01,B2,0.025285424941929882,0.02519810290849364,-0.00713683172893134,-0.04334669612149216,-0.0504835278504235,-0.01814859321299852,2.2551405187698492e-17,0.0,0.0
2023-10-01,B3,0.03526465618434531,0.048963076359449416,0.09075460377273845,-0.17498233631653326,-0.08422773254379481,-0.12601925995708385,-9.020562075079397e-17,0.0,0.0
2023-10-01,B4,-0.00916743970315399,-0.005126520305091735,0.008428674500103076,0.005865285508142654,0.01429396000824573,0.0007387652030509196,6.071532165918825e-18,0.0,0.0
2023-10-01,B5,-0.009645245381389554,-0.005326986285843813,0.02212966111300011,-0.007157429445766773,0.014972231667233337,-0.012484415731610587,-2.862293735361732e-17,0.0,0.0
2023-10-01,B6,-0.018222481805158973,-0.052786670896907105,-0.017998471344928043,0.08900762404699408,0.07100915270206604,0.03622095315008698,-3.8163916471489756e-17,0.0,0.0
2023-10-01,B7,-0.016460155490767747,-0.031503077421444765,0.02734653385163589,0.020616699060576598,0.04796323291221249,-0.010886378360868167,-2.42861286636753e-17,0.0,0.0
2023-10-01,B8,-0.055652602921510495,0.04191548414237489,-0.0246344691722843,0.03837158795141991,0.013737118779135606,0.08028707209379479,3.469446951953614e-18,0.0,0.0
2023-10-01,B9,-0.07311420143278549,-0.04368271846147953,-0.026412992120956724,0.14320991201522176,0.11679691989426504,0.09952719355374223,1.734723475976807e-17,0.0,0.0
2023-10-01,B10,-0.04072480969789045,0.057989206982227905,0.02005246166263116,-0.03731685894696862,-0.017264397284337464,0.02067234803525928,-6.938893903907228e-18,0.0,0.0
2023-10-08,B1,0.009958754695596792,0.03001384580331949,-0.03350772034982562,-0.006464880149090668,-0.03997260049891629,0.023548965654228822,-1.734723475976807e-18,0.0,0.0
2023-10-08,B2,-0.04486391744456259,-0.0058520531638811225,-0.0008366484172935796,0.05155261902573729,0.05071597060844371,0.04570056586185617,-5.204170427930421e-18,0.0,0.0
2023-10-08,B3,-0.06350451989465442,-0.04752117588440458,-0.018499537333618046,0.12952523311267705,0.111025695779059,0.08200405722827248,6.938893903907228e-18,0.0,0.0
2023-10-08,B4,-0.01959231447638106,0.013153522062558926,-0.03459688250710843,0.04103567492093056,0.006438792413822135,0.054189196983489486,1.734723475976807e-18,0.0,0.0
2023-10-08,B5,-0.010875496031746035,-0.021205357142857137,0.028273809523809527,0.0038070436507936546,0.032080853174603186,-0.017398313492063482,1.0408340855860843e-17,0.0,0.0
2023-10-08,B6,0.028922214149486876,-0.014596766869494144,-0.029548481821209092,0.015223034541216365,-0.014325447279992727,0.000626267671722221,5.204170427930421e-18,0.0,0.0
2023-10-08,B7,0.021328320802005012,0.03002481694432159,0.014312496928596007,-0.06566563467492262,-0.05135313774632661,-0.03564081773060103,-1.0408340855860843e-17,0.0,0.0
2023-10-08,B8,0.02762424650179752,-0.044096469756733855,0.00176824775864392,0.014703975496292421,0.01647222325493634,-0.029392494260441434,4.336808689942018e-18,0.0,0.0
2023-10-08,B9,0.017186644772851672,-0.011247947454844004,0.024151614668856042,-0.030090311986863703,-0.005938697318007662,-0.04133825944170771,6.938893903907228e-18,0.0,0.0
2023-10-08,B10,0.006637991637991635,-0.028589065255731926,0.0625606286717398,-0.040609555053999505,0.02195107361774029,-0.06919862030973142,8.673617379884035e-19,0.0,0.0
2023-10-15,B1,0.0017076235522837414,-0.011791108028972104,0.036249955546072056,-0.026166471069383683,0.010083484476688373,-0.03795757909835579,1.0408340855860843e-17,0.0,0.0
2023-10-15,B2,-0.06127072883025264,0.01953663620330287,0.031310840834650355,0.010423251792299415,0.04173409262694977,0.029959887995602286,0.0,0.0,0.0
2023-10-15,B3,0.1118742368742369,-0.017404354904354907,-0.10541858426473809,0.010948702294856134,-0.09446988196988196,-0.006455652609498774,3.122502256758253e-17,0.0,0.0
2023-10-15,B4,-0.05826926148072394,0.041203325239254976,-0.013414854600328164,0.030480790841797112,0.017065936241468946,0.07168411608105209,-1.9081958235744878e-17,0.0,0.0
2023-10-15,B5,0.06309751870096697,-0.022694307608100723,-0.0010467980295566517,-0.039356413063309614,-0.040403211092866265,-0.062050720671410334,-1.8648277366750676e-17,0.0,0.0
2023-10-15,B6,-0.009718331777155304,0.0508747449597123,0.010220112736452605,-0.051376525919009576,-0.04115641318255697,-0.0005017809592972738,2.7755575615628914e-17,0.0,0.0
2023-10-15,B7,0.021265044479330183,-0.00453296703296703,-0.0313840920983778,0.014652014652014649,-0.016732077446363153,0.010119047619047618,8.673617379884035e-19,0.0,0.0
2023-10-15,B8,0.005964460946978432,0.02003675229199705,0.015378910134154888,-0.04138012337313038,-0.02600121323897549,-0.02134337108113333,-9.540979117872439e-18,0.0,0.0
2023-10-15,B9,-0.05553872053872053,-0.05185185185185186,0.02045130795130795,0.08693926443926443,0.10739057239057238,0.035087412587412575,-6.938893903907228e-18,0.0,0.0
2023-10-15,B10,-0.00794426348172276,0.0660818868066425,-0.056134166231886114,-0.0020034570930336426,-0.05813762332491976,0.06407842971360886,-2.168404344971009e-17,0.0,0.0
2023-10-22,B1,0.026111111111111113,-0.023854875283446715,0.015187074829931972,-0.01744331065759635,-0.002256235827664377,-0.041298185941043064,2.0816681711721685e-17,0.0,0.0
2023-10-22,B2,0.014399006310771022,0.034526486732369084,0.012615281732928797,-0.06154077477606888,-0.04892549304314009,-0.027014288043699798,2.0816681711721685e-17,0.0,0.0
2023-10-22,B3,0.01049417444154287,-0.007843004948268107,0.010119305645621432,-0.012770475138896186,-0.0026511694932747545,-0.020613480087164293,8.673617379884035e-18,0.0,0.0
2023-10-22,B4,0.06419262242243608,-0.05192272932956164,-0.018834828617437318,0.006564935524562866,-0.012269893092874452,-0.045357793804998776,-1.734723475976807e-17,0.0,0.0
2023-10-22,B5,-0.028736584595959583,-0.005437184343434341,-0.05095486111111111,0.08512863005050504,0.03417376893939393,0.07969144570707071,6.938893903907228e-18,0.0,0.0
2023-10-22,B6,-0.027068585009761482,-0.05340491752256457,0.030502645502645503,0.04997085702968056,0.08047350253232606,-0.003434060492884014,6.938893903907228e-18,0.0,0.0
2023-10-22,B7,-0.0633469387755102,-0.012897959183673473,0.0793265306122449,-0.0030816326530612222,0.07624489795918368,-0.015979591836734697,1.734723475976807e-18,0.0,0.0
2023-10-22,B8,-0.03186821739903932,-0.007502866235742946,-0.0342107473956789,0.07358183103046116,0.03937108363478226,0.06607896479471821,-3.469446951953614e-18,0.0,0.0
2023-10-22,B9,0.021117804551539502,0.06777994330262226,0.031111701708795972,-0.12000944956295771,-0.08889774785416174,-0.052229506260335457,1.734723475976807e-17,0.0,0.0
2023-10-22,B10,-0.03297524815177147,0.03693732585419246,0.02576895619319223,-0.029731033895613213,-0.003962077702420984,0.007206291958579247,6.938893903907228e-18,0.0,0.0
2023-10-29,B1,0.0002543488257773941,0.039454751597608737,-0.05823589109303395,0.018526790669647818,-0.03970910042338613,0.057981542267256554,1.734723475976807e-18,0.0,0.0
2023-10-29,B2,-0.012509731581896534,0.02956144657175585,-0.09782037359356947,0.08076865860371014,-0.01705171498985933,0.11033010517546599,-1.3877787807814457e-17,0.0,0.0
2023-10-29,B3,0.010188986275942793,-0.016958658263006087,0.015124469472295564,-0.008354797485232265,0.006769671987063299,-0.025313455748238352,5.204170427930421e-18,0.0,0.0
2023-10-29,B4,-0.00012426004978139706,-0.005555541225849073,-0.042739632099115715,0.04841943337474618,0.005679801275630468,0.04286389214889711,-1.734723475976807e-18,0.0,0.0
2023-10-29,B5,0.028714514652014654,-0.0021356619570905297,-0.018084445316588163,-0.00849440737833595,-0.02657885269492411,-0.01063006933542648,1.1275702593849246e-17,0.0,0.0
2023-10-29,B6,-0.043412417970721845,-0.016328032979976443,0.00040383644623927413,0.059336614504459026,0.0597404509506983,0.043008581524482586,1.214306433183765e-17,0.0,0.0
2023-10-29,B7,0.059056840771716815,-0.004766875686297169,-0.053513291116596896,-0.0007766739688227272,-0.054289965085419625,-0.005543549655119896,2.2551405187698492e-17,0.0,0.0
2023-10-29,B8,0.025723364791664875,-0.018843919128937046,-0.01791991820373351,0.011040472541005694,-0.006879445662727815,-0.0078034465879313515,1.3877787807814457e-17,0.0,0.0
2023-10-29,B9,0.048955016479526284,-0.007130986297652964,-0.10692372865575478,0.06509969847388147,-0.041824030181873306,0.05796871217622851,1.3877787807814457e-17,0.0,0.0
2023-10-29,B10,-0.046532309253106634,-0.05926538975335495,-0.019100672008385278,0.12489837101484687,0.10579769900646159,0.06563298126149192,6.938893903907228e-18,0.0,0.0
2023-11-05,B1,-0.002657392545032996,-0.015174484275607867,-0.009167112537899048,0.026998989358539942,0.017831876820640892,0.011824505082932075,3.122502256758253e-17,0.0,0.0
2023-11-05,B2,-0.021400281816948488,-0.03132631257631257,0.019580419580419603,0.03314617481284148,0.052726594393261085,0.001819862236528913,2.7755575615628914e-17,0.0,0.0
2023-11-05,B3,0.019065868919475527,0.04685558873740935,-0.019591326072561102,-0.04633013158432377,-0.06592145765688487,0.0005254571530855859,1.0408340855860843e-17,0.0,0.0
2023-11-05,B4,0.01318749657126809,-0.03843450855934306,0.035824025605565225,-0.010577013617490262,0.025247011988074962,-0.04901152217683332,-3.469446951953614e-18,0.0,0.0
2023-11-05,B5,-0.0003143491124260253,-0.015064102564102566,0.06108851084812623,-0.045710059171597636,0.015378451676528591,-0.0607741617357002,0.0,0.0,0.0
2023-11-05,B6,0.027076473288375646,0.028396448673062864,0.021200723779085752,-0.07667364574052427,-0.055472921961438514,-0.048277197067461405,-3.469446951953614e-18,0.0,0.0
2023-11-05,B7,-0.0626220794131242,-0.01991059313820508,0.05998409757738117,0.02254857497394811,0.08253267255132929,0.0026379818357430314,3.469446951953614e-18,0.0,0.0
2023-11-05,B8,-0.04775483500731026,-0.02336644378723586,0.06812532443720562,0.002995954357340503,0.07112127879454612,-0.020370489429895357,3.469446951953614e-18,0.0,0.0
2023-11-05,B9,-0.08706634022369014,-0.0058077322570076195,0.072957938848208,0.01991613363248973,0.09287407248069773,0.01410840137548211,-2.7755575615628914e-17,0.0,0.0
2023-11-05,B10,-0.0443774792459003,0.04678638612849138,-0.008143464722412097,0.00573455783982099,-0.0024089068825911067,0.052520943968312375,-2.0816681711721685e-17,0.0,0.0
2023-11-12,B1,-0.007162373145979711,-0.016803278688524582,0.03998119366971826,-0.01601554183521397,0.02396565183450429,-0.03281882052373855,-3.469446951953614e-18,0.0,0.0
2023-11-12,B2,-0.017530745116952032,0.025976896666551848,0.03492541940817803,-0.043371570957777855,-0.008446151549599823,-0.017394674291226007,-6.938893903907228e-18,0.0,0.0
2023-11-12,B3,-0.003903256704980856,-0.01265394088669952,-0.004594280240831966,0.021151477832512307,0.01655719759168034,0.008497536945812787,-3.5128150388530344e-17,0.0,0.0
2023-11-12,B4,-0.06016957180750285,0.029605990274093722,-0.01778198812681572,0.048345569660224824,0.030563581533409104,0.07795155993431854,-2.0816681711721685e-17,0.0,0.0
2023-11-12,B5,-0.01050031281644448,0.03136404094348019,-0.022317840857052573,0.0014541127300168287,-0.020863728127035745,0.032818153673497025,-3.122502256758253e-17,0.0,0.0
2023-11-12,B6,-0.016548352996951125,-0.003350249611931863,-0.028478444366294833,0.04837704697517782,0.019898602608882987,0.045026797363245954,-4.336808689942018e-19,0.0,0.0
2023-11-12,B7,0.01121776773950688,-0.0053579270970575315,-0.07300489365706757,0.06714505301461825,-0.005859840642449321,0.06178712591756071,2.688821387764051e-17,0.0,0.0
2023-11-12,B8,-0.03411189570885388,-0.011461694944137348,-0.026793569138682076,0.07236715979167331,0.045573590652991235,0.060905464847535964,5.204170427930421e-18,0.0,0.0
2023-11-12,B9,-0.041607995179423755,-0.01553643299675046,0.06000501556057111,-0.0028605873843969044,0.05714442817617421,-0.018397020381147364,-6.938893903907228e-18,0.0,0.0
2023-11-12,B10,-0.006654067322105867,0.03691434980583746,0.009083077503073493,-0.03934335998680508,-0.03026028248373159,-0.002429010180967625,8.673617379884035e-19,0.0,0.0
2023-11-26,B1,0.05601805601805603,-0.030251435806991363,-0.04880245783023559,0.023035837619170954,-0.025766620211064635,-0.007215598187820409,3.469446951953614e-17,0.0,0.0
2023-11-26,B2,-0.05074858344653065,-0.04350469504428449,0.03358977288596057,0.06066350560485456,0.09425327849081513,0.017158810560570073,-6.938893903907228e-18,0.0,0.0
2023-11-26,B3,0.03037859287859289,0.0055241117741117755,-0.001584376584376583,-0.03431832806832806,-0.03590270465270464,-0.028794216294216284,2.0816681711721685e-17,0.0,0.0
2023-11-26,B4,0.024667085578944828,0.05658236057068741,0.06796643599638016,-0.1492158821460124,-0.08124944614963223,-0.09263352157532498,1.3877787807814457e-17,0.0,0.0
2023-11-26,B5,-0.0980392156862745,0.032679738562091505,0.15196078431372548,-0.08660130718954248,0.065359477124183,-0.053921568627450976,6.938893903907228e-18,0.0,0.0
2023-11-26,B6,0.0,0.0,0.0,0.0,0.0,0.0,0.0,0.0,0.0
2023-11-26,B7,0.0808080808080808,0.1060606060606061,-0.19696969696969696,0.01010101010101009,-0.18686868686868688,0.11616161616161619,3.469446951953614e-17,0.0,0.0
2023-11-26,B8,0.08328839734419131,-0.044497240956468426,-0.010679175378746197,-0.028111981008976723,-0.038791156387722917,-0.07260922196544514,-3.122502256758253e-17,0.0,0.0
2023-11-26,B9,0.09750530785562633,-0.04708826205641492,-0.042748458194318065,-0.007668587604893351,-0.05041704579921141,-0.05475684966130827,-2.6020852139652106e-18,0.0,0.0
2023-11-26,B10,-0.0363579705927511,-0.016917293233082706,0.05624916490790853,-0.0029739010820747525,0.05327526382583378,-0.019891194315157457,-2.949029909160572e-17,0.0,0.0
2023-12-03,B1,-0.02060587262200166,0.023590186695025404,0.09583333333333334,-0.09881764740635707,-0.0029843140730237278,-0.07522746071133166,1.734723475976807e-17,0.0,0.0
2023-12-03,B2,-0.03199418716660096,0.06125167935512762,0.022349106831865445,-0.05160659902039212,-0.029257492188526676,0.009645080334735497,-2.0816681711721685e-17,0.0,0.0
2023-12-03,B3,-0.047371745901157655,-0.02721216691804927,0.03315614124437654,0.0414277715748304,0.07458391281920694,0.01421560465678113,1.3877787807814457e-17,0.0,0.0
2023-12-03,B4,0.00819285570941202,-0.01286791758646064,-0.07035169576560306,0.07502675764265172,0.004675061877048664,0.062158840056191086,4.336808689942018e-17,0.0,0.0
2023-12-03,B5,0.09197712856249442,-0.07477887965692845,-0.03367283123380685,0.016474582328240867,-0.017198248905565983,-0.05830429732868758,-1.3877787807814457e-17,0.0,0.0
2023-12-03,B6,0.0,0.0,0.0,0.0,0.0,0.0,0.0,0.0,0.0
2023-12-03,B7,0.04100529100529099,0.04074074074074073,0.07764550264550264,-0.15939153439153436,-0.08174603174603172,-0.11865079365079363,0.0,0.0,0.0
2023-12-03,B8,0.004489273252632936,0.014833138085350691,-0.0008198653176777356,-0.01850254602030587,-0.019322411337983604,-0.0036694079349551788,2.1250362580715887e-17,0.0,0.0
2023-12-03,B9,-0.004333890746934224,-0.019703575410097148,0.07716196846631629,-0.05312450230928493,0.02403746615703136,-0.07282807771938207,-1.1275702593849246e-17,0.0,0.0
2023-12-03,B10,0.08212857142857141,-0.0011380952380952373,-0.07333968253968255,-0.007650793650793656,-0.08099047619047621,-0.008788888888888893,-3.361026734705064e-17,0.0,0.0
2023-12-10,B1,-0.12826984126984126,-0.0252962962962963,-0.11207407407407406,0.2656402116402115,0.15356613756613746,0.24034391534391522,-1.0755285551056204e-16,0.0,0.0
2023-12-10,B2,-0.05268529010139746,0.033380545628867775,-0.08911429733577383,0.10841904180830357,0.019304744472529736,0.14179958743717136,4.85722573273506e-17,0.0,0.0
2023-12-10,B3,0.03251379999322699,-0.008795167462494499,-0.052536066239967476,0.02881743370923496,-0.023718632530732517,0.02002226624674046,-2.6020852139652106e-17,0.0,0.0
2023-12-10,B4,-0.009474840748605003,0.028369175184764544,0.07419736473918982,-0.09309169917534937,-0.01889433443615955,-0.06472252399058483,-1.0408340855860843e-17,0.0,0.0
2023-12-10,B5,-0.03519325502084123,0.012836301629405078,0.13055134520651762,-0.1081943918150815,0.02235695339143612,-0.09535809018567643,-3.469446951953614e-17,0.0,0.0
2023-12-10,B6,-0.14336265743311585,0.03002773769963924,0.1472052196373079,-0.03387029990383131,0.11333491973347659,-0.003842562204192067,-2.0816681711721685e-17,0.0,0.0
2023-12-10,B7,-0.05338746438746438,0.005370370370370371,0.07995907795907796,-0.031941983941983956,0.048017094017094,-0.026571613571613584,-8.673617379884035e-18,0.0,0.0
2023-12-10,B8,0.019574926015603972,-0.014759214420231351,-0.03063155770782889,0.025815846112456287,-0.004815711595372602,0.011056631692224936,1.9081958235744878e-17,0.0,0.0
2023-12-10,B9,-0.04200429773185191,-0.0159679501784765,0.05437524292013458,0.0035970049901938514,0.05797224791032843,-0.012370945188282648,2.0816681711721685e-17,0.0,0.0
2023-12-10,B10,-0.11838276293529212,-0.024073915708156955,0.029087773445750097,0.11336890519769892,0.14245667864344902,0.08929498948954197,-6.245004513516506e-17,0.0,0.0
2023-12-17,B1,-0.033421926910298994,0.020105708245243128,0.012515856236786464,0.0008003624282693911,0.013316218665055855,0.02090607067351252,-1.0408340855860843e-17,0.0,0.0
2023-12-17,B2,0.04278180106731039,-0.01979352174474125,0.016748764546468987,-0.03973704386903813,-0.022988279322569145,-0.05953056561377938,-6.938893903907228e-18,0.0,0.0
2023-12-17,B3,-0.0600732954403004,-0.013311650979812413,0.02953142365462403,0.04385352276548876,0.07338494642011278,0.03054187178567635,-2.0816681711721685e-17,0.0,0.0
2023-12-17,B4,-0.0392453924630977,-0.013189618679337718,0.06140513596172048,-0.008970124819285082,0.0524350111424354,-0.0221597434986228,-2.2551405187698492e-17,0.0,0.0
2023-12-17,B5,-0.035102520935854274,-0.04541806958473625,-0.014449624449624443,0.09497021497021498,0.08052059052059053,0.049552145385478724,6.938893903907228e-18,0.0,0.0
2023-12-17,B6,-0.03369256474519632,-0.04187934027777778,-0.14158289604218882,0.217154801065163,0.07557190502297417,0.1752754607873852,6.938893903907228e-17,0.0,0.0
2023-12-17,B7,-0.01036972286972287,0.011138090304756975,-0.053167665667665676,0.052399298232631564,-0.0007683674350341119,0.06353738853738854,-6.938893903907228e-18,0.0,0.0
2023-12-17,B8,-0.06997354497354498,0.01475182665658856,0.005136684303350982,0.05008503401360543,0.05522171831695641,0.064836860670194,-6.938893903907228e-18,0.0,0.0
2023-12-17,B9,0.005210329148674555,0.003398792672149073,-0.04600554368563176,0.037396421864808155,-0.008609121820823608,0.040795214536957225,1.9949319973733282e-17,0.0,0.0
2023-12-17,B10,0.07441085649276777,0.02111165285226719,0.006927515033317079,-0.10245002437835202,-0.09552250934503494,-0.08133837152608484,1.9081958235744878e-17,0.0,0.0
2024-02-04,B1,0.01576585179526356,-0.04523437346966759,0.04680589018824313,-0.017337368513839116,0.029468521674404016,-0.0625717419835067,-1.3877787807814457e-17,0.0,0.0
2024-02-04,B2,-0.043424420214016476,0.09573832654577998,0.045149337326904015,-0.09746324365866749,-0.05231390633176347,-0.0017249171128875113,2.7755575615628914e-17,0.0,0.0
2024-02-04,B3,-0.0005009157509157439,0.012067307692307693,-0.019076923076923075,0.007510531135531131,-0.011566391941391944,0.019577838827838825,5.204170427930421e-18,0.0,0.0
2024-02-04,B4,-0.014222781904749742,0.03844569117557623,-0.03247412088408256,0.008251211613256086,-0.024222909270826473,0.04669690278883232,1.5612511283791264e-17,0.0,0.0
2024-02-04,B5,0.07696500952557761,0.011412404467960022,-0.11309037585144519,0.024712961857907553,-0.08837741399353763,0.036125366325867575,0.0,0.0,0.0
2024-02-04,B6,0.07032138817853104,-0.011884217241360098,0.005793177221748657,-0.06423034815891958,-0.05843717093717092,-0.07611456540027968,1.6479873021779667e-17,0.0,0.0
2024-02-04,B7,-0.05390667761357417,0.049356869184455386,-0.13021517515051995,0.13476498357963876,0.004549808429118812,0.18412185276409415,2.7755575615628914e-17,0.0,0.0
2024-02-04,B8,0.051316948411958656,0.01392370635364484,-0.03517569997405952,-0.03006495479154401,-0.06524065476560353,-0.01614124843789917,-3.122502256758253e-17,0.0,0.0
2024-02-04,B9,-0.0027940974369545808,-0.04626462162176447,0.0215968775492585,0.02746184150946055,0.04905871905871905,-0.01880278011230392,-1.734723475976807e-18,0.0,0.0
2024-02-04,B10,0.015880165880165862,-0.00405667572334239,-0.05769865103198436,0.04587516087516088,-0.011823490156823484,0.04181848515181849,-1.214306433183765e-17,0.0,0.0
2024-02-18,B1,-0.05728671734769296,-0.05488464787245277,0.05660398305663729,0.05556738216350842,0.1121713652201457,0.0006827342910556491,-2.0816681711721685e-17,0.0,0.0
2024-02-18,B2,-0.0450609349999594,-0.025368533905119266,-0.024513596159937617,0.09494306506501629,0.07042946890507867,0.06957453115989702,1.0408340855860843e-17,0.0,0.0
2024-02-18,B3,-0.04143643568839345,-0.020038161619840733,0.043676179543963196,0.01779841776427098,0.06147459730823418,-0.002239743855569753,-3.469446951953614e-18,0.0,0.0
2024-02-18,B4,-0.07649111921918844,-0.028549745804153863,0.05455129508902369,0.05048956993431859,0.10504086502334228,0.02193982413016473,-2.0816681711721685e-17,0.0,0.0
2024-02-18,B5,-0.08745936276800474,-0.008413351623228166,-0.05550354994799441,0.15137626433922727,0.09587271439123285,0.1429629127159991,-5.204170427930421e-17,0.0,0.0
2024-02-18,B6,-0.05994044365787851,-0.09530489550529632,0.07194865922320834,0.08329667993996655,0.1552453391631749,-0.012008215565329772,5.551115123125783e-17,0.0,0.0
2024-02-18,B7,-0.04480337078651686,-0.06615408623835592,-0.03802066748548122,0.14897812451035397,0.11095745702487275,0.08282403827199805,-2.7755575615628914e-17,0.0,0.0
2024-02-18,B8,-0.061975024329675485,-0.00988078459008691,0.07621879089902345,-0.004362981979261035,0.07185580891976241,-0.014243766569347945,1.734723475976807e-17,0.0,0.0
2024-02-18,B9,-0.0010522178944982808,-0.02323560423604789,-0.020239103546556957,0.04452692567710314,0.024287822130546182,0.02129132144105525,1.1709383462843448e-17,0.0,0.0
2024-02-18,B10,-0.052227081308713966,0.024623420796890186,-0.021517654680919988,0.049121315192743764,0.027603660511823776,0.07374473598963395,-3.469446951953614e-18,0.0,0.0
2024-02-25,B1,0.0605133167075776,-0.012187572784356672,-0.03666991993779111,-0.011655823985429827,-0.048325743923220935,-0.0238433967697865,-1.214306433183765e-17,0.0,0.0
2024-02-25,B2,0.03157162530564062,0.02518615229612672,-0.029124626439204434,-0.027633151162562933,-0.05675777760176737,-0.0024469988664362133,-2.42861286636753e-17,0.0,0.0
2024-02-25,B3,-0.04176294638576271,0.05175045515627033,-0.06480718066016519,0.054819671889657605,-0.009987508770507587,0.10657012704592794,3.469446951953614e-17,0.0,0.0
2024-02-25,B4,0.04743384426074906,-0.012075349439970377,-0.03275653031495707,-0.0026019645058216103,-0.035358494820778685,-0.014677313945791987,-3.469446951953614e-18,0.0,0.0
2024-02-25,B5,0.005196236644200453,-0.023701891999403313,-0.02857132497969602,0.047076980334898884,0.018505655355202863,0.02337508833549557,3.469446951953614e-18,0.0,0.0
2024-02-25,B6,0.032545263811056574,-0.020407387831703677,-0.04694486036923505,0.03480698438988216,-0.01213787597935289,0.014399596558178483,6.938893903907228e-18,0.0,0.0
2024-02-25,B7,-0.025571836549496893,0.009651350331148554,0.03736125886017791,-0.021440772641829565,0.015920486218348344,-0.011789422310681011,5.204170427930421e-18,0.0,0.0
2024-02-25,B8,0.00689839344902636,0.07168834154593648,-0.06878036696074673,-0.009806368034216147,-0.07858673499496288,0.06188197351172033,-3.469446951953614e-17,0.0,0.0
2024-02-25,B9,-0.016928967180223464,-0.03332463181709412,-0.03479976193544032,0.0850533609327579,0.05025359899731757,0.05172872911566377,-1.3877787807814457e-17,0.0,0.0
2024-02-25,B10,0.0948464305478694,-0.0062350119904076694,-0.04864531451761668,-0.03996610403984505,-0.08861141855746174,-0.046201116030252724,-5.204170427930421e-18,0.0,0.0
2024-03-03,B1,-0.026148335440370835,0.0006303553869925534,0.03389760436220613,-0.00837962430882784,0.02551798005337829,-0.007749268921835287,8.673617379884035e-18,0.0,0.0
2024-03-03,B2,-0.05702259477093916,0.006542004720812669,0.0018103677044074467,0.04867022234571907,0.05048059005012652,0.05521222706653174,2.3418766925686896e-17,0.0,0.0
2024-03-03,B3,0.05226410445922641,-0.03605626532455801,0.06521979375637912,-0.08142763289104751,-0.01620783913466839,-0.11748389821560552,1.3877787807814457e-17,0.0,0.0
2024-03-03,B4,-0.024710951480461457,0.025704944380080495,0.061371872733034266,-0.06236586563265328,-0.0009939928996190173,-0.03666092125257279,2.0816681711721685e-17,0.0,0.0
2024-03-03,B5,-0.03927161389090324,0.014037950205462894,-0.03870759809846104,0.06394126178390139,0.025233663685440347,0.07797921198936428,3.469446951953614e-18,0.0,0.0
2024-03-03,B6,-0.07178555916551618,-0.01845942243094734,0.03746630637936271,0.0527786752171008,0.09024498159646352,0.034319252786153456,-1.0408340855860843e-17,0.0,0.0
2024-03-03,B7,0.05521083854417187,-0.017596982676347756,-0.05628621819098009,0.01867236232315597,-0.03761385586782412,0.0010753796468082125,-6.938893903907228e-18,0.0,0.0
2024-03-03,B8,0.08418517385693391,-0.030143273691660775,0.05468538305267224,-0.10872728321794536,-0.054041900165273125,-0.13887055690960615,1.3877787807814457e-17,0.0,0.0
2024-03-03,B9,0.11550045320098795,0.007340720776549653,-0.06295578307610394,-0.05988539090143368,-0.12284117397753763,-0.05254467012488403,-2.0816681711721685e-17,0.0,0.0
2024-03-03,B10,-0.015645434697479307,0.022007113085179997,0.05485376870135235,-0.06121544708905303,-0.00636167838770068,-0.03920833400387303,1.0408340855860843e-17,0.0,0.0
2024-03-10,B1,0.0030836821908250493,0.031084510727367884,0.04836208292840947,-0.08253027584660234,-0.034168192918192876,-0.05144576511923446,5.724587470723463e-17,0.0,0.0
2024-03-10,B2,0.0314193473418515,0.015439819702234835,-0.034519136981420805,-0.01234003006266555,-0.04685916704408635,0.003099789639569285,-2.0816681711721685e-17,0.0,0.0
2024-03-10,B3,-0.02001842151001814,0.00738746003451886,0.004603396914321284,0.008027564561178025,0.01263096147549931,0.015415024595696885,2.862293735361732e-17,0.0,0.0
2024-03-10,B4,0.06114697640860431,0.01171725561260445,-0.015897974764253826,-0.05696625725695492,-0.07286423202120874,-0.04524900164435047,1.0408340855860843e-17,0.0,0.0
2024-03-10,B5,0.05189660094807154,-0.032668875242404645,0.0963649536737772,-0.11559267937944409,-0.019227725705666887,-0.14826155462184873,6.938893903907228e-18,0.0,0.0
2024-03-10,B6,0.06941170311114259,-0.03286398077338844,0.010700923577760424,-0.047248645915514566,-0.03654772233775414,-0.08011262668890301,6.938893903907228e-18,0.0,0.0
2024-03-10,B7,0.026881144614708634,-0.03477633477633477,0.01597391022524712,-0.008078720063620958,0.007895190161626162,-0.042855054839955734,2.2551405187698492e-17,0.0,0.0
2024-03-10,B8,-0.06389038593889679,-0.03945708335610159,0.0472558865018233,0.05609158279317508,0.10334746929499838,0.016634499437073492,6.938893903907228e-18,0.0,0.0
2024-03-10,B9,-0.06723747166960463,0.01837149461803201,0.10441631314207493,-0.0555503360905023,0.04886597705157263,-0.03717884147247029,1.3877787807814457e-17,0.0,0.0
2024-03-10,B10,-0.022320638615321572,0.007179174187886243,0.06032972251986083,-0.04518825809242552,0.01514146442743531,-0.038009083904539276,-1.9081958235744878e-17,0.0,0.0
2024-03-17,B1,-0.0391868456779663,0.06371557838183681,0.003038707907048386,-0.02756744061091889,-0.024528732703870505,0.03614813777091792,3.469446951953614e-18,0.0,0.0
2024-03-17,B2,-0.057898274564941246,-0.00988455988455989,0.0023624523624523625,0.06542038208704873,0.06778283444950109,0.05553582220248884,-4.5102810375396984e-17,0.0,0.0
2024-03-17,B3,0.006725250341569422,-0.009833074819480817,0.0470862026031676,-0.04397837812525623,0.0031078244779113723,-0.05381145294473705,-2.2551405187698492e-17,0.0,0.0
2024-03-17,B4,-0.03211867259974516,-0.06317229213128267,-0.0012923301724563595,0.09658329490348413,0.09529096473102777,0.033411002772201465,-5.204170427930421e-17,0.0,0.0
2024-03-17,B5,-0.07728774661764354,-0.03084973445798188,-0.02142809939201692,0.12956558046764233,0.1081374810756254,0.09871584600966045,-1.0408340855860843e-17,0.0,0.0
2024-03-17,B6,-0.0461519494328825,0.0023403720462544,0.027016426965717027,0.016795150420911065,0.043811577386628095,0.019135522467165465,-6.938893903907228e-18,0.0,0.0
2024-03-17,B7,-0.07139768082881857,0.06036584838980049,-0.01225957176555979,0.023291404204577884,0.011031832439018095,0.08365725259437837,1.0408340855860843e-17,0.0,0.0
2024-03-17,B8,0.045244464877867735,0.05658996688998294,-0.12149018156558668,0.019655749797735992,-0.10183443176785069,0.07624571668771893,-1.0408340855860843e-17,0.0,0.0
2024-03-17,B9,0.02133912022180179,-0.02979070898065311,-0.12957819647763782,0.13802978523648912,0.008451588758851297,0.10823907625583601,-2.42861286636753e-17,0.0,0.0
2024-03-17,B10,-0.0163890198543664,-0.0042878097333542906,-0.01145162135261145,0.03212845094033211,0.020676829587720658,0.027840641206977816,-3.2959746043559335e-17,0.0,0.0
2024-03-24,B1,-0.004207846660676846,-0.04984838274932614,-0.0035396076669661596,0.057595837076969136,0.05405622941000297,0.007747454327642997,-8.673617379884035e-18,0.0,0.0
2024-03-24,B2,0.058078240943409465,0.01908626122109268,-0.047543384622036326,-0.029621117542465852,-0.07716450216450219,-0.010534856321373173,-3.469446951953614e-17,0.0,0.0
2024-03-24,B3,0.02320763813301126,0.009417199715707177,-0.11980531905905041,0.08718048121033194,-0.032624837848718474,0.09659768092603911,-3.642919299551295e-17,0.0,0.0
2024-03-24,B4,-0.02330166655109447,0.06701391159057063,-0.07619994485555125,0.0324876998160751,-0.04371224503947615,0.09950161140664573,1.0408340855860843e-17,0.0,0.0
2024-03-24,B5,0.01722856940152814,-0.006293811056761012,0.02906197304792564,-0.039996731392692754,-0.010934758344767113,-0.04629054244945377,1.3877787807814457e-17,0.0,0.0
2024-03-24,B6,0.0245420265852767,0.03683136707464899,-0.09117295665236515,0.02979956299243944,-0.06137339365992571,0.06663093006708844,-1.3877787807814457e-17,0.0,0.0
2024-03-24,B7,-0.014081220310795471,-5.9624017957346856e-05,0.05794632246838129,-0.04380547813962847,0.014140844328752816,-0.043865102157585815,-1.734723475976807e-18,0.0,0.0
2024-03-24,B8,-0.028744950560217,-0.027428288180990544,0.05479716416803663,0.001376074573170908,0.05617323874120754,-0.026052213607819636,-6.938893903907228e-18,0.0,0.0
2024-03-24,B9,-0.020548909218859962,-0.024536711236218627,0.04350222847759794,0.0015833919774806459,0.045085620455078586,-0.022953319258737982,-6.071532165918825e-18,0.0,0.0
2024-03-24,B10,-0.025762455488615058,0.007302017206333872,-0.016525420221806548,0.034985858504087745,0.018460438282281198,0.04228787571042162,1.1275702593849246e-17,0.0,0.0
2024-03-31,B1,-0.02562600797894915,0.014891411109898514,-0.03407726727054458,0.044811864139595245,0.010734596869050664,0.05970327524949376,2.7755575615628914e-17,0.0,0.0
2024-03-31,B2,0.028919470524689735,-0.03639016864349169,-0.003166012756211106,0.010636710875013063,0.0074706981188019566,-0.02575345776847863,8.673617379884035e-19,0.0,0.0
2024-03-31,B3,-0.03407633626479459,0.042964191277545055,0.01509014635582798,-0.023978001368578444,-0.008887855012750464,0.01898618990896661,3.469446951953614e-18,0.0,0.0
2024-03-31,B4,-0.02047894235394236,0.011867459463613306,0.015994769119769117,-0.00738328622944007,0.008611482890329047,0.004484173234173236,-8.673617379884035e-18,0.0,0.0
2024-03-31,B5,0.024138955636513963,0.06750542593597395,0.029169788733000888,-0.12081417030548881,-0.09164438157248793,-0.05330874436951487,-1.734723475976807e-17,0.0,0.0
2024-03-31,B6,-0.08439276179955552,-0.04599246100488852,0.0748286271401433,0.05555659566430073,0.13038522280444403,0.009564134659412214,-6.938893903907228e-18,0.0,0.0
2024-03-31,B7,0.06271405113769644,-0.068856048166393,-0.09219837360231448,0.09834037063101105,0.006141997028696569,0.029484322464618046,1.3877787807814457e-17,0.0,0.0
2024-03-31,B8,0.0693645206315904,-0.01399629618957978,-0.06460079087975004,0.009232566437739434,-0.05536822444201061,-0.0047637297518403465,1.5612511283791264e-17,0.0,0.0
2024-03-31,B9,0.058452114895413874,-0.03783043989229557,-0.009273201025778326,-0.011348473977339943,-0.02062167500311827,-0.049178913869635514,3.469446951953614e-17,0.0,0.0
2024-03-31,B10,0.08230069404913341,0.018341966324115052,-0.011816496393760655,-0.08882616397948781,-0.10064266037324847,-0.07048419765537275,0.0,0.0,0.0
2024-04-07,B1,-0.02590326340326341,0.09273382867132865,0.03557228756092393,-0.10240285282898917,-0.06683056526806525,-0.009669024157660522,0.0,0.0,0.0
2024-04-07,B2,0.006065821299668943,0.030897485938469544,0.01790131009031684,-0.054864617328455316,-0.036963307238138475,-0.023967131389985772,1.214306433183765e-17,0.0,0.0
2024-04-07,B3,0.044275841117946364,-0.03754272043745729,-0.05555555555555555,0.04882243487506645,-0.006733120680489105,0.01127971443760916,-2.7755575615628914e-17,0.0,0.0
2024-04-07,B4,0.02983811103214088,-0.09228855721393037,0.028588012319355597,0.03386243386243385,0.06245044618178945,-0.058426123351496516,-3.8163916471489756e-17,0.0,0.0
2024-04-07,B5,0.04482757482757483,-0.046373626373626374,-0.04285070785070786,0.044396759396759404,0.001546051546051544,-0.00197686697686697,0.0,0.0,0.0
2024-04-07,B6,0.05402406288946408,-0.016563950860758455,-0.03569675555007738,-0.0017633564786282588,-0.03746011202870564,-0.018327307339386714,-1.3444106938820255e-17,0.0,0.0
2024-04-07,B7,-0.013108947437305637,0.04113630979302621,0.06511307929218378,-0.09314044164790433,-0.02802736235572055,-0.05200413185487812,2.2551405187698492e-17,0.0,0.0
2024-04-07,B8,-0.054439209133945975,-0.017695238095238094,0.03896675020885546,0.033167697020328596,0.07213444722918405,0.015472458925090502,-1.0408340855860843e-17,0.0,0.0
2024-04-07,B9,-0.017014663074445678,0.08374433681638764,-0.027032467634489715,-0.03969720610745227,-0.06672967374194198,0.04404713070893537,-2.0816681711721685e-17,0.0,0.0
2024-04-07,B10,-0.021839981285682646,-0.021208951723657603,-0.009734756821860893,0.05278368983120113,0.043048933009340234,0.03157473810754353,-1.0408340855860843e-17,0.0,0.0
2024-04-14,B1,0.045091335432244514,-0.06269726485635577,-0.05612012987012988,0.07372605929424113,0.017605929424111245,0.011028794437885361,-6.938893903907228e-18,0.0,0.0
2024-04-14,B2,0.012648809523809524,-0.03689361625216888,-0.008683969539232696,0.03292877626759205,0.024244806728359356,-0.003964839984576828,0.0,0.0,0.0
2024-04-14,B3,0.03413087457205102,0.005859010270774978,0.06876361655773422,-0.10875350140056027,-0.03998988484282605,-0.10289449112978528,-4.683753385137379e-17,0.0,0.0
2024-04-14,B4,0.007572714554368602,0.032366787098877955,-0.028683775240269126,-0.011255726412977425,-0.03993950165324655,0.021111060685900532,6.071532165918825e-18,0.0,0.0
2024-04-14,B5,-0.028780951340347236,0.029512052942806257,0.04718103126764985,-0.0479121328701089,-0.0007311016024590458,-0.01840007992730264,-2.42861286636753e-17,0.0,0.0
2024-04-14,B6,0.033399403954592316,0.04863251604824639,0.02601847370518883,-0.1080503937080275,-0.08203192000283868,-0.05941787765978112,2.7755575615628914e-17,0.0,0.0
2024-04-14,B7,-0.009196602617655234,0.0632264254385965,-0.014668833542188807,-0.039360989278752444,-0.05402982282094125,0.02386543615984405,1.0408340855860843e-17,0.0,0.0
2024-04-14,B8,0.09413698411717308,-0.004422013016953581,0.021506272352051065,-0.11122124345227057,-0.0897149711002195,-0.11564325646922415,2.6020852139652106e-18,0.0,0.0
2024-04-14,B9,0.06932172189181536,-0.03267589108710604,-0.011241250960877119,-0.025404579843832185,-0.0366458308047093,-0.058080470930938224,1.3877787807814457e-17,0.0,0.0
2024-04-14,B10,-0.005583807263344697,-0.0034489672253677005,0.03208386532367385,-0.02305109083496145,0.009032774488712397,-0.02650005806032915,-4.336808689942018e-19,0.0,0.0
2024-04-21,B1,-0.1007688492063492,-0.041001984126984116,0.1668700396825397,-0.025099206349206357,0.14177083333333335,-0.06610119047619048,2.0816681711721685e-17,0.0,0.0
2024-04-21,B2,-0.012590653659498604,-0.012815102669214078,0.07679451606989585,-0.051388759741183176,0.02540575632871267,-0.06420386241039726,-1.214306433183765e-17,0.0,0.0
2024-04-21,B3,-0.03777901785714286,-0.023744137806637797,0.07187049062049061,-0.010347334956709944,0.061523155663780665,-0.034091472763347744,1.0408340855860843e-17,0.0,0.0
2024-04-21,B4,0.008237984900388995,0.005774981861938385,0.004738874368030374,-0.018751841130357737,-0.014012966762327363,-0.012976859268419353,1.6479873021779667e-17,0.0,0.0
2024-04-21,B5,-0.008513219636878587,0.05289637898333552,-0.020202703376051765,-0.024180455970405138,-0.0443831593464569,0.02871592301293038,2.7755575615628914e-17,0.0,0.0
2024-04-21,B6,0.007270145431910133,0.0014493589643649624,-0.08835486792119446,0.07963536352491934,-0.008719504396275113,0.0810847224892843,-1.734723475976807e-17,0.0,0.0
2024-04-21,B7,-0.029379065675857116,-0.1089086047642197,0.06253993332870338,0.07574773711137348,0.13828767044007684,-0.03316086765284622,4.163336342344337e-17,0.0,0.0
2024-04-21,B8,-0.15542988092025684,0.01178764920672909,-0.023120606765572455,0.16676283847910026,0.1436422317135278,0.17855048768582935,5.551115123125783e-17,0.0,0.0
2024-04-21,B9,-0.08283298826777087,0.04217377074840095,-0.019298591990210095,0.059957809509580025,0.04065921751936993,0.10213158025798097,1.0408340855860843e-17,0.0,0.0
2024-04-21,B10,-0.0010373896114919796,-0.03236998711330263,-0.024584699995700766,0.05799207672049536,0.033407376724794595,0.025622089607192734,-1.1709383462843448e-17,0.0,0.0
2024-04-28,B1,0.037549271908176765,0.020476577727865333,-0.08973251079512938,0.031706661159087296,-0.058025849636042084,0.05218323888695263,1.3877787807814457e-17,0.0,0.0
2024-04-28,B2,-0.013680954895050019,0.08965609069595883,-0.06068216868326744,-0.015292967117641419,-0.07597513580090885,0.07436312357831741,-4.85722573273506e-17,0.0,0.0
2024-04-28,B3,-0.014595716783216776,0.01768429487179487,0.018527826340326355,-0.02161640442890443,-0.003088578088578077,-0.003932109557109563,1.5612511283791264e-17,0.0,0.0
2024-04-28,B4,-0.025949007651841223,0.03555465885541208,-0.0102121692172804,0.0006065180137095547,-0.009605651203570846,0.03616117686912163,8.673617379884035e-18,0.0,0.0
2024-04-28,B5,0.04898686027718287,-0.08253716640813416,0.04056940734360089,-0.007019101212649599,0.03355030613095129,-0.08955626762078375,0.0,0.0,0.0
2024-04-28,B6,-0.00990372182100325,0.008540487660719968,0.024476537170776694,-0.023113303010493413,0.001363234160283281,-0.014572815349773446,-1.734723475976807e-18,0.0,0.0
2024-04-28,B7,0.0728588261721613,0.0136381177831955,-0.09082704405856845,0.004330100103211616,-0.08649694395535684,0.017968217886407116,-3.469446951953614e-17,0.0,0.0
2024-04-28,B8,0.0495478220561277,-0.021379783007689994,0.007665230671875165,-0.035833269720312894,-0.02816803904843773,-0.05721305272800289,-2.42861286636753e-17,0.0,0.0
2024-04-28,B9,0.05878651510281212,-0.04598561729709272,0.005749880677556671,-0.018550778483276093,-0.012800897805719422,-0.06453639578036881,-2.2551405187698492e-17,0.0,0.0
2024-04-28,B10,-0.00460223537146614,0.060243175627790996,0.07132194728348573,-0.1269628875398106,-0.05564094025632488,-0.06671971191201961,-2.168404344971009e-17,0.0,0.0
2024-05-05,B1,-0.04132372875688384,-0.05142473885789393,0.053689556630733104,0.03905891098404468,0.09274846761477779,-0.012365827873849246,2.0816681711721685e-17,0.0,0.0
2024-05-05,B2,0.07707326934638659,-0.04412762065555903,0.0367824726869264,-0.06972812137775394,-0.03294564869082754,-0.11385574203331297,1.3877787807814457e-17,0.0,0.0
2024-05-05,B3,0.0040341270889521965,0.043200454979569564,-0.08485283682772968,0.03761825475920788,-0.047234582068521797,0.08081870973877744,-3.642919299551295e-17,0.0,0.0
2024-05-05,B4,-0.005822984248768682,0.007404205003475839,0.05162995394070132,-0.053211174695408474,-0.0015812207547071522,-0.04580696969193263,5.204170427930421e-18,0.0,0.0
2024-05-05,B5,0.003449395478380985,0.0462281679672984,0.005305992987152387,-0.054983556432831794,-0.049677563445679404,-0.008755388465533392,-2.0816681711721685e-17,0.0,0.0
2024-05-05,B6,0.0816279371096926,-0.02312974565370731,0.11920015694187548,-0.17769834839786067,-0.058498191455985185,-0.20082809405156798,1.0408340855860843e-16,0.0,0.0
2024-05-05,B7,0.07299183973392118,-0.017878752720381676,0.23527234454836263,-0.2903854315619021,-0.05511308701353948,-0.3082641842822838,2.0816681711721685e-17,0.0,0.0
2024-05-05,B8,0.1099466768468493,-0.002015041143936331,0.13203358546996927,-0.23996522117288216,-0.10793163570291289,-0.2419802623168185,8.239936510889834e-17,0.0,0.0
2024-05-05,B9,-0.02819378377917583,0.007654766167118482,0.03917340119004996,-0.018634383577992613,0.020539017612057345,-0.01097961741087413,-4.336808689942018e-18,0.0,0.0
2024-05-05,B10,-0.08023398222442807,-0.05992729846233032,0.0055143105302340924,0.1346469701565243,0.1401612806867584,0.07471967169419398,5.204170427930421e-18,0.0,0.0
2024-05-12,B1,0.050491550863851715,-0.003708272918995183,-0.05244167734860213,0.0056583994037456556,-0.046783277944856476,0.0019501264847504723,5.551115123125783e-17,0.0,0.0
2024-05-12,B2,-0.0557501216472031,-0.057150234167661365,-0.024950805947971395,0.13785116176283585,0.11290035581486446,0.08070092759517448,-1.3877787807814457e-17,0.0,0.0
2024-05-12,B3,-0.09499977622627997,-0.08974836645184386,0.10765492600548991,0.07709321667263394,0.18474814267812384,-0.012655149779209923,1.3877787807814457e-17,0.0,0.0
2024-05-12,B4,-0.008865782907070739,-0.05137993078031501,0.008072496349253692,0.052173217338132065,0.06024571368738576,0.0007932865578170537,6.938893903907228e-18,0.0,0.0
2024-05-12,B5,-0.026372347829896364,0.010092124624144324,0.05375512635727066,-0.03747490315151863,0.01628022320575203,-0.027382778527374304,-1.0408340855860843e-17,0.0,0.0
2024-05-12,B6,-0.13235165037647093,0.030800798915332404,-0.09042742337075468,0.19197827483189325,0.10155085146113857,0.22277907374722566,4.85722573273506e-17,0.0,0.0
2024-05-12,B7,-0.07492097291239554,0.0558136816574618,-0.2873369858048588,0.3064442770597925,0.01910729125493371,0.3622579587172543,-2.7755575615628914e-17,0.0,0.0
2024-05-12,B8,-0.1112658828100005,0.03632718017276841,-0.1502706256162139,0.22520932825344583,0.07493870263723193,0.26153650842621423,-1.5265566588595902e-16,0.0,0.0
2024-05-12,B9,0.025765704252828713,-0.019010227969455434,-0.018813286141612318,0.012057809858239036,-0.006755476283373281,-0.006952418111216397,-1.734723475976807e-18,0.0,0.0
2024-05-12,B10,0.07921855236670053,0.08020549409438299,-0.05888203017832647,-0.10054201628275705,-0.15942404646108352,-0.020336522188374062,0.0,0.0,0.0
2024-05-19,B1,-0.08209679684038657,0.12375303945816767,0.058738780213139205,-0.1003950228309203,-0.0416562426177811,0.02335801662724736,0.0,0.0,0.0
2024-05-19,B2,-0.003891432481397877,0.033411969614391766,0.02118781833314705,-0.050708355466140914,-0.029520537132993865,-0.017296385851749148,2.3852447794681098e-17,0.0,0.0
2024-05-19,B3,0.012202386587077702,0.01699414772882653,-0.05156035271098033,0.022363818395076108,-0.02919653431590422,0.03935796612390264,1.3877787807814457e-17,0.0,0.0
2024-05-19,B4,-0.003970993394070311,0.023985042735042737,0.014310461805401069,-0.03432451114637349,-0.020014049340972423,-0.010339468411330755,2.6020852139652106e-18,0.0,0.0
2024-05-19,B5,-0.032946379215035924,0.05812998499565664,-0.07102582326462921,0.045842217484008525,-0.025183605780620684,0.10397220247966517,3.469446951953614e-17,0.0,0.0
2024-05-19,B6,0.021488263531121973,0.006111675697255526,-0.01941584819680406,-0.008184091031573432,-0.02759993922837749,-0.002072415334317906,8.673617379884035e-18,0.0,0.0
2024-05-19,B7,0.041132661198450673,-0.02433462918660288,-0.0377182302346776,0.02092019822282978,-0.016798032011847822,-0.003414430963773099,-2.7755575615628914e-17,0.0,0.0
2024-05-19,B8,-0.01569899874082013,0.005796802919140226,-0.021538311209993843,0.031440507031673726,0.009902195821679883,0.03723730995081395,-2.0816681711721685e-17,0.0,0.0
2024-05-19,B9,-0.0014407132828185391,-0.01594254510921178,-0.0062116733169364745,0.023594931708966798,0.017383258392030324,0.007652386599755017,3.469446951953614e-18,0.0,0.0
2024-05-19,B10,-0.04464736558726329,-0.04385430525136409,0.0010390807225845577,0.08746259011604282,0.08850167083862738,0.04360828486467873,-1.734723475976807e-18,0.0,0.0
2024-06-02,B1,-0.01537058620391955,0.05301382119563938,0.01969265302598636,-0.05733588801770619,-0.03764323499171983,-0.00432206682206681,0.0,0.0,0.0
2024-06-02,B2,-0.04271661324919056,0.04359599789209836,0.13493053561930318,-0.13580992026221086,-0.0008793846429076824,-0.0922139223701125,1.1796119636642288e-16,0.0,0.0
2024-06-02,B3,0.04451219848956804,0.0070645673366723175,-0.08890387959465133,0.03732711376841094,-0.05157676582624039,0.04439168110508326,-3.2959746043559335e-17,0.0,0.0
2024-06-02,B4,0.038237322025717904,0.017842244975350773,-0.05859681653197014,0.002517249530901407,-0.05607956700106873,0.020359494506252178,-5.377642775528102e-17,0.0,0.0
2024-06-02,B5,-0.0450302621355253,-0.02350185127513063,-0.04178120350185128,0.1103133169125072,0.06853211341065593,0.08681146563737657,-6.938893903907228e-18,0.0,0.0
2024-06-02,B6,0.005198814420018618,-0.01750330530435242,0.10051659872994953,-0.0882121078456157,0.01230449088433383,-0.10571541314996812,2.949029909160572e-17,0.0,0.0
2024-06-02,B7,0.04905501335196208,0.03540060652360117,0.0001194935922837672,-0.08457511346784705,-0.08445561987556328,-0.049174506944245876,-2.949029909160572e-17,0.0,0.0
2024-06-02,B8,0.003908180234399742,-0.026171965737514517,-0.001912713810579664,0.02417649931369444,0.022263785503114773,-0.0019954664238200776,0.0,0.0,0.0
2024-06-02,B9,-0.011852786497336266,0.02118938197137249,-0.012806637806637803,0.00347004233260157,-0.009336595474036233,0.02465942430397406,-9.540979117872439e-18,0.0,0.0
2024-06-02,B10,0.04656801059862284,-0.013603365644181974,0.02858824848620767,-0.06155289344064852,-0.03296464495444085,-0.07515625908483049,1.3877787807814457e-17,0.0,0.0
2024-06-09,B1,-0.018539184514102393,-0.04293321389469494,-0.038923014214145894,0.10039541262294324,0.06147239840879735,0.0574621987282483,1.3877787807814457e-17,0.0,0.0
2024-06-09,B2,0.10721614959681056,0.03229107353954354,-0.16379595629901625,0.02428873316266217,-0.13950722313635408,0.05657980670220571,1.3877787807814457e-17,0.0,0.0
2024-06-09,B3,-0.03147977470558115,0.028182283666154634,0.07348035988588984,-0.0701828688464633,0.003297491039426545,-0.042000585180308664,2.7755575615628914e-17,0.0,0.0
2024-06-09,B4,-0.09913930065445214,-0.021492583361270228,0.14653813264924373,-0.02590624863352136,0.12063188401572236,-0.047398831994791585,-3.469446951953614e-18,0.0,0.0
2024-06-09,B5,-0.0006796073785024052,-0.020053342912458937,0.038711058738683045,-0.017978108447721713,0.02073295029096133,-0.03803145136018065,-1.0408340855860843e-17,0.0,0.0
2024-06-09,B6,-0.011500295195947375,-0.0032781228433402376,-0.029735707127011478,0.04451412516629909,0.01477841803928761,0.04123600232295885,-3.469446951953614e-18,0.0,0.0
2024-06-09,B7,-0.03433248299319727,0.007674319727891155,0.035873724489795915,-0.00921556122448979,0.026658163265306123,-0.001541241496598635,7.806255641895632e-18,0.0,0.0
2024-06-09,B8,-0.04075317513149505,0.06857166162019313,0.025938251488525944,-0.053756737977224,-0.027818486488698058,0.014814923642969123,2.0816681711721685e-17,0.0,0.0
2024-06-09,B9,-0.06551103368176542,0.0058091366627951975,-0.04001742160278745,0.09971931862175765,0.0597018970189702,0.10552845528455285,-2.3418766925686896e-17,0.0,0.0
2024-06-09,B10,0.012645312438445,0.007590187590187586,-0.10201776520380519,0.08178226517517259,-0.0202355000286326,0.08937245276536018,-1.3877787807814457e-17,0.0,0.0
2024-06-16,B1,-0.04831204653115069,0.008108793976306126,0.04314153796075005,-0.0029382854059054817,0.04020325255484457,0.005170508570400644,3.469446951953614e-18,0.0,0.0
2024-06-16,B2,-0.07863750223653604,-0.022922705314009667,0.07445428520307747,0.02710592234746824,0.1015602075505457,0.004183217033458572,0.0,0.0,0.0
2024-06-16,B3,0.022070632665707912,-0.01193301530510833,-0.0711331509347925,0.06099553357419294,-0.010137617360599559,0.049062518269084615,2.42861286636753e-17,0.0,0.0
2024-06-16,B4,0.05429992712601408,0.035692658790484874,-0.08895941015506233,-0.0010331757614366523,-0.08999258591649897,0.03465948302904822,-2.6020852139652106e-17,0.0,0.0
2024-06-16,B5,0.04374690067414525,-0.02440895018294399,-0.06562208216619982,0.04628413167499856,-0.019337950491201253,0.021875181492054575,1.0408340855860843e-17,0.0,0.0
2024-06-16,B6,-0.03352020860495437,0.03461079723791588,0.0016299331553568815,-0.0027205217883183933,-0.0010905886329615117,0.03189027544959749,1.3010426069826053e-18,0.0,0.0
2024-06-16,B7,0.004221611131604052,-0.03826897175586048,0.012320046675114006,0.021727313949142454,0.03404736062425646,-0.016541657806718024,3.469446951953614e-17,0.0,0.0
2024-06-16,B8,0.012631259506259502,-0.05937755937755936,-0.040152977652977664,0.08689927752427758,0.04674629987129991,0.027521718146718215,5.204170427930421e-17,0.0,0.0
2024-06-16,B9,-0.0009636159363927029,-0.03200767300265539,0.07231470325577297,-0.03934341431672486,0.032971288939048105,-0.07135108731938025,1.1492543028346347e-17,0.0,0.0
2024-06-16,B10,-0.08599732045110194,0.001541207003391879,0.07949890971868995,0.004957203729020122,0.08445611344771006,0.006498410732412001,1.3010426069826053e-17,0.0,0.0
2024-06-23,B1,0.03243500885987933,0.005013869262573928,0.06557600430657429,-0.10302488242902752,-0.03744887812245323,-0.0980110131664536,2.3418766925686896e-17,0.0,0.0
2024-06-23,B2,0.00027036765318015285,-0.022855139652014654,0.05555304070929071,-0.03296826871045623,0.022584771998834477,-0.055823408362470885,-2.42861286636753e-17,0.0,0.0
2024-06-23,B3,-0.011835891381345926,-0.024067296340023615,0.07594910140364684,-0.040045913682277307,0.03590318772136954,-0.06411321002230091,-5.204170427930421e-18,0.0,0.0
2024-06-23,B4,0.000990128807030228,-0.008576028822507697,0.0839944582022047,-0.07640855818672716,0.0075859000154775424,-0.08498458700923486,7.37257477290143e-17,0.0,0.0
2024-06-23,B5,-0.03833978341750362,0.028541061701683468,0.05755597310001454,-0.04775725138419436,0.009798721715820184,-0.01921618968251089,3.469446951953614e-17,0.0,0.0
2024-06-23,B6,0.005552318681081546,-0.012636912083406542,0.02746958108678832,-0.020384987684463323,0.007084593402324996,-0.033021899767869865,0.0,0.0,0.0
2024-06-23,B7,-0.015997402010617865,0.03180654392108137,-0.03048872322000075,0.01467958130953725,-0.0158091419104635,0.046486125230618625,6.938893903907228e-18,0.0,0.0
2024-06-23,B8,0.0631374158628257,0.007558172701615327,-0.004624537575357258,-0.06607105098908375,-0.07069558856444101,-0.05851287828746843,1.9081958235744878e-17,0.0,0.0
2024-06-23,B9,0.09673182957393484,-0.025523809523809518,-0.04341424991049051,-0.02779377013963479,-0.0712080200501253,-0.0533175796634443,1.734723475976807e-17,0.0,0.0
2024-06-23,B10,0.01855299747456611,-0.01676458073516897,-0.019473754277675837,0.017685337538278723,-0.001788416739397114,0.000920756803109754,2.7755575615628914e-17,0.0,0.0
2024-06-30,B1,-0.04091607885693616,0.020270392476035452,-0.034092964369687104,0.0547386507505878,0.020645686380900696,0.07500904322662325,-1.3877787807814457e-17,0.0,0.0
2024-06-30,B2,-0.01836446284120703,-0.023941497778707077,0.003930167592958283,0.03837579302695581,0.042305960619914096,0.014434295248248734,-1.214306433183765e-17,0.0,0.0
2024-06-30,B3,0.01868191721132898,0.014869281045751637,0.0027096949891067534,-0.036260893246187365,-0.03355119825708061,-0.021391612200435728,6.938893903907228e-18,0.0,0.0
2024-06-30,B4,-0.001315028952931385,-0.017833618177615425,-0.04617085258943654,0.06531949971998335,0.019148647130546814,0.04748588154236793,4.336808689942018e-18,0.0,0.0
2024-06-30,B5,-0.005478927203065153,0.04354132457580734,-0.03336070060207991,-0.004701696770662279,-0.03806239737274218,0.03883962780514506,0.0,0.0,0.0
2024-06-30,B6,-0.004860881859305792,0.018071479015328594,-0.06424567832262572,0.0510350811666029,-0.013210597156022817,0.0691065601819315,-1.5612511283791264e-17,0.0,0.0
2024-06-30,B7,-0.017979311188997645,-0.06558763931104356,0.012659053339344493,0.0709078971606967,0.0835669505000412,0.005320257849653148,-3.469446951953614e-18,0.0,0.0
2024-06-30,B8,0.003388633087881201,0.01169340522570537,-0.03582977599012585,0.02074773767653926,-0.01508203831358659,0.03244114290224463,-1.9081958235744878e-17,0.0,0.0
2024-06-30,B9,-0.060916965352449205,-0.01747311827956989,-0.04105436081242534,0.11944444444444441,0.07839008363201908,0.10197132616487452,-2.7755575615628914e-17,0.0,0.0
2024-06-30,B10,0.04483820332730899,0.017454584134458138,0.002684738140846574,-0.06497752560261374,-0.06229278746176717,-0.04752294146815561,-4.0766001685454967e-17,0.0,0.0
2024-07-07,B1,-0.014585558120040877,-0.0266203877258644,-0.029145049226185125,0.07035099507209043,0.041205945845905305,0.04373060734622603,2.949029909160572e-17,0.0,0.0
2024-07-07,B2,0.021446226795803065,0.03707038606403013,-0.1083652811407049,0.049848668280871686,-0.058516612859833214,0.08691905434490182,-1.734723475976807e-17,0.0,0.0
2024-07-07,B3,-0.024640933889488802,-0.0030451244324076693,0.03348591036452307,-0.005799852042626626,0.027686058321896446,-0.008844976475034294,-2.5153490401663703e-17,0.0,0.0
2024-07-07,B4,-0.058686683313999975,-0.01717957203956398,0.040739570327604176,0.0351266850259598,0.07586625535356398,0.01794711298639582,2.0816681711721685e-17,0.0,0.0
2024-07-07,B5,0.0033601184169365986,0.00898903810835629,0.030222239881330788,-0.0425713964066237,-0.01234915652529291,-0.033582358298267403,-2.0816681711721685e-17,0.0,0.0
2024-07-07,B6,-0.025106568192527042,-0.004894952070329962,-0.015362963085600131,0.045364483348457114,0.030001520262856983,0.04046953127812715,-2.0816681711721685e-17,0.0,0.0
2024-07-07,B7,-0.050105204872646726,0.03441373871606429,-0.05141716164971979,0.06710862780630224,0.01569146615658245,0.10152236652236653,1.3877787807814457e-17,0.0,0.0
2024-07-07,B8,-0.0047652306447036104,-0.010808207437645012,0.01711413971151223,-0.0015407016291636216,0.015573438082348609,-0.012348909066808633,-1.3010426069826053e-17,0.0,0.0
2024-07-07,B9,0.02485820630981922,0.053443420378904254,-0.034583546680320876,-0.04371808000840259,-0.07830162668872347,0.009725340370501663,6.938893903907228e-18,0.0,0.0
2024-07-07,B10,-0.0675281652719203,0.04613733745885236,0.007306843036093637,0.014083984776974303,0.02139082781306794,0.060221322235826664,-6.938893903907228e-18,0.0,0.0
2024-07-14,B1,-0.032012256379345,0.024352019288728148,0.05897126783202732,-0.051311030741410475,0.007660237090616848,-0.026959011452682327,-6.938893903907228e-18,0.0,0.0
2024-07-14,B2,-0.026696914196914195,-0.01692867317867318,0.03300398161509272,0.010621605760494646,0.04362558737558737,-0.006307067418178533,-6.938893903907228e-18,0.0,0.0
2024-07-14,B3,0.029372386023762173,0.016567530328998218,-0.12185452162516383,0.07591460527240343,-0.0459399163527604,0.09248213560140164,-1.0408340855860843e-17,0.0,0.0
2024-07-14,B4,-0.0012571762571762562,-0.011729211729211729,0.017154467154467154,-0.004168079168079171,0.012986387986387984,-0.0158972908972909,-2.3852447794681098e-18,0.0,0.0
2024-07-14,B5,-0.002578477042991108,-0.021346364632809645,-0.027152980757520383,0.05107782243332114,0.023924841675800754,0.029731457800511493,1.734723475976807e-18,0.0,0.0
2024-07-14,B6,0.03222746508311908,0.009514965377393724,-0.03092794820257039,-0.010814482257942404,-0.04174243046051279,-0.0012995168805486797,6.938893903907228e-18,0.0,0.0
2024-07-14,B7,-0.02785546317292349,-0.03902116402116402,0.08161604709223756,-0.014739419898150051,0.06687662719408752,-0.05376058391931407,3.469446951953614e-18,0.0,0.0
2024-07-14,B8,-0.06975341192847827,-0.017263078801540342,0.07304629499589711,0.013970195734121466,0.08701649073001858,-0.003292883067418876,-3.122502256758253e-17,0.0,0.0
2024-07-14,B9,-0.08696740461446345,0.04312102312102313,-0.014557186321892204,0.05840356781533253,0.04384638149344032,0.10152459093635566,3.469446951953614e-18,0.0,0.0
2024-07-14,B10,-0.023799902205074618,-0.038279512632960914,0.02510891407443132,0.03697050076360421,0.06207941483803553,-0.0013090118693567035,-3.469446951953614e-18,0.0,0.0
2024-07-21,B1,-0.06050192325734122,0.04207101979547799,0.05207993245144947,-0.03364902898958626,0.018430903461863213,0.008421990805891733,-1.3877787807814457e-17,0.0,0.0
2024-07-21,B2,0.06124421950650992,0.011065029002574391,-0.018882180481119566,-0.053427068027964736,-0.0723092485090843,-0.04236203902539035,8.673617379884035e-18,0.0,0.0
2024-07-21,B3,-0.017256599609540787,-0.04084967320261437,0.055437697407511644,0.0026685754046435308,0.05810627281215518,-0.03818109779797084,1.474514954580286e-17,0.0,0.0
2024-07-21,B4,-0.09896016681730968,0.007109689252546392,0.0580600616314902,0.03379041593327308,0.09185047756476328,0.04090010518581948,-1.0408340855860843e-17,0.0,0.0
2024-07-21,B5,-0.029050436742744434,0.0020897905513290113,0.04432704048088664,-0.017366394289471225,0.026960646191415416,-0.015276603738142214,-6.938893903907228e-18,0.0,0.0
2024-07-21,B6,-0.01073792571975369,-0.0011838963447524493,0.07911242150709105,-0.0671905994425849,0.011921822064506149,-0.06837449578733736,1.0191500421363742e-17,0.0,0.0
2024-07-21,B7,0.032762528503286106,0.037004498769204655,-0.10191188493410311,0.03214485766161235,-0.06976702727249076,0.069149356430817,0.0,0.0,0.0
2024-07-21,B8,-0.004477481582744741,0.0020133667502088537,-0.06938976228449913,0.07185387711703504,0.0024641148325359186,0.0738672438672439,3.165870343657673e-17,0.0,0.0
2024-07-21,B9,-0.005281307700662541,-0.04301075268817205,0.015905017921146958,0.032387042467687636,0.048292060388834594,-0.010623710220484417,0.0,0.0,0.0
2024-07-21,B10,0.021867744437019103,0.07633098981228306,-0.025408754448875935,-0.07278997980042624,-0.09819873424930217,0.0035410100118568183,-1.3877787807814457e-17,0.0,0.0
2024-07-28,B1,0.03629521235155038,-0.01150336361603967,-0.04936894091823669,0.024577092182725992,-0.024791848735510696,0.013073728566686323,1.3877787807814457e-17,0.0,0.0
2024-07-28,B2,-0.01178703137658362,0.02709222783849649,-0.023036602700781804,0.007731406238868934,-0.01530519646191287,0.034823634077365426,8.673617379884035e-19,0.0,0.0
2024-07-28,B3,0.022869508163625808,0.002670164434870318,-0.009925337866514339,-0.015614334731981788,-0.025539672598496127,-0.01294417029711147,-1.3010426069826053e-18,0.0,0.0
2024-07-28,B4,0.022058708187264874,-0.008673196292243912,-0.08567070192899474,0.07228519003397375,-0.01338551189502099,0.06361199374172984,-2.949029909160572e-17,0.0,0.0
2024-07-28,B5,-0.0010402219140083248,0.024503005085529356,-0.06760671906302973,0.04414393589150871,-0.02346278317152102,0.06864694097703807,1.0408340855860843e-17,0.0,0.0
2024-07-28,B6,0.0036290478319463797,-0.005655552032363622,-0.05731880007242327,0.05934530427284051,0.0020265042004172368,0.05368975224047689,-5.204170427930421e-18,0.0,0.0
2024-07-28,B7,-0.04853825279890442,-0.04714239904716094,0.06560694665957822,0.030073705186487144,0.09568065184606536,-0.0170686938606738,6.938893903907228e-18,0.0,0.0
2024-07-28,B8,-0.036843470739750105,-0.020731343185095005,0.06713605166629485,-0.009561237741449754,0.0575748139248451,-0.030292580926544757,-8.673617379884035e-18,0.0,0.0
2024-07-28,B9,0.017960653853795805,-0.00622501309901629,0.00920067232666914,-0.020936313081448645,-0.011735640754779505,-0.027161326180464934,1.0408340855860843e-17,0.0,0.0
2024-07-28,B10,0.03119018967394419,-0.08620888487765742,0.01139655320611999,0.04362214199759324,0.05501869520371323,-0.04258674288006418,0.0,0.0,0.0
2024-08-04,B1,-0.056443296287046286,0.07178394522144523,-0.008562791375291375,-0.006777857559107568,-0.015340648934398942,0.06500608766233766,-4.336808689942018e-18,0.0,0.0
2024-08-04,B2,-0.027623632886790782,-0.03350600042329366,0.09500555665969201,-0.033875923349607595,0.06112963331008442,-0.06738192377290125,-2.0816681711721685e-17,0.0,0.0
2024-08-04,B3,-0.0054589737129419665,0.0003905265810027689,-0.013920382968002019,0.018988830099941196,0.005068447131939177,0.019379356680943965,-2.0816681711721685e-17,0.0,0.0
2024-08-04,B4,0.02846577151661898,-0.012264693465872533,0.05620470416343667,-0.07240578221418309,-0.01620107805074642,-0.08467047568005562,2.6020852139652106e-17,0.0,0.0
2024-08-04,B5,-0.006108352431881842,0.0157128002716238,0.010628342245989306,-0.02023279008573127,-0.009604447839741964,-0.004519989814107471,-6.938893903907228e-18,0.0,0.0
2024-08-04,B6,-0.04913556560027737,0.027800458651295473,0.018611354204218427,0.0027237527447635007,0.021335106948981927,0.030524211396058973,3.165870343657673e-17,0.0,0.0
2024-08-04,B7,-0.007662906236275798,0.07435388434029741,-0.008881026883744265,-0.05780995122027733,-0.0666909781040216,0.01654393312002008,1.734723475976807e-17,0.0,0.0
2024-08-04,B8,0.07349689019364108,0.015241797913278062,-0.08573164200420519,-0.003007046102713963,-0.08873868810691915,0.012234751810564099,-4.7704895589362195e-18,0.0,0.0
2024-08-04,B9,0.023711313034988052,0.08018147281761143,0.03617250784548398,-0.14006529369808346,-0.10389278585259948,-0.05988382088047203,0.0,0.0,0.0
2024-08-04,B10,0.0335018479462924,0.014254264254264251,-0.03208057374724041,-0.015675538453316238,-0.047756112200556644,-0.0014212741990519868,3.469446951953614e-18,0.0,0.0
2024-08-11,B1,0.025439998530276307,0.0008943602693602705,0.023544973544973535,-0.04987933234461012,-0.02633435879963658,-0.04898497207524985,-3.469446951953614e-18,0.0,0.0
2024-08-11,B2,-0.008399635452267028,0.024761904761904766,-0.06738552610482436,0.05102325679518664,-0.016362269309637717,0.0757851615570914,2.0816681711721685e-17,0.0,0.0
2024-08-11,B3,0.006498257839721257,0.060540069686411145,-0.04485481997677119,-0.0221835075493612,-0.0670383275261324,0.038356562137049945,1.3010426069826053e-17,0.0,0.0
2024-08-11,B4,0.03243777932344484,0.0065107437121089,0.03902810784210101,-0.07797663087765479,-0.038948523035553774,-0.07146588716554589,-3.382710778154774e-17,0.0,0.0
2024-08-11,B5,0.04341229757896425,-0.030910293410293402,-0.01673881673881674,0.004236812570145905,-0.012502004168670835,-0.026673480840147496,9.540979117872439e-18,0.0,0.0
2024-08-11,B6,0.024806197522293613,-0.03310536268262767,0.000555241471640185,0.007743923688693895,0.00829916516033408,-0.025361438993933776,2.42861286636753e-17,0.0,0.0
2024-08-11,B7,-0.029844006568144503,0.0008562045507858303,0.12041402768003753,-0.0914262256626789,0.028987802017358635,-0.09057002111189306,-3.729655473350135e-17,0.0,0.0
2024-08-11,B8,-0.022424614858825378,0.06107396988975936,0.036295064584538274,-0.07494441961547225,-0.03864935503093398,-0.013870449725712893,3.469446951953614e-18,0.0,0.0
2024-08-11,B9,-0.012966378350993735,-0.018628095551172473,-0.051346801346801384,0.08294127524896758,0.031594473902166194,0.0643131796977951,-1.3877787807814457e-17,0.0,0.0
2024-08-11,B10,-0.09699374577417172,-0.015658463722189223,0.0867848475742323,0.025867361922128646,0.11265220949636094,0.010208898199939424,3.469446951953614e-18,0.0,0.0
2024-08-18,B1,-0.021337923210392854,-0.023110707612225834,-0.004308756358351484,0.048757387180970196,0.04444863082261871,0.025646679568744363,2.42861286636753e-17,0.0,0.0
2024-08-18,B2,0.003847045707915272,-0.018332887402452622,-0.0037786059351276723,0.018264447629665028,0.014485841694537356,-6.843977278759433e-05,5.204170427930421e-18,0.0,0.0
2024-08-18,B3,-0.046460317460317466,0.017075396825396823,0.07663888888888888,-0.047253968253968257,0.029384920634920625,-0.030178571428571433,-1.734723475976807e-17,0.0,0.0
2024-08-18,B4,-0.009896664082062107,0.01173541600404487,-0.012986550643469926,0.011147798721487169,-0.001838751921982757,0.02288321472553204,6.938893903907228e-18,0.0,0.0
2024-08-18,B5,-0.08281024531024528,0.00014029180695846865,-0.0044773128106461385,0.087147266313933,0.08266995350328686,0.08728755812089148,5.724587470723463e-17,0.0,0.0
2024-08-18,B6,-0.019065775608673948,-0.010566887450449092,0.03714895114498574,-0.007516288085862716,0.029632663059123023,-0.018083175536311807,-1.734723475976807e-17,0.0,0.0
2024-08-18,B7,0.05188669898176941,-0.03287274149950206,-0.0897943214844623,0.07078036400219496,-0.019013957482267335,0.0379076225026929,1.3877787807814457e-17,0.0,0.0
2024-08-18,B8,0.01267985389842931,-0.03819315577346302,0.01815101216288366,0.00736228971215005,0.025513301875033707,-0.030830866061312974,-3.469446951953614e-18,0.0,0.0
2024-08-18,B9,-0.03708541992880889,-0.02540894920227398,-0.0036384112250607828,0.06613278035614366,0.062494369131082875,0.04072383115386968,4.336808689942018e-18,0.0,0.0
2024-08-18,B10,0.033841996094960525,0.008883355121599636,-0.08447752379877228,0.04175217258221212,-0.04272535121656016,0.05063552770381176,0.0,0.0,0.0
2024-08-25,B1,0.029804554220442068,-0.020466177125055628,0.053686396677050885,-0.06302477377243731,-0.00933837709538643,-0.08349095089749295,1.0408340855860843e-17,0.0,0.0
2024-08-25,B2,-0.06618690133396017,-0.008856315253374075,0.12122468218056455,-0.04618146559323029,0.07504321658733426,-0.055037780846604364,1.3877787807814457e-17,0.0,0.0
2024-08-25,B3,0.03848346979721624,-0.029479896865683666,-0.11487425765568496,0.10587068472415237,-0.009003572931532589,0.0763907878584687,-1.734723475976807e-17,0.0,0.0
2024-08-25,B4,0.0033708211196004714,0.013839088693228713,-0.04964791288665825,0.03243800307382905,-0.017209909812829202,0.04627709176705776,-1.734723475976807e-17,0.0,0.0
2024-08-25,B5,-0.011444001543011444,0.04292357807209291,0.03727979940851228,-0.06875937593759375,-0.03147957652908147,-0.02583579786550084,0.0,0.0,0.0
2024-08-25,B6,0.04762559937667696,-0.011669350166117406,-0.048761320097527,0.012805070886967453,-0.035956249210559545,0.001135720720850046,6.938893903907228e-18,0.0,0.0
2024-08-25,B7,0.06245507637017071,0.061425576519916134,-0.07184411500449236,-0.052036537885594494,-0.12388065289008686,0.00938903863432164,-1.3877787807814457e-17,0.0,0.0
2024-08-25,B8,-0.012029710799507173,0.03174603174603173,-0.07416381616749262,0.05444749522096806,-0.019716320946524563,0.08619352696699979,-5.204170427930421e-18,0.0,0.0
2024-08-25,B9,-0.00244467370635595,0.04358336367682162,-0.025311526479750764,-0.015827163490714904,-0.04113868997046567,0.027756200186106715,8.673617379884035e-19,0.0,0.0
2024-08-25,B10,-0.06661879572096288,0.006472516131958856,-0.05138221943175503,0.11152849902075904,0.06014627958900401,0.1180010151527179,-1.5612511283791264e-17,0.0,0.0
2024-09-15,B1,0.01679924283474579,-0.03180635932115222,0.06953943492405032,-0.05453231843764388,0.015007116486406437,-0.08633867775879611,3.469446951953614e-18,0.0,0.0
2024-09-15,B2,-0.018884685286154078,0.006886402051640728,-0.0712580870781605,0.08325637031267383,0.011998283234513324,0.09014277236431456,-2.6020852139652106e-17,0.0,0.0
2024-09-15,B3,-0.07455259881730471,0.030100101423630846,0.116778455749044,-0.07232595835537013,0.044452497393673865,-0.04222585693173929,3.469446951953614e-18,0.0,0.0
2024-09-15,B4,-0.03861317893575958,0.007253141124108869,0.061627957864517,-0.030267920052866285,0.03136003781165071,-0.023014778928757414,2.6020852139652106e-18,0.0,0.0
2024-09-15,B5,0.021657881665554293,-0.0005789265201029915,-0.0043720384948006535,-0.016706916650650678,-0.02107895514545133,-0.01728584317075367,-3.0357660829594124e-17,0.0,0.0
2024-09-15,B6,0.061436200345875915,0.01382276574708478,-0.010004879412312793,-0.0652540866806479,-0.07525896609296069,-0.05143132093356312,0.0,0.0,0.0
2024-09-15,B7,0.07140656738382456,-0.012910396716826266,0.01144719251336899,-0.06994336318036729,-0.0584961706669983,-0.08285375989719355,-1.734723475976807e-18,0.0,0.0
2024-09-15,B8,-0.07727388123427727,0.09691782365049693,0.052536434962177546,-0.07218037737839718,-0.019643942416219633,0.024737446272099756,3.469446951953614e-17,0.0,0.0
2024-09-15,B9,-0.024811611411187682,0.03830128205128206,-0.014933724467622771,0.001444053827528411,-0.01348967064009436,0.039745335878810475,1.9081958235744878e-17,0.0,0.0
2024-09-15,B10,0.05223398244258012,0.048070119411793275,0.006047392326385373,-0.10635149418075876,-0.10030410185437338,-0.058281374768965485,4.336808689942018e-18,0.0,0.0
2024-09-22,B1,-0.04288842179015588,0.09421965317919075,-0.06537703625853913,0.014045804869504276,-0.05133123138903486,0.10826545804869503,6.938893903907228e-18,0.0,0.0
2024-09-22,B2,-0.016083975501957858,-0.036321771065236236,0.058904290685182596,-0.006498544117988499,0.0524057465671941,-0.04282031518322474,3.469446951953614e-18,0.0,0.0
2024-09-22,B3,0.05520411197023188,-0.037490417764739034,-0.11491666563074932,0.0972029714252565,-0.01771369420549282,0.05971255366051746,2.7755575615628914e-17,0.0,0.0
2024-09-22,B4,-0.04121855807598625,0.014140072897178443,0.007211565427113133,0.0198669197516947,0.027078485178807832,0.03400699264887314,2.7755575615628914e-17,0.0,0.0
2024-09-22,B5,0.036769480519480514,0.024344118525153006,-0.01749141662934767,-0.04362218241528583,-0.061113599044633496,-0.019278063890132823,2.0816681711721685e-17,0.0,0.0
2024-09-22,B6,-0.042138253732813574,0.030898256749081338,-5.5070085590544146e-05,0.011295067069322817,0.011239996983732273,0.042193323818404155,3.642919299551295e-17,0.0,0.0
2024-09-22,B7,-0.07789309455976122,0.03391605455097518,0.10874776311284248,-0.06477072310405643,0.04397704000878605,-0.03085466855308125,1.3877787807814457e-17,0.0,0.0
2024-09-22,B8,-0.01346860611566493,-0.031912890736420146,0.04537739929896793,4.097553117155157e-06,0.04538149685208509,-0.03190879318330299,1.1275702593849246e-17,0.0,0.0
2024-09-22,B9,-0.029123668209962636,-0.028498912255257434,0.114394488759971,-0.05677190829475094,0.057622580465220063,-0.08527082055000837,-6.938893903907228e-18,0.0,0.0
2024-09-22,B10,0.000317798070533868,0.00013265737601329125,0.06195318466683761,-0.06240364011338474,-0.000450455446547135,-0.06227098273737145,2.42861286636753e-17,0.0,0.0
2024-09-29,B1,0.03160617440920472,-0.02534965034965036,-0.07384896949290888,0.06759244543335452,-0.006256524059554361,0.04224279508370416,0.0,0.0,0.0
2024-09-29,B2,-0.03273966572879616,0.028979012935534676,-0.0767539682539682,0.08051462104722974,0.003760652793261543,0.10949363398276442,5.551115123125783e-17,0.0,0.0
2024-09-29,B3,-0.06831613791392216,0.013765526527555347,0.011799037562416863,0.04275157382394995,0.05455061138636681,0.0565171003515053,1.734723475976807e-18,0.0,0.0
2024-09-29,B4,0.0020767463367251473,-0.01111858692218989,0.07229436379913246,-0.06325252321366769,0.00904184058546477,-0.07437111013585758,2.6454533008646308e-17,0.0,0.0
2024-09-29,B5,-0.024974007070076923,0.025817123197035864,0.023482485491219115,-0.024325601618178042,-0.0008431161269589274,0.001491521578857822,1.3877787807814457e-17,0.0,0.0
2024-09-29,B6,-0.06203957821753574,-0.05135880652085218,-0.02398043579626518,0.1373788205346531,0.11339838473838793,0.08602001401380094,1.3877787807814457e-17,0.0,0.0
2024-09-29,B7,0.027978439688965996,0.07508182850288114,-0.16017163635584686,0.05711136816399976,-0.1030602681918471,0.1321931966668809,4.163336342344337e-17,0.0,0.0
2024-09-29,B8,-0.09186713892596246,0.033086667297193596,0.04738061471807601,0.011399856910692816,0.05878047162876883,0.044486524207886416,-3.8163916471489756e-17,0.0,0.0
2024-09-29,B9,0.0101266371758175,0.012850888605849778,-0.0717688460678107,0.048791320286143414,-0.022977525781667285,0.06164220889199319,-6.938893903907228e-18,0.0,0.0
2024-09-29,B10,-0.030588160954402994,-0.04782757051865332,-0.010406682842988579,0.0888224143160449,0.07841573147305632,0.04099484379739158,6.938893903907228e-18,0.0,0.0
2024-10-06,B1,0.05268462539430735,0.0003300972411583187,-0.0014024850747338825,-0.051612237560731807,-0.05301472263546569,-0.05128214031957349,-2.0816681711721685e-17,0.0,0.0
2024-10-06,B2,0.006359401468097129,-0.046561771561771555,0.0981018981018981,-0.057899528008223664,0.04020237009367443,-0.10446129956999523,5.204170427930421e-18,0.0,0.0
2024-10-06,B3,-0.019973169191919195,-0.06537698412698412,-0.03899993235930736,0.12435008567821068,0.08535015331890332,0.058973101551226564,6.938893903907228e-18,0.0,0.0
2024-10-06,B4,-0.014358543493460581,-0.006774668630338731,-0.06619861288171465,0.08733182500551394,0.02113321212379929,0.0805571563751752,-2.3418766925686896e-17,0.0,0.0
2024-10-06,B5,0.039033189033189024,-0.017316017316017323,-0.008756395120031478,-0.012960776597140213,-0.02171717171717169,-0.030276793913157535,1.0408340855860843e-17,0.0,0.0
2024-10-06,B6,0.016945569050832207,-0.0032497911445279895,-0.006896086369770576,-0.006799691536533655,-0.013695777906304232,-0.010049482681061645,-1.3877787807814457e-17,0.0,0.0
2024-10-06,B7,-0.03314132104454685,-0.051896654719235366,0.1486068441713603,-0.0635688684075781,0.0850379757637822,-0.11546552312681346,-6.938893903907228e-18,0.0,0.0
2024-10-06,B8,0.006843959880208152,0.0025249468234264188,-0.030930440778681,0.021561534075046455,-0.009368906703634546,0.024086480898472873,2.47198095326695e-17,0.0,0.0
2024-10-06,B9,0.002852305513711538,-0.004575352911077444,0.07435949989751997,-0.07263645250015406,0.0017230473973659094,-0.0772118054112315,3.469446951953614e-18,0.0,0.0
2024-10-06,B10,0.04121493864937681,0.046633749554437956,-0.061167649034157855,-0.02668103916965691,-0.08784868820381476,0.019952710384781046,0.0,0.0,0.0
2024-10-13,B1,-0.02772702504107463,-0.009214270577906945,-0.023544568379279127,0.06048586399826068,0.03694129561898156,0.05127159342035374,-1.734723475976807e-17,0.0,0.0
2024-10-13,B2,0.04798470228012155,0.010676348108413324,-0.059635743131244597,0.0009746927427097306,-0.05866105038853486,0.011651040851123055,6.071532165918825e-18,0.0,0.0
2024-10-13,B3,0.04037414965986395,-0.014061624649859945,0.09616006402561025,-0.1224725890356143,-0.026312525010004043,-0.13653421368547425,-3.469446951953614e-17,0.0,0.0
2024-10-13,B4,-0.04251927771931968,0.0037853360802231183,0.07903358291394241,-0.04029964127484587,0.03873394163909654,-0.03651430519462275,-2.2551405187698492e-17,0.0,0.0
2024-10-13,B5,-0.046859227114004184,0.011356283490041454,0.08674183212399772,-0.05123888850003498,0.03550294362396274,-0.03988260500999353,6.938893903907228e-18,0.0,0.0
2024-10-13,B6,-0.006992606313258491,0.002262855387855386,0.12925677477307915,-0.124527023847676,0.004729750925403148,-0.12226416845982062,4.2500725161431774e-17,0.0,0.0
2024-10-13,B7,0.05403257332394936,0.02385957363287737,-0.09772761375171017,0.019835466794883405,-0.07789214695682677,0.043695040427760776,-3.469446951953614e-17,0.0,0.0
2024-10-13,B8,0.04364643655772085,-0.017303266977655784,-0.0244098385472358,-0.0019333310328292653,-0.026343169580065065,-0.01923659801048505,1.734723475976807e-18,0.0,0.0
2024-10-13,B9,0.027553005904455176,0.07598104056437388,-0.11691492216854538,0.013380875699716287,-0.10353404646882909,0.08936191626409017,-3.2959746043559335e-17,0.0,0.0
2024-10-13,B10,0.0012590515194681896,0.026940276159026156,-0.04246438842793011,0.014265060749435749,-0.028199327678494358,0.041205336908461905,-1.214306433183765e-17,0.0,0.0
2024-10-20,B1,0.039467983939137787,0.01454811214426599,0.04170100732600733,-0.0957171034094111,-0.05401609608340377,-0.08116899126514511,6.938893903907228e-18,0.0,0.0
2024-10-20,B2,-0.020361624809299216,0.0052170600717112384,0.0042252805334200665,0.010919284204167934,0.015144564737588,0.01613634427587917,2.2551405187698492e-17,0.0,0.0
2024-10-20,B3,-0.045986837262952454,0.0665829600894536,-0.0428517516321017,0.02225562880560058,-0.02059612282650112,0.08883858889505417,2.0816681711721685e-17,0.0,0.0
2024-10-20,B4,0.04464585636862402,-0.00871420408587309,-0.040922982355894935,0.004991330073144017,-0.035931652282750914,-0.0037228740127290723,1.0408340855860843e-17,0.0,0.0
2024-10-20,B5,0.07043819655521782,-0.023271276595744683,-0.1209397163120567,0.07377279635258356,-0.04716691995947314,0.05050151975683888,0.0,0.0,0.0
2024-10-20,B6,0.046631517798710234,0.0014120474688298049,-0.053085473937208964,0.00504190866966894,-0.04804356526754002,0.006453956138498746,1.5178830414797062e-17,0.0,0.0
2024-10-20,B7,-0.025244547119547125,-0.01856310356310356,0.046796328671328685,-0.0029886779886779923,0.04380765068265069,-0.021551781551781553,6.938893903907228e-18,0.0,0.0
2024-10-20,B8,-0.02460028900443785,-0.015768708025093083,0.05310758878700121,-0.012738591757470297,0.040368997029530916,-0.028507299782563382,-1.9081958235744878e-17,0.0,0.0
2024-10-20,B9,-0.04082304417380092,-0.04581329369127779,0.10071564434792485,-0.014079306482846131,0.08663633786507871,-0.05989260017412392,6.938893903907228e-18,0.0,0.0
2024-10-20,B10,-0.02669454523092061,-0.025162044154726032,0.06386282106471515,-0.012006231679068544,0.051856589385646606,-0.037168275833794576,-3.469446951953614e-17,0.0,0.0
2024-10-27,B1,-0.03633111133111134,-0.014118184118184128,0.0322045672045672,0.018244728244728246,0.050449295449295446,0.004126544126544118,-2.0816681711721685e-17,0.0,0.0
2024-10-27,B2,-0.014359255048910228,0.010620745793159588,0.015325389808148425,-0.011586880552397795,0.00373850925575063,-0.0009661347592382075,-1.0408340855860843e-17,0.0,0.0
2024-10-27,B3,0.036526778065239615,-0.01294594294594294,-0.01322566322566323,-0.010355171893633434,-0.023580835119296664,-0.023301114839576375,1.0408340855860843e-17,0.0,0.0
2024-10-27,B4,0.027603236249852788,0.0035956141219299098,0.03452387550131912,-0.0657227258731018,-0.031198850371782674,-0.06212711175117189,2.2985086056692694e-17,0.0,0.0
2024-10-27,B5,-0.02473467256075952,0.008708708708708709,0.08940699592873506,-0.07338103207668425,0.01602596385205081,-0.06467232336797554,-3.469446951953614e-18,0.0,0.0
2024-10-27,B6,-0.02248076371904992,0.036693533031867016,-0.012954215460604802,-0.0012585538522123015,-0.014212769312817104,0.03543497917965471,-8.673617379884035e-18,0.0,0.0
2024-10-27,B7,0.11714354899286405,0.017703453319891677,-0.09187323331158946,-0.04297376900116626,-0.1348470023127557,-0.02527031568127458,1.3877787807814457e-17,0.0,0.0
2024-10-27,B8,0.10076006674518259,-0.03698595979745282,-0.05197313619325281,-0.011800970754476978,-0.0637741069477298,-0.0487869305519298,-1.734723475976807e-17,0.0,0.0
2024-10-27,B9,0.026821531581593498,0.015348581873349676,-0.07355293055757452,0.03138281710263134,-0.042170113454943176,0.04673139897598102,-1.734723475976807e-18,0.0,0.0
2024-10-27,B10,0.04400261877524336,-0.01680051849617796,-0.021725989709235352,-0.005476110569830054,-0.027202100279065406,-0.022276629066008014,-3.469446951953614e-18,0.0,0.0
2024-11-03,B1,0.11960911097875207,0.03282312154445754,-0.012166692563003626,-0.14026553996020602,-0.15243223252320964,-0.10744241841574848,-3.8163916471489756e-17,0.0,0.0
2024-11-03,B2,0.006960574148074151,0.009028044604967683,0.0039130741053818065,-0.019901692858423626,-0.01598861875304182,-0.010873648253455943,1.3877787807814457e-17,0.0,0.0
2024-11-03,B3,-0.023423862298542604,-0.029313319530710837,0.04038620279029487,0.01235097903895856,0.052737181829253424,-0.016962340491752277,-1.3877787807814457e-17,0.0,0.0
2024-11-03,B4,-0.024312707413668953,0.014321962759462764,-0.024848666290973986,0.03483941094518018,0.009990744654206192,0.04916137370464294,3.469446951953614e-18,0.0,0.0
2024-11-03,B5,0.0007440476190476164,0.06170763760049475,-0.05634662956091527,-0.006105055658627102,-0.06245168521954237,0.055602581941867645,-6.938893903907228e-18,0.0,0.0
2024-11-03,B6,-0.00329040797170171,0.0019311436939581515,0.00032645621826632746,0.0010328080594772422,0.0013592642777435697,0.0029639517534353938,1.1275702593849246e-17,0.0,0.0
2024-11-03,B7,-0.1466258009555909,-0.04485119819252566,0.135609960862748,0.0558670382853686,0.1914769991481166,0.01101584009284294,4.163336342344337e-17,0.0,0.0
2024-11-03,B8,-0.08044126204487774,0.018598975328135023,0.0851075030686681,-0.02326521635192542,0.061842286716742675,-0.004666241023790398,-3.8163916471489756e-17,0.0,0.0
2024-11-03,B9,-0.021743920036602964,0.0020075317636293237,-0.007670784500052801,0.02740717277302643,0.01973638827297363,0.029414704536655754,-9.540979117872439e-18,0.0,0.0
2024-11-03,B10,-0.05291832737032513,-0.0150801893726422,0.05060304560165827,0.017395471141309106,0.06799851674296738,0.002315281768666907,4.5102810375396984e-17,0.0,0.0
2024-11-10,B1,0.006642901235485343,-0.033245593957427336,-0.052840927669263675,0.07944362039120569,0.02660269272194201,0.04619802643377835,1.734723475976807e-17,0.0,0.0
2024-11-10,B2,0.016222934881023117,-0.024829793028322444,-0.06976887661630309,0.07837573476360242,0.008606858147299334,0.053545941735279975,6.938893903907228e-18,0.0,0.0
2024-11-10,B3,-0.025049820645675572,-0.013000816109624396,0.0796426048045219,-0.04159196804922195,0.038050636755299946,-0.05459278415884635,-2.2551405187698492e-17,0.0,0.0
2024-11-10,B4,-0.008679940784115898,-0.012098886412925126,-0.009177512157264686,0.029956339354305698,0.02077882719704101,0.017857452941380574,-1.214306433183765e-17,0.0,0.0
2024-11-10,B5,0.017725590835755173,-0.027015437392795882,0.00014147649874977908,0.00914837005829093,0.00928984655704071,-0.017867067334504952,0.0,0.0,0.0
2024-11-10,B6,-0.05928131259287976,0.019240950281062222,0.07610022129611681,-0.03605985898429928,0.040040362311817526,-0.01681890870323706,-1.3877787807814457e-17,0.0,0.0
2024-11-10,B7,0.0726407105439364,-0.0039042498719918063,-0.10150064988774661,0.0327641892158021,-0.06873646067194451,0.02885993934381029,7.37257477290143e-17,0.0,0.0
2024-11-10,B8,-0.031259359089547765,0.020405310971348706,-0.09147449336128581,0.10232854147948484,0.010854048118199025,0.12273385245083354,-3.469446951953614e-17,0.0,0.0
2024-11-10,B9,0.0351037851037851,-0.03892696962003892,-0.006198696792756201,0.01002188130901002,0.0038231845162538195,-0.0289050883110289,-5.204170427930421e-18,0.0,0.0
2024-11-10,B10,0.0004632116004296379,0.012078062219039658,-0.02101338076432062,0.0084721069448513,-0.01254127381946932,0.020550169163890956,-2.2768245622195593e-17,0.0,0.0
2024-11-17,B1,-0.06193081609748277,-0.01511544011544012,-0.006439393939393934,0.0834856501523168,0.07704625621292287,0.06837021003687668,-1.9081958235744878e-17,0.0,0.0
2024-11-17,B2,0.009756752164159561,0.02070503570503571,-0.03137421791742778,0.0009124300482325313,-0.03046178786919525,0.021617465753268242,2.0816681711721685e-17,0.0,0.0
2024-11-17,B3,-0.018812133801058242,0.0365063888445626,-0.10180391435621555,0.08410965931271125,-0.017694255043504303,0.12061604815727385,5.551115123125783e-17,0.0,0.0
2024-11-17,B4,-0.03534844368177702,-0.003527878527878529,0.007481290814624148,0.031395031395031386,0.038876322209655534,0.027867152867152856,-1.1275702593849246e-17,0.0,0.0
2024-11-17,B5,0.015901609080019877,0.005562149480815147,-0.01565635832877212,-0.005807400232062897,-0.021463758560835017,-0.00024525075124775045,6.938893903907228e-18,0.0,0.0
2024-11-17,B6,-0.023431275514608847,0.003143923977257313,0.012941891161588134,0.007345460375763401,0.020287351537351533,0.010489384353020714,1.734723475976807e-18,0.0,0.0
2024-11-17,B7,-0.06395080340445022,0.06315407808862256,0.02306114270447692,-0.02226441738864928,0.00079672531582764,0.040889660699973275,-2.7755575615628914e-17,0.0,0.0
2024-11-17,B8,0.017158086205705254,-0.037755097675732596,0.038075185955302904,-0.017478174485275562,0.020597011470027342,-0.05523327216100816,0.0,0.0,0.0
2024-11-17,B9,-0.025189087546066958,0.00045766590389016227,0.061788005409286896,-0.0370565837671101,0.024731421642176794,-0.03659891786321994,-1.3010426069826053e-18,0.0,0.0
2024-11-17,B10,-0.0013703562232973954,-0.00887436456063907,0.034864258834847076,-0.024619538050910595,0.01024472078393648,-0.033493902611549664,1.431146867680866e-17,0.0,0.0
2024-12-01,B1,-0.0006407071980842408,-0.00445024010597781,0.004554689390754968,0.0005362579133071019,0.00509094730406207,-0.003913982192670708,1.9081958235744878e-17,0.0,0.0
2024-12-01,B2,-0.0978753389467675,-0.007840968555254268,0.010383267526124666,0.09533303997589714,0.1057163075020218,0.08749207142064287,2.949029909160572e-17,0.0,0.0
2024-12-01,B3,0.01061448734083005,0.010576001624594975,0.02569238408965605,-0.04688287305508107,-0.02119048896542502,-0.036306871430486096,3.469446951953614e-18,0.0,0.0
2024-12-01,B4,-0.04243665642511595,-0.012695775984812533,-0.06091000177378912,0.1160424341837176,0.055132432409928475,0.10334665819890507,-1.0408340855860843e-17,0.0,0.0
2024-12-01,B5,-0.07970714527990069,-0.050457359977483816,-0.03095484494865301,0.1611193502060375,0.1301645052573845,0.11066199022855366,-3.122502256758253e-17,0.0,0.0
2024-12-01,B6,0.02739882429473819,0.015441959531416399,-0.041395865498774526,-0.0014449183273800748,-0.0428407838261546,0.013997041204036324,-1.0842021724855044e-17,0.0,0.0
2024-12-01,B7,0.04740407272052841,-0.05771819600933524,-0.030333379700468305,0.040647502989275136,0.01031412328880683,-0.017070693020060104,3.469446951953614e-18,0.0,0.0
2024-12-01,B8,-0.01911577831310272,0.04274524249440637,-0.013971786296201015,-0.00965767788510263,-0.023629464181303645,0.033087564609303746,6.938893903907228e-18,0.0,0.0
2024-12-01,B9,0.1768348282603027,-0.024911420637578136,0.00856837254954975,-0.1604917801722743,-0.15192340762272455,-0.18540320080985245,3.469446951953614e-18,0.0,0.0
2024-12-01,B10,-0.04200672938983868,0.0007077960029450462,0.044907621357796704,-0.0036086879709030456,0.04129893338689366,-0.0029008919679579994,2.2551405187698492e-17,0.0,0.0
2024-12-08,B1,0.0128221871238631,0.006703910614525137,-0.009405492087056327,-0.010120605651331901,-0.019526097738388228,-0.003416695036806764,9.540979117872439e-18,0.0,0.0
2024-12-08,B2,-0.06191406077030031,-0.01883226912983283,0.030363748003695932,0.050382581896437205,0.08074632990013314,0.031550312766604374,-3.469446951953614e-18,0.0,0.0
2024-12-08,B3,0.04977564102564103,-0.004296016483516484,-0.0808974358974359,0.03541781135531133,-0.045479624542124564,0.031121794871794846,-1.474514954580286e-17,0.0,0.0
2024-12-08,B4,0.14370914465888743,0.0009787177080410147,-0.014097210456529816,-0.13059065191039862,-0.14468786236692843,-0.12961193420235761,6.5052130349130266e-18,0.0,0.0
2024-12-08,B5,0.09869620868262174,0.011986278296802013,-0.0052254830972716295,-0.10545700388215211,-0.11068248697942373,-0.09347072558535009,1.9081958235744878e-17,0.0,0.0
2024-12-08,B6,0.023881018267198562,-0.014978855879977904,-0.02928533217499007,0.020383169787769412,-0.008902162387220657,0.005404313907791508,1.734723475976807e-18,0.0,0.0
2024-12-08,B7,-0.02001210791176359,-0.02435098650051921,0.06417445482866044,-0.019811360416377634,0.044363094412282804,-0.04416234691689684,3.469446951953614e-18,0.0,0.0
2024-12-08,B8,-0.03476047458645447,-0.04796372917437386,0.03865135671959938,0.044072847041228914,0.08272420376082829,-0.0038908821331449447,-3.469446951953614e-17,0.0,0.0
2024-12-08,B9,-0.1222326319341245,0.04720840243228303,-0.005662165363657905,0.08068639486549936,0.07502422950184146,0.1278947972977824,-6.071532165918825e-18,0.0,0.0
2024-12-08,B10,-0.03134458783581591,-0.020562179860425474,0.002218522218522215,0.04968824547771916,0.05190676769624138,0.029126065617293688,-6.5052130349130266e-18,0.0,0.0
2024-12-15,B1,-0.005669508140438376,0.07515935292098085,0.03948783774365171,-0.10897768252419415,-0.06948984478054245,-0.03381832960321331,2.42861286636753e-17,0.0,0.0
2024-12-15,B2,0.05643543366215431,0.06529377055692848,0.026147637787313917,-0.1478768420063967,-0.12172920421908279,-0.08258307144946822,6.938893903907228e-18,0.0,0.0
2024-12-15,B3,-0.054812779812779815,0.020483193277310928,0.07061935885465295,-0.036289772319184094,0.03432958653546886,-0.015806579041873166,-2.7755575615628914e-17,0.0,0.0
2024-12-15,B4,-0.032043114944978655,0.0011073955380886081,0.035679808446261556,-0.004744089039371498,0.030935719406890057,-0.00363669350128289,1.0408340855860843e-17,0.0,0.0
2024-12-15,B5,-0.022557204700061846,0.006448842163127877,-0.015402322545179696,0.03151068508211366,0.016108362536933964,0.037959527245241535,-5.204170427930421e-18,0.0,0.0
2024-12-15,B6,-0.03639446348714927,0.08389464009287927,-0.02181913116123643,-0.025681045444493587,-0.04750017660573001,0.05821359464838568,-1.734723475976807e-17,0.0,0.0
2024-12-15,B7,0.04824452003023432,0.03013210334638906,-0.09665361093932523,0.018276987562701862,-0.07837662337662336,0.04840909090909092,1.3877787807814457e-17,0.0,0.0
2024-12-15,B8,0.03276829131488716,0.005798977566239761,-0.017849861657201118,-0.02071740722392582,-0.03856726888112694,-0.014918429657686059,-1.3010426069826053e-17,0.0,0.0
2024-12-15,B9,0.017805756904594103,-0.030494731366824387,0.026901909460049,-0.014212934997818727,0.012688974462230274,-0.044707666364643114,-1.0408340855860843e-17,0.0,0.0
2024-12-15,B10,0.03412991244104823,0.029414390161707958,-0.05860544068091238,-0.004938861921843804,-0.06354430260275618,0.024475528239864153,8.673617379884035e-18,0.0,0.0
2024-12-29,B1,0.03441468253968254,0.023214577497665742,0.012371323529411773,-0.07000058356676005,-0.05762926003734827,-0.046786006069094305,5.204170427930421e-18,0.0,0.0
2024-12-29,B2,-0.03273703860242322,-0.04717643467643469,-0.07023504273504275,0.15014851601390064,0.0799134732788579,0.10297208133746595,-1.3877787807814457e-17,0.0,0.0
2024-12-29,B3,-0.025593295593295592,0.013614163614163611,0.05506715506715507,-0.043088023088023106,0.011979131979131967,-0.029473859473859495,-1.3877787807814457e-17,0.0,0.0
2024-12-29,B4,0.054100414077279314,0.003917056852279523,0.05729291593953248,-0.11531038686909131,-0.058017470929558834,-0.11139333001681179,3.469446951953614e-18,0.0,0.0
2024-12-29,B5,-0.038673216380222745,-0.02108146630439623,0.023639258830341646,0.036115423854277365,0.05975468268461901,0.015033957549881134,3.469446951953614e-17,0.0,0.0
2024-12-29,B6,0.0879615933187362,0.03903301492587208,-0.07682171967886252,-0.05017288856574572,-0.12699460824460823,-0.011139873639873642,3.469446951953614e-17,0.0,0.0
2024-12-29,B7,0.0,0.0,0.0,0.0,0.0,0.0,0.0,0.0,0.0
2024-12-29,B8,0.0,0.0,0.0,0.0,0.0,0.0,0.0,0.0,0.0
2024-12-29,B9,0.0,0.0,0.0,0.0,0.0,0.0,0.0,0.0,0.0
2024-12-29,B10,0.0,0.0,0.0,0.0,0.0,0.0,0.0,0.0,0.0
